# Resource object code (Python 3)
# Created by: object code
# Created by: The Resource Compiler for Qt version 6.10.2
# WARNING! All changes made in this file will be lost!

from PySide6 import QtCore

qt_resource_data = b"\
\x00\x00m\x9b\
\x89\
PNG\x0d\x0a\x1a\x0a\x00\x00\x00\x0dIHDR\x00\
\x00\x03\xc0\x00\x00\x02X\x08\x06\x00\x00\x00\xad\x94\x8f\x01\
\x00\x00mbIDATx\x9c\xed\xdd\x05t\x14\xe7\
\xd7\xc7\xf1Y\x8b\x07\x09\x04\x09\xee\x1e\xdc\xddiq)\
\xb4\xa5-\xb4\x85\x96\xe2\xf5\x7f\xdd\xde:\x15\x0a\x14Z\
\xa4Xqw\x97B\xb1\x04w)\xee\x12,!\xb6\xbb\
y\xcf\x9dd\x96MHBd\x13\x08\xf3\xfd\x9c\xb3'\
Y\x9b\x99\x9dM\xcb\xfe\xf6>\xcf}\x0c\x85\x8b\x94\x8e\
Q\x00\x00\x00\x00\x00x\xc2\x19\x1f\xf5\x01\x00\x00\x00\x00\
\x00\x90\x19\x08\xc0\x00\x00\x00\x00\x00] \x00\x03\x00\x00\
\x00\x00t\x81\x00\x0c\x00\x00\x00\x00\xd0\x05\x020\x00\x00\
\x00\x00@\x17\x08\xc0\x00\x00\x00\x00\x00] \x00\x03\x00\
\x00\x00\x00t\x81\x00\x0c\x00\x00\x00\x00\xd0\x05\x020\x00\
\x00\x00\x00@\x17\x08\xc0\x00\x00\x00\x00\x00] \x00\x03\
\x00\x00\x00\x00t\x81\x00\x0c\x00\x00\x00\x00\xd0\x05\x020\
\x00\x00\x00\x00@\x17\x08\xc0\x00\x00\x00\x00\x00] \x00\
\x03\x00\x00\x00\x00t\x81\x00\x0c\x00\x00\x00\x00\xd0\x05\x02\
0\x00\x00\x00\x00@\x17\x08\xc0\x00\x00\x00\x00\x00] \
\x00\x03\x00\x00\x00\x00t\x81\x00\x0c\x00\x00\x00\x00\xd0\x05\
\x020\x00\x00\x00\x00@\x17\x08\xc0\x00\x00\x00\x00\x00]\
 \x00\x03\x00\x00\x00\x00t\x81\x00\x0c\x00\x00\x00\x00\xd0\
\x05\x020\x00\x00\x00\x00@\x17\x08\xc0\x00\x00\x00\x00\x00\
] \x00\x03\x00\x00\x00\x00t\x81\x00\x0c\x00\x00\x00\x00\
\xd0\x05\x020\x00\x00\x00\x00@\x17\x08\xc0\x00\x00\x00\x00\
\x00] \x00\x03\x00\x00\x00\x00t\x81\x00\x0c\x00\x00\x00\
\x00\xd0\x05\x020\x00\x00\x00\x00@\x17\x08\xc0\x00\x00\x00\
\x00\x00] \x00\x03\x00\x00\x00\x00t\x81\x00\x0c\x00\x00\
\x00\x00\xd0\x05\x020\x00\x00\x00\x00@\x17\x08\xc0\x00\x00\
\x00\x00\x00] \x00\x03\x00\x00\x00\x00t\x81\x00\x0c\x00\
\x00\x00\x00\xd0\x05\x020\x00\x00\x00\x00@\x17\x08\xc0\x00\
\x00\x00\x00\x00] \x00\x03\x00\x00\x00\x00t\x81\x00\x0c\
\x00\x00\x00\x00\xd0\x05\x020\x00\x00\x00\x00@\x17\x08\xc0\
\x00\x00\x00\x00\x00] \x00\x03\x00\x00\x00\x00t\x81\x00\
\x0c\x00\x00\x00\x00\xd0\x05\x020\x00\x00\x00\x00@\x17\x08\
\xc0\x00\x00\x00\x00\x00] \x00\x03\x00\x00\x00\x00t\x81\
\x00\x0c\x00\x00\x00\x00\xd0\x05\x020\x00\x00\x00\x00@\x17\
\x08\xc0\x00\x00\x00\x00\x00] \x00\x03\x00\x00\x00\x00t\
\x81\x00\x0c\x00\x00\x00\x00\xd0\x05\x020\x00\x00\x00\x00@\
\x17\x08\xc0\x00\x00\x00\x00\x00] \x00\x03\x00\x00\x00\x00\
t\x81\x00\x0c\x00\x00\x00\x00\xd0\x05\x020\x00\x00\x00\x00\
@\x17\x08\xc0\x00\x00\x00\x00\x00] \x00\x03\x00\x00\x00\
\x00t\x81\x00\x0c\x00\x00\x00\x00\xd0\x05\x020\x00\x00\x00\
\x00@\x17\x08\xc0\x00\x00\x00\x00\x00] \x00\x03\x00\x00\
\x00\x00t\x81\x00\x0c\x00\x00\x00\x00\xd0\x05\x020\x00\x00\
\x00\x00@\x17\x08\xc0\x00\x00\x00\x00\x00] \x00\x03\x00\
\x00\x00\x00t\x81\x00\x0c\x00\x00\x00\x00\xd0\x05\x020\x00\
\x00\x00\x00@\x17\x08\xc0\x00\x00\x00\x00\x00] \x00\x03\
\x00\x00\x00\x00t\x81\x00\x0c\x00\x00\x00\x00\xd0\x05\x020\
\x00\x00\x00\x00@\x17\x08\xc0\x00\x00\x00\x00\x00] \x00\
\x03\x00\x00\x00\x00t\x81\x00\x0c\x00\x00\x00\x00\xd0\x05\x02\
0\x00\x00\x00\x00@\x17\x08\xc0\x00\x00\x00\x00\x00] \
\x00\x03\x00\x00\x00\x00t\x81\x00\x0c\x00\x00\x00\x00\xd0\x05\
\x020\x00\x00\x00\x00@\x17\x08\xc0\x00\x00\x00\x00\x00]\
 \x00\x03\x00\x00\x00\x00t\x81\x00\x0c\x00\x00\x00\x00\xd0\
\x05\x020\x00\x00\x00\x00@\x17\x08\xc0\x00\x00\x00\x00\x00\
] \x00\x03\x00\x00\x00\x00t\x81\x00\x0c\x00\x00\x00\x00\
\xd0\x05\x020\x00\x00\x00\x00@\x17\x08\xc0\x00\x00\x00\x00\
\x00] \x00\x03\x00\x00\x00\x00t\x81\x00\x0c\x00\x00\x00\
\x00\xd0\x05\x020\x00\x00\x00\x00@\x17\x08\xc0\x00\x00\x00\
\x00\x00] \x00\x03\x00\x00\x00\x00t\x81\x00\x0c\x00\x00\
\x00\x00\xd0\x05\x020\x00\x00\x00\x00@\x17\x08\xc0\x00\x00\
\x00\x00\x00] \x00\x03\x00\x00\x00\x00t\x81\x00\x0c\x00\
\x00\x00\x00\xd0\x05\x020\x00\x00\x00\x00@\x17\x08\xc0\x00\
\x00\x00\x00\x00] \x00\x03\x00\x00\x00\x00t\x81\x00\x0c\
\x00\x00\x00\x00\xd0\x05\x020\x00\x00\x00\x00@\x17\x08\xc0\
\x00\x00\x00\x00\x00] \x00\x03\x00\x00\x00\x00t\x81\x00\
\x0c\x00\x00\x00\x00\xd0\x05\x020\x00\x00\x00\x00@\x17\x08\
\xc0\x00\x00\x00\x00\x00] \x00\x03\x00\x00\x00\x00t\x81\
\x00\x0c\x00\x00\x00\x00\xd0\x05\x020\x00\x00\x00\x00@\x17\
\x08\xc0\x00\x00\x00\x00\x00] \x00\x03\x00\x00\x00\x00t\
\x81\x00\x0c\x00\x00\x00\x00\xd0\x05\x020\x00\x00\x00\x00@\
\x17\x08\xc0\x00\x00\x00\x00\x00] \x00\x03\x00\x00\x00\x00\
t\x81\x00\x0c\x00\x00\x00\x00\xd0\x05\x020\x00\x00\x00\x00\
@\x17\x08\xc0\x00\x00\x00\x00\x00] \x00\x03\x00\x00\x00\
\x00t\x81\x00\x0c\x00\x00\x00\x00\xd0\x05\x020\x00\x00\x00\
\x00@\x17\x08\xc0\x00\x00\x00\x00\x00] \x00\x03\x00\x00\
\x00\x00t\x81\x00\x0c\x00\x00\x00\x00\xd0\x05\x020\x00\x00\
\x00\x00@\x17\x08\xc0\x00\x00\x00\x00\x00] \x00\x03\x00\
\x00\x00\x00t\x81\x00\x0c\x00\x00\x00\x00\xd0\x05\x020\x00\
\x00\x00\x00@\x17\x08\xc0\x00\x00\x00\x00\x00] \x00\x03\
\x00\x00\x00\x00t\x81\x00\x0c\x00\x00\x00\x00\xd0\x05\x020\
\x00\x00\x00\x00@\x17\x08\xc0\x00\x00\x00\x00\x00] \x00\
\x03\x00\x00\x00\x00t\x81\x00\x0c\x00\x00\x00\x00\xd0\x05\x02\
0\x00\x00\x00\x00@\x17\x08\xc0\x00\x00\x00\x00\x00] \
\x00\x03\x00\x00\x00\x00t\x81\x00\x0c\x00\x00\x00\x00\xd0\x05\
\x020\x00\x00\x00\x00@\x17\x08\xc0\x00\x00\x00\x00\x00]\
 \x00\x03\x00\x00\x00\x00t\x81\x00\x0c\x00\x00\x00\x00\xd0\
\x05\x020\x00\x00\x00\x00@\x17\x08\xc0\x00\x00\x00\x00\x00\
] \x00\x03\x00\x00\x00\x00t\x81\x00\x0c\x00\x00\x00\x00\
\xd0\x05\x020\x00\x00\x00\x00@\x17\x08\xc0\x00\x00\x00\x00\
\x00] \x00\x03\x00\x00\x00\x00t\x81\x00\x0c\x00\x00\x00\
\x00\xd0\x05\x020\x00\x00\x00\x00@\x17\x08\xc0\x00\x00\x00\
\x00\x00] \x00\x03\x00\x00\x00\x00t\x81\x00\x0c\x00\x00\
\x00\x00\xd0\x05\x020\x00\x00\x00\x00@\x17\x08\xc0\x00\x00\
\x00\x00\x00] \x00\x03\x00\x00\x00\x00t\x81\x00\x0c\x00\
\x00\x00\x00\xd0\x05\x020\x00\x00\x00\x00@\x17\x08\xc0\x00\
\x00\x00\x00\x00] \x00\x03\x00\x00\x00\x00t\x81\x00\x0c\
\x00\x00\x00\x00\xd0\x05\x020\x00\x00\x00\x00@\x17\x08\xc0\
\x00\x00\x00\x00\x00] \x00\x03\x00\x00\x00\x00t\x81\x00\
\x0c\x00\x00\x00\x00\xd0\x05\x020\x00\x00\x00\x00@\x17\x08\
\xc0\x00\x00\x00\x00\x00] \x00\x03\x00\x00\x00\x00t\x81\
\x00\x0c\x00\x00\x00\x00\xd0\x05\x020\x00\x00\xae\x13\xc3\xc9\
\x04\x00\xe0\xf1e~\xd4\x07\x00\x00@Ve0\x18b\
\x8cF\x83M~\xb3\xdb\xed\xc6\x98\x98\x18\x83\xdcn4\
\x1a\xedF\xa3\xc1\x1e\x13\xa3\x18l6\x9b\xe9Q\x1f'\
\x00\x00\x88E\x00\x06\x00 \x0dL&\x93M\xc2\xad\xcd\
\x16\xf3\xc0\xbf\xa5\x12\x86\xed\xf6\xd8QV\x12\x92\xe5\x22\
\xb7q\xa2\x01\x00x\xb4\x08\xc0\x00\x00\xa4\x82\x84Y\xf9\
)\xe1\xd7\xd7\xd7\xf7v\xa3F\x0d\x0e6lX\xcf^\
\xaad\xc9\x1c\xee\x1e\xee\x1eJ\x8cb\xbfy\xf3f\xe8\
\xde}\xfb\xef\xac^\xbd6\xf7\xde\xbd\xfb+JeX\
\x0b\xcc\x9cl\x00\x00\x1e\x1dC\xe1\x22\xa5\x99\xaf\x04\x00\
@J\xfe\xd14\xc8\xb0\xe6\x18\xb5\x92\xfb\xd2K=\xff\
y\xa3_\x9fR\x01\x01\x01\xf9\x93{\xce?\xffl\xde\
\xf5\xe3\x8f\xbf\xb8\xef\xdb\x7f\xa0\x02!\x18\x00\x80G\x8b\
\x00\x0c\x00@J\xfe\xc14\x18b\xa4\x92\x9b#G\xf6\
\x9b?\xfe\xf0\xcd\xf1V\xadZ\xd4\x92\xdb\xa5\xac\x1b\x13\
\xa3\xc4\x18\x0c\xf2\x10\x83:\x07X\x1e(\xb7\x99LF\
\x93\xdc\x16\x15\x15\x15\xfd\xc5\x17\xdfl\x9d\xfa\xf7\xf4F\
\x84`\x00\x00\x1e\x1d\x020\x00\x00\x0f\xfb\xc72n\x1e\
\xaf\x9b\x9b%b\xc6\xf4\xc9\xa7\xaaV\xadR\xc1j\xb5\
F\x1b\x0c\x06\xb3\xc9dRCoR$ \x1b\x8dF\
\xa3\x04\xe1\xaf\xfe\xef\xdb\x8d\xe3\xc6MlL\x08\x06\x00\
\xe0\xd1\xa0!\x07\x00\x00\x0f\xfb\xc7\xd2h\xb4K\x13\xab\
\xcf?\xffx\x97\x84\xdf\xe8\xe8\xe8(\xb3\xd9lyX\
\xf8\x15&\x93\xc9d\xb7\xdb\x15\xab\xd5f\xfd\xf8\xa3\xff\
5\xae[\xb7\xf6n\x99\x0b,!\x98\x13\x0f\x00@\xe6\
\x22\x00\x03\x00\x90\x0c\xadZ[\xbbv\xcd=\xcf=\xdb\
\xbd\x81\x04Y\x8b\xc5\xe2\x96\x9a\x93&A9n\x88\xb4\
\xf2\xf9g\x1f\xf9\x9a\xcd\xe6h\x09\xd4ZC-\x00\x00\
\x909\x08\xc0\x00\x00$C[\xdb\xf7\x8d~}m\xea\
$`\x83\xf2\xd0\xaaob\xd4\x92\xaf\xcdf+[\xb6\
L\xc9V\xad\x9a\x07\xcb\xa6b\xd7\x10\x06\x00\x00\x99\x85\
\x00\x0c\x00\xc0C\x86>\xe7\xcb\x9b\xf7b\x9d:\xb5*\
H\x09W\xe6\xf3\xa6\xf5\x84Ic,\xd1\xb1c\xfb\xb8\
m\xc46\xcd\x02\x00\x00\x99\x83\x00\x0c\x00@\x12\xb4!\
\xca\x15*\x96?\xe7\xe9\xe9\xe9!\x15\x5c\xad\xd3s\x9a\
\xfe\xd15\x1a\xd4fXe\xcb\x94\x0e0\x9b\xcdQ2\
\xb4\x9aa\xd0\x00\x00d\x1e\x020\x00\x00I0\x18\x14\
5\x00\x17.\x5c(B\xab\xe0\xa6\xe7di\xe1\xd9\xdf\
\xdf?W\xee\xdc\xb9B\xe2nc\x1e0\x00\x00\x99\x84\
\x00\x0c\x00\xc0CX\xccf\x97\x86T\x93\xc9h0\x1a\
MvN<\x00\x00\x99\x8b\x00\x0c\x00\xc0CDEG\
\xbb\xf4\xdfK\xab\xd5f\xb7Z\xa3M\x9cx\x00\x002\
\x17\x01\x18\x00\x80$\xc4\xc4\xc4v|>y\xf2\x94\xa7\
\xfa\x8f\xa6\xd1\x90\xae\x7f7\xa5\x01\x96\xfc\xbcp\xe1\xe2\
\x95\xeb\xd7o\xe4\x8e\xbb\x8dFX\x00\x00d\x12\x020\
\x00\x00I\xd0\xc2\xe9\x81\x03\x87\x8a\xdd\xbd{7T\xe6\
\xf0j!6-\xec\xf6\x18\xbb<\x7f\xd7\xee\xdd\x17\xed\
v\xbb\xc9l6Y\x09\xc0\x00\x00d\x1e\x020\x00\x00\
I\x90%\x90d\xf9\xde\x90\x90\x90\xdck\xd7\xae\xdf'\
\x01\xd8f\xb3\xa7y\xed^YCX,Z\xb4\xd4\xcb\
\xb9\xc2\x0c\x00\x002\x07\x01\x18\x00\x80dh\x15\xdaQ\
\xa3\xfe\xf0\x8f\x8e\x8e\xb6J\x88MK\x15\xd8j\xb5Y\
M&\x93i\xcb\x96m{\xb7n\xdd^U\xd6\x18\x96\
e\x908\xf9\x00\x00d\x1e\x020\x00\x00)\xa8\x02\x1f\
;~\xa2\xd4\xaf\xbf\x8e\xdc,!\xd6j\xb5F\xa7&\
\x04\xcb\xfa\xc1f\xb3\xc9\x1c\x16v\xef\xdeG\x1f\x7f\xee\
\xcb\xb0g\x00\x00\x1e\x0d\x020\x00\x00)\x0c\xc1#G\
\x8di2m\xda\xcc\xcd\x16\x8b\xc5\xcdn\xb7K\x057\
\xd9\xe1\xd0\x12\x92\xb5\xcaoTTTt\xff\x01C\x0e\
\x9e<y\xaa\xb8T\x7fe\x9b\x9cx\x00\x002\x17\xff\
\xf8\x02\x00\xf0\x10R\xb1\x95\xc0*\xc1\xf5\x83\x0f?m\
0z\xcc\xd8\x8d\xa68r\xbf\x84\x5c\xb9\xd8\xe2h\xbf\
\xcb|_\xa9\xfc^\xb8p\xf1b\xaf\xde}\xf7o\xd8\
\xf0OM\x09\xd2\x84_\x00\x00\x1e\x0dC\xe1\x22\xa5\xd3\
\xdc\xcd\x12\x00\x00=\x91&\xd0r\x91\x00[\xaf^\x9d\
]\x83\x06\xbea\xaaS\xa7V%I\xc6\x89=\xfe\xc6\
\x8d\x1b!\x0b\x16,\xde?r\xd4\x98\xf2!!7\xfd\
%\xfc2\xef\x17\x00\x80G\x87\x00\x0c\x00@*9\x07\
\xd9\xb2e\xcb\x1c\xabU\xab\xc6\xa5re\xcb\x18s\xfb\
\xe7v\xb3\xdbl1\xa7N\x9f\x89<\xb0\xff\xa0\xdb\x96\
\xad\xdbJJ\xf0M\xf8\x1c\x00\x00\xf0h\x10\x80\x01\x00\
H\x03m(\xf3\xc3\x1aZ\xa5\xf4q\x00\x00 \xe3\x99\
3a\x1f\x00\x00<q\xb4j\xae\xcc\x0b6\x1a\x0dv\
\xe7u}\x0d\x06\xb5\xff\x95b\xb7\xc7H\xd9\x97\xaa/\
\x00\x00\x8f\x09\x020\x00 K\x939\xb9\xf235\x15\
Vy\x8e\xc9d\xb4\xb9\xfeX\x14G_\x0d\x83,\x18\
\x1c\x1b\x84\xa9\xfc\x02\x00\xf0\x98 \x00\x03\x00\xb2\xb4\xb4\
\x04Ly\x8e\xd5j\xcb\xb4\x7f\x03\x99\xff\x0b\x00\xc0\xe3\
\x81\x00\x0c\x00\xc8\xd2\x95_\x7f\xff\xdcW\xcdf\xb3\xf5\
\xd2\xa5\xcb\x01qK\xef&\xb9\xc4\x9f\xc1`\xb0\xcb\xfd\
\x01\x01\xf9\xcfw\xee\xd4\xe1\x84\xd5fU+\xb52\x5c\
\xd9eb\xd4u\x83\x0d7n\x84\x98\x0e\x1d>\x92\xe7\
\xc8\x91\xa3\xa5e\x18\xb4\x0c\x95\x96\xe0ME\x18\x00\x80\
G\x87\x00\x0c\x00\xc8\x92$PJ\xb0|\xeb\xad\xc1\xc7\
\xfdr\xfa\xb9\xbd\xf6\xfa\x80\x02&\x93InK\xeei\
\xb24oLXX\x98w\x9f>/W\xf1\xf3\xcb\x99\
##\x8fQ\x82\xf5\xde\xbd\xfb\x0eO\xf8kr\xc8\xc2\
\x85K\xea\xc7\x1d\x00\xc3\xa2\x01\x00xD\xe8\x02\x0d\x00\
\xc8r\xb4jj\x9e<\xfe\x97\xd7\xad]\x91\xcd\xc3\xc3\
\xdd\xb3E\xcb\xb6\xa7O\x9f>SL[\xa77\xa9\xe7\
\x9a\xcd&\xab\x0c\x7f\xee\xd6\xad\xf3\xa6a?~\xdb \
:::\xcah4\xb9\xbcQ\x95L\x016\x99\xeeo\
w\xfe\xfcE[>\xfa\xf8\xb3\xcaaa\xf7\xbc\x09\xc1\
\x00\x00<\x1aI~@\x00\x00\xe0q\xa5\x05\xc8\xd7^\
{\xf5\xb8\x8f\x8f\xb7\xb7\xd9l6\x0e\x1c\xd8\xef\x92\xdc\
\xa6\x0d\x8dN\x8a\xcdf7\xc9c\x96,YV\xfd\xec\
\xd9s\x17,\x16\x8b\x9b\xd1h0\x9a\xcd&\xb3+/\
Z\xf8\xb5\xdb\xedv\xab\xd5\x1a\xdd\xb9s\x87z\x7f\xfe\
9\xea\xb8\xc5b\x89\x92\x00\xff\xb0\xe3\x04\x00\x00\xaeG\
\x00\x06\x00d)\x12\x1e\xa5\xc2\x1b\x10\x90\xff\xc2\xb3=\
\x9e\xa9.IXn\xe8\xd0\xbem\xad\x92%K\xfc'\
\xf7\xc9c\x92z\xbe\x84d\xe9\x00\x1d\x11\x11\xe95q\
\xd2\xd4\xff$1\xdb\xed1\xf6\x0c<^\xa3\xd9l\xb6\
H\xa5\xb9A\xfdzU\xde\x7f\xef\xad\xad\xda\x9c\xe0\x8c\
\xda'\x00\x00H\x1c\x01\x18\x00\x90%\xab\xbfC\x87\x0c\
<%\xd5_\x9b\xcdn\x93\x00\xeb\xe6\xe6f\x190\xe0\
\xf5+\xa9\xa9\x02\xcf\x9d;\xbf\xf2\xd5\xab\xd7\xae\x9bL\
F\x93\x84\xe8\x8c<n\x09\xc16\x9b\xcd\xf6\xf2\xcb/\
5,Y\xb2\xc4\x09B0\x00\x00\x99\x8f\x00\x0c\x00\xc8\
r\xd5\xdfb\xc5\x8a\x9e\xea\xdc\xb9CM\xb9\x22\xe1\xd5\
d2\x9a\xe5\xf7\xf6\xed\x9e\xae]\xbaT\xc9\xe3q\xe1\
\xd2\xf6\xb0*\xf0\xed\xdbwrL\x9c8\xe5@FW\
\x81\x85\x9a\xcac\x94\x18\x19\xae\xdd\xb3\xe7\xb3\x17c_\
\x8f\x81*0\x00\x00\x99\x88\x00\x0c\x00\xc8r\xd5\xdf\x01\
\x03^\xbf\xe8\xe6\xe6\xe6n\xb3\xd9\xd4ro\xdcRF\
1\x16\x8b\xc54d\xe8\xc0\x1bq\x8fURR\x05\xfe\
{\xda\x8c\xc0\xeb\xb2fQ&T\x81e\xae\xb1t\x86\
\xae_\xafnA\x09\xe8\xd2\x8c\x8b\xb9\xc0\x00\x00d\x1e\
\x020\x00 KU\x7f\x8b\x17/v\xb2c\x87v\xb5\
\xe4\x8aTS\xb5\xfb\xa5\xe9\x94\xdc\xd6\xae\xedSu\xaa\
V\xad|@\xaa\xc0&\x93\xe9\xa1U\xe0[\xb7n\xfb\
M\x99<m_fU\x81%\x98\x17(\x10\x907w\
\xee\x5c\xd7\xe3n\xa3\x19\x16\x00\x00\x99\x84\x00\x0c\x00\xc8\
R\xd5\xdf\x81\x03\xfb]\x96\xf9\xbe\x12V\xd54\xe9D\
\x1e ?\x07\x0f\xea\x1f\x91\x92m\xdalv\xa3lw\
\xea\xdf\xd3\xcb\xdf\xbd{7T\xaa\xc0\xda62\x92\xd9\
l2\xca\x94\xe0\x8c\xde\x0f\x00\x00\x88\x8f\x00\x0c\x00x\
\xecI%W\xaa\xbf\xd2<\xaac\x87v\xea\xdc_Y\
j(\x91\xc7\xa9U\xe0f\xcd\x9a\xd4\xa8^\xbd\xea\xbe\
\x14T\x81\xd5\x8e\xd1\xd7\xaf\xdf\xc83{\xf6\xbc]\x12\
\xa8\xa5\xa9V\x86\xbf\xa0\xd8\x9dg\xcan\x00\x00\xc0}\
\x04`\x00@\x96 \xd5\xdfA\x03\xdf\xb8\x16\xd7M9\
\xc9\xf4\xa8Up\x87\x0c\x1e`\xd5\x9e\xf7\xb0\xedJ\x15\
x\xec\xb8\xbfJ\x84\x85\xdd\xbb\x97YU`\x00\x00\x90\
\xf9\x08\xc0\x00\x80\xc7\x9a4\x8b\x92J\xaetwn\xdb\
\xb6\x8d6\xf7\xd7\x94\xd4\xe3\xb5*p\xe3\xc6\x0d\xab\xd5\
\xacQ}\xafT\x8e\x93\xab\x02k\xeb\x06_\xbcx\xa9\
\xc0\xdc\xb9\xf3\x833\xb5\x0a\x0c\x00\x002\x15\x01\x18\x00\
\xf0X\xd3\xa6\xf9\x0e\x1d:(D\xba<\xc7\xcd\xfdM\
\xf69Z\x05w\xe8\xd0\x81\xf6\xd4T\x81\xff\x1c;\xa1\
\xe8\xbd{\xf7\xc2\xa9\x02\x03\x00\xf0d\x22\x00\x03\x00\x1e\
[R\xb9\x95\xea\xaftun\xdb\xb6M\xed\xa4\xe6\xfe\
&\xf2<\xf5\x89\x0d\x1a\xd4\xabZ\xabV\x8d=)\xad\
\x02\x9f;w\xbe\xf0\xb2e+3w.0\x00\x00\xc8\
4\x04`\x00\xc0cK\xab\xdc\x0e\x1e<@\xed\xea\x9c\
\x96\xb9\xb9o\xbf5D\x0d\xb7\x0f\xab\x02\x8b\xb8\xb9\xc0\
\xfe\xd1\xd1\xd16m\xcd^\x00\x00\xf0\xe4 \x00\x03\x00\
\x1e\xeb\xce\xcf\xd2\xcd\xb9i\x93F5\xa4\xfa+\x95\xdd\
T<_\xad\x02\xd7\xa9S+\xb0Y\xd3\xc6\xc1\x0f\xab\
\x02K\xa5Y\x82\xf2\x91#GK\xafZ\xb5&HR\
\xb3\xd5j\xa5\x0a\x0c\x00\xc0\x13\x84\x00\x0c\x00x\xbc\xab\
\xbf\x83\xfaG\xcb\x9c\xdf\xb4vf\x96\xe7\x0d\x1e2\xc0\
W\x9ai\xa5\xa4\x0a,F\x8e\x1a\x93\xc3j\xb5J\xe0\
6\xa4u\xbf\x00\x00\xe0\xf1C\x00\x06\x00<\xb6\xd5_\
\xe9\xe2\xdc\xa4I\xa3\xea\xa9\xad\xfe&\xec\x08]9\xb0\
R\xb9\xe6\xcd\x9b\xa6\xa8\x0a,\xf7\x1f:t\xa4\xec\x9a\
5\xeb\x82\xd5\xb1\xd3v\xbb\xdaH\x0b\x00\x00d}\x04\
`\x00\xc0cG\xab\xd4\x0e\x1a\xf4\x86\xd6\xc59]U\
X\xb5\x0a<\xb8\x7fv\x09\xb7)\xad\x02\xff\xf1\xe7x\
O\xf9)\x0d\xb1\xd2\xb3o\x00\x00\xf0\xf8 \x00\x03\x00\
\x1e\xcb\xeao\xed\xda5\xf74n\xdc\xb0jZ\xab\xbf\
\x09\xab\xc0\x81\x95*\x96m\xd1\xbci\x90l\xdbl6\
Y\x1f6\x17x\xd7\xae=\x95\xb6l\xd9\xb6G\xaa\xc0\
2\x978\xcd/\x08\x00\x00<6\x08\xc0\x00\x80\xc7\x8a\
V\xa1\x1d2d\x80v\xdd%spe;C\x86\x0c\
\xf0\x93\xf0k\xb7\xc7\x18\x1f\xd6\x0dZ~\x8e\x1c9F\
\xad@S\x05\x06\x00\xe0\xc9@\x00\x06\x00<v\xd5\xdf\
&M\x1a\x05\xd5\xafW\xb7Jz\xab\xbf\x09\xab\xc0\x15\
*\x94/\xdd\xbaUK\xb5\x0al2\x19\x1fZ\x05\xfe\
w\xcb\xd6j;v\x04\xed\xa7\x0a\x0c\x00\xc0\x93\x81\x00\
\x0c\x00x\xac\xaa\xbf\x12<\xdfzs\x90O\xdcu\x97\
u`\x96*\xael\xef\xad\xb7\x06\xe7sww\x0f\x8f\
\x89Q\x8cZ\xa57\x89\xc7\xab\xf7\x8d\x189F]\x83\
\x18\x00\x00d}\x04`\x00\xc0cU\xfdm\xd6\xacI\
P\xe5\xca\x81\xe5d\xde\xad+\xaa\xbf\x1a\xad\xa3s\xc9\
\x92%\x8au\xee\xdcA\xed\x08m4\x1a\x1e\xba.\xf0\
\xa6M\xff\xd6\xd8\xb7\xff\xc0\x11\xaa\xc0\x00\x00d}\x04\
`\x00\xc0\xe3T\xfd\xb5\x0d\x19\xdc?{F\xedC\xab\
\x02\xbf\xd1\xafoQ\x0f\x0f\xf7{v{\x8c)\xb9*\
\xb0\xd1h\xb0\xcbq\xfd\xf1\xc7\xf8\x10\xe6\x01\x03\x00\x90\
\xf5\x11\x80\x01\x00\x8fM\xf5\xb7E\x8bfA\x81\x81\x95\
\xca\xba\xba\xfa\x9b\xb0\x0a\x5c\xb4h\x91B]\xbbt\x0a\
\x96pk2\x19\x93\xa9\x02\xdb\xd5\x80\xbcb\xc5\xaa\x9a\
G\x8e\x1e\xfbO\x9eo\xb5ZY\x17\x18\x00\x80,\x8a\
\x00\x0c\x00x\xd4b\xb4\xea\xef\xe0A\xfds\xbar\xde\
orU\xe0~\xfd\xfa\x96\xf0\xf4\xf4\x08\xb3\xd9\xecI\
\xce\x05\xd6\x02\xb2\xd5j\xb5\x8c\x1e\xfd\xe7eynr\
\x15c\x17\x1fg\x8ct\xacN\xea\x22_\x1a$u,\
\xce\xcf\x95\xc7\xa5d?\xf2\xdd\x80\xfc.?\x93{\x9e\
\xf6xm\xffr\x91\xdf\x1f\xb6\x1f\x00\x00\x1e\x07\x04`\
\x00\xc0#\x15\xd7\xa0\xd9\xd8\xaae\xf3\xa0J\x95*\x94\
qU\xe7\xe7\x87U\x81\x0b\x17.T\xa0k\xd7\xce;\
cbb\x8c)\xa9\x02/]\xba\xa2\xe6\xf1\xe3'N\
k\xcfW2\x98\x84o\xab\xd5fN\xea\x22Er\xad\
iXr\xcf\x95\xc7%\x15\x94\xe5\xb9\xdac\xe5=\x90\
\xdf\xe5\xa7\xf6\xbc\x84\xdbv~\xbc\xb6\x7f\xb9\xc8\xefr\
\x91\xc7d\xd6\x17\x04\x00\x00\xa4\x859M\xcf\x02\x00\xc0\
\x85\xd5_\xa9(\x0e\x192 \x97\x5c\xd1\xd6\x01\xceH\
Ns\x81K\xce\x9b\xb7 ,\x22\x22\xd23\xee\xa6\x07\
\xf6\xad\x1d_tt\xb4\xdb\xf8\x09\x93\xce~\xf7\xedW\
E32\x00\xc7\xe5kc\x91\x22\x85O\xbe\xfaj\xef\
\x0bJ\x5cA\xdc\xa90\x1es\xef^x\xcc\x8e\xa0`\
\xaf\xf5\xeb7\xd6\x90\xc7j\xc7\xae\x05\xd4\xa2E\x8b\x9c\
z\xe5\xe5\x97.\x18\x8c\x06\xe5\xcc\xe9\xb3\xf6\xb1\xe3\xfe\
j\x9c\xf0\xf5i\xfb\xc9\x91#{H\xf7g\xba\xee\xaf\
]\xbb\xa6\x97\x97\x97\x97\xbb\x0c??\xf1\xdf\xc9\xbb\xcb\
\x97\xaf\xcc\xb6}{P\x15\xe7mk\x8fo\xd7\xf6\xe9\
\x03u\xeb\xd6v\xcb\x993\x87\xa7\xddn\x8f\xb9|\xf9\
r\xd8\xf2\xe5\xab,k\xd7m\xa8%\x8fM\xea\x5c\x02\
\x00\xf0\xa8\x19\x0a\x17)\xcd7\xb5\x00\x80GB\x82\xa5\
T\x13\xdb>\xddf\xeb\xef\xbf\x0f\xaf\x9bQs\x7f\x13\
\xa3\xed\xeb\xb3\xcf\xbe\xda8q\xd2\xd4\xc6\xda\xb1$\xf6\
X\xad\xaa\xe9\xe5\xe5\x15\xb6f\xf5\x92\xbb\xf9\xf3\xe7\xcf\
'\x09O\xaa\xc1\xa9\xd9\xa7\x9a\x0a\x0d\x06CDDD\
x\xd3\xa6mn^\xbct)@\x0b\x96\xdacd(\
\xb1\x1cZ\xc3\x86\xf5\x83\xa6N\x99P3\xb9\xed\xc9\x1a\
\xc5\xef\xbd\xff\x91\xef\xa9Sg\x8a\xcav\xa4i\x97\xbc\
\x86/\xbf\xf8\xe4\x9f^\xbd^h\xa4=\xaeQ\xa3\x96\
g\xce\x9c=[D\xdb\x97\xf6\xb3V\xad\x1a{\x7f\xf9\
\xf9\x07\xff\x82\x05\x0b\x04$\xb6\xfd?\xfe\x1c\xbf\xf1\x9b\
o~p\x9c\x9b\xea\xd5\xab\xee\x1f\xf1\xdb\xcf\xb9\x0b\x14\
\x08\xc8\x9f\xd8\xe3W\xadZ\xb3c\xc8\xd0w*\xc8\x17\
\x0aZu85\xe7\x07\x00\x80\x8c\xc6\x10h\x00\xc0#\
!\xa1\xd2n\x8f1\xca\x9a\xbco\xbe9(\xaf\x16\x0e\
3q\xffj\x99r\xc0\x80~\xe5\xa5\xaa\xa9\x0duN\
n.pXX\x98\xcf\xb8\xf1\x93\x8ei\xcf\xcd\xc8\xe3\
\x8b\x8e\x8a6Y\xad6\xa9<G\x85\x85\xdd\xbbw\xf4\
\xe8\xb1S\x87\x0f\x1f9u\xfa\xf4\x99\xf3q\xc7\x14S\
\xabV\xcdJc\xc6\x8c\xb4zxx\x84\xcbm\x12R\
\xbd\xbc\xbcB[\xb7nYZ\x9e{\xef^x\x98<\
\xaem\xbb6\xa7\xe4~\x09\xc8\x06Clg\xeb|\xf9\
\xf2^\x1e3zD!-\xfc\xde\xb8\x11r38x\
\xd7\x81\x13'\xfe;\x19\xb7-\xeb\xeb\xaf\xbd\xda\xf8\x95\
Wzm\x94\xed\xfa\xf9\xe5\x0c\x195\xf2\xd7<\x12~\
e\x9b\xd7\xae]\xbb\xbex\xf1\xd2m\x1b6n\xdam\
\xb5Z\xa3####Z\xb5jQ\xeb\xddw\xde\x8c\
[b\xea\xc1\xa1\xd9\x00\x00<j\x04`\x00\xc0#!\
\x81R\x82\x92\xac\xc9[\xaaT\xc9\xe2Zi2\xb3\xf6\
\x1f\xbb\xae\xaf\xdd\x96'\x8f\xbf\xffK/\xf6\xdc\x97\xd4\
|Z\x8d\x16\x90g\xce\x9cS\xed\xf2\xe5+W2z\
.\xb0\xc1\xa0H\xb3)\xb3\xc5bq;x\xf0\xd0\xc9\
6m:\x14z\xbam\xe7\x02\xad\xdb\xb4\xf7{\xf1\xa5\
W\x83\xef\xdc\xb9sW\x82g\xd92\xa5K\xb6i\xd3\
r\x97VEn\xd8\xb0\xde\x81|\xf9\xf2\xe63\x1a\x0d\
F//Oo\x09\xeb\x9d:v(\x14[Y\x96\xe9\
\xd5\xb1\xc3\xa4\x07\x0d|\xe3x\xae\x5c~~Rn\xde\
\xb1#x\x7f\xdb\xb6\x9d\xc3\xbbv{\xaeb\xeb6\x1d\
\x0a}\xf1\xe57\x1b\x0d\x06\xc5 \xdb\x1f8\xe0\xf5J\
R\x01._\xbe\xdc\xc9\xfc\xf9\xf3\xe5\x95\xc7\x9f?\x7f\
\xe1b\xa7\xce=\xc2\x07\x0ez\xabN\xaf^}\xaa\xbe\
\xf5\xf6\xfb;\xdc\xdd\xdd=d\xff/\xbd\xd4\xb3a\xec\
\x17\x0aI\xcf=\x06\x00\xe0Q!\x00\x03\x002\x9d\x04\
#\x09c\xb2\x16\xaf\xac\xc9\x9b\xd9\xd5_\x8d\x84D\xd9\
w\xef\xde/\x06\xe6\xcc\x99#$n>m\xa2\xa16\
6 \x1bl\xa1\xa1\xa1\xbe\x7f\xfd5\xf9\xb0\x1c\xaf\xdd\
\x1e\x93)UN\x99gk\x8f\x89\x91FUnQQ\
\xd1\x1e\xff\xfc\xb3\xb9\xc6\xc2\x85K\xf6\x98\xcdf\x8b\x1c\
\x7f\xa5\x8a\x15\x1cM\xbc\xbau\xed\xac\xbe\xa6{\xf7\xc2\
\xc3/\x5c\xb8pY~/S\xa6T\x89jU\xab\x1c\
\x88mXe7yyy\x86\xb5h\xd1\xac\xb4\xdc'\
\xc3\xc0\xbf\xfb~\x98r\xe9\xf2\xe5\x00\xb3\xd9\x1c-\x1d\
\xaf'L\x98\xd4\xf8\xf2\x95+\xd7e\xfb\xb9r\xe5\xf2\
+Y\xb2\xe4\x7fqEg\xf5\xf1\xd7\xae]\xbf}\xfe\
\xfc\x85B\xda{\xb9|\xf9\xaa\xeas\xe7.\xd8\xb2j\
\xd5\x9a\xe0\x95+W\x07Y,\x96\xe8\xcc8/\x00\x00\
\xa4\x16\x01\x18\x00\xf0H\xaa\xbf\x12\xc6:w\xee\x18,\
k\xf2fv\xf57a\x15X*\xa1\xbd^z!\xae\
\x0a\x9cx\x00\x16v{\x8cZ\xd5\x9c1sv`H\
\xc8\xcd\x9b&\x93Q:!gZ\x95S[vH~\
\x0f\x0d\x0du\xecW\x9b6]\xa8P\xc1s\xf5\xea\xd5\
\xa9 \xe1\xfc\xbf\xff\xfe;\xfb\xf3/#\x8ek_,\
t\xea\xdc\xe1\x8e\xfc\x8cm\x92U\xf4\x9cT\xbe\xe5\xbe\
K\x97._=|\xf8Hq)h\xdbl6\xb3\xe4\
z\xd9\xc7k}\x07^\xeb\xfd\xf2k\xdb{\xf7~m\
\xfb\x85\x0b\x17\xfc\xcf\x9f\xbf\x90G\x0a\xde24\xbaj\
\xd5\xca\xe5\xc6\x8f\x1f\x13T\xb3F\xf5}\xf2\xa5@T\
T\x94\xc7[o\xbf_\xaf\xefk\x03j\xf4\x1f0\xb4\
\xf6\xb5k\xd7\xf3j\xfb\xca\xacs\x03\x00@J\x10\x80\
\x01\x00\x8f\xb2\xfa[\xfcQU\x7f5Z\x88\xed\xd5\xeb\
\x85*9s\xe6\xbc\xa1\x85\xdc\xe4\xaa\xc0\xb7n\xdd\xf6\
\x9b1c\xf6>9n\x09\xd0\x19}\x8c\xb2\x9f\xb8\xb5\
ve\xbd^k\xb5jU\xf6w\xee\xdc\xb1\xac\x84Q\
\xb9\xef\xe2\xc5K\xea\xf1\xb6n\xdd\xf2\xa4\x8f\x8f\x8f\xb7\
\xfc\xbem{\xd0\xd5\xc5\x8b\x97\xd5\x08\x0d\x0d\x0bS\xef\
k\xd5\xbc\x5c\xf6\xec\xd9n\xca\xef\xd9\xb3g\x0b\xd7\xbe\
p\x08\x0f\x0f\x0f\x8b\x8c\x8c\xf2\xd0\x86PKo/y\
\x9d\x07\x0e\x1e\xac\xb8~\xfd\xc6\xda\xeb7l\xac}\xf7\
n\xa8\xdf\xe9\xd3g\x8a\x8c\xfa\xfd\x8f\x8d2,[\xf6\
\xd9\xa2y\xd3\x9as\xe6L\x0b\x5c\xb6l\xe1\xe9w\xde\
\x19\xba\xa1h\xd1\x22\xa7\xe5\xf92\x5c\x9a\xa1\xcf\x00\x80\
\xc7\x15\x01\x18\x00\xf0H\xaa\xbf\xdd\xbau\x09.R\xa4\
p\xc1GU\xfd\xd5h!\xd6\xcf/g\x8e\xde\xbd_\
\xd8\xaf5\xbcJ\xea\xf111\x8a\xba\xec\xd0_\x13'\
\x97\x95y\xb8\x19]\x05\x96\xf3\x13\x18X\xb1\xf8\xca\x15\
\x8bN\xafX\xbe\xf0\xec\xaa\x95\x8b/\xcd\x9e\xf5w\x05\
\x99\x8f+aT\x9aQ\xcd_\xb0\xa8\xacTp\xdb\xb7\
{\xca_;\x96\x0d\x1b\xfe\xc9\x16\x19\x19\xe9\xb9m\xdb\
\xf6Cr\xdd\xdf\xdf?w\xb3\xa6M\x0e\xc9\xb1\x9b\xcd\
f\xeb\xfd\xd7//Gy\xe0\xf8e8\xb4\x9b\x9b[\
\xa4\x5cd\xdb\x12\xc0\x7f\xfaix\x93\x0f?\xfa\xec\x9f\
+W\xae^\xd5\x1e's\x90\x07\x0d|\xa3\xc9\xd2\xc5\
\xf3\xfc\xfb\xf4yYm\x98E\x00\x06\x00<\xae\x08\xc0\
\x00\x80L\xef\xfc\xec\xe9\xe9\x11\xd6\xef\xf5>%\x1fu\
\xf5W\xa3\x85\xd8\xde\xbd^\xac\x9a+\x97\xdf5\xa9P\
'\xd5\x10K\xebp|\xf5\xea\xb5\xbc\xd3\xa7\xcf\xda\x95\
\x19U`OOO\xafR\xa5J\x96\x90K\xf1\xe2\xc5\
\x8a\x9a\xcdf\xf5\xdf\xefc\xc7\x8e\x9f|\xed\xf5A\x97\
e\xc8q\xf9\xf2e\x8f\x06\x06V*+\xc7s\xf2\xe4\
\xa93;w\xee.+\x8f\x99\xbf`\xb1:\x1fWr\
q\x97.\x1d\xd5\xe5\x89d\xa8\xb3\xb6\xed\x18\x99]\x1c\
\xa3<\xf0\x1e\xc8\x5c\xe0\xa8\xa8(w\xb9\xc8k\x96\xa6\
Vr\xfb\xdf\x7f\xcfh\xd4\xaau;\xf3;\xef~\xb0\
i\xd3\xa6\x7fwEDDD\xca\xed>\xbe>\xde\x9f\
|\xfc\xbf\xc6\xbd{\xbd\xb0Q\x1e/\x819#\xcf\x09\
\x00\x00i\x91\xe8z\x87\x00\x00d\x04\xa9\xacJ\x85\xb0\
\xfb3]\x83\x0b\x15*\xd883\xd7\xfdM\x8e\x84\xc6\
\xe8\xe8h[\x8e\x1c\xd9\xb3\xbf\xf2r\xaf\x8d?\x0e\xfb\
\xa5ql\x97\xea\xc4\xbf(\x8e\xcb\xed1\x13&L.\
\xf5\xfc\xf3=\xc2|||\xbc2*\xcc\xcb6\xaf_\
\xbf\x1e\xf2\xef\x96mG\x8cF\xa3\x1c\xa7\xfd\xdc\xb9\xf3\
\xd1\x07\x0e\x1c\xf2\xfc\xe7\x9fM\x95\x22\x22\x22\xbd\xe4q\
\x1d;\xb6\xbfj4\x1a\xcb\xc9\xb0\xe8\x1c9rd\x9b\
7w\xfa\x199\x1c\xb3\xd9\xa2vn\x96\xd4^\xb7n\
\xed\x8ay\xf2\xf8_\xb9p\xe1b\xce\x18\x9b\x94\xba\x0d\
\x06ooo\x1f77\xb7\xf0\xc8\xc8\xd8\xed\xc4\xad\xf0\
d\xa8R9\xf0`n\xff\x5c\xf7\xec\xf6\x18\xc3\xae]\
{\x8a\x9bL&{\xb6l\xbe\xa1F\xa31\xe6\xcc\x99\
\xb3\x05g\xcf\x9e\xd7p\xf6\xecyJ\xe9\xd2%O\xbc\
\xf5\xd6\x90\x1b\xad[\xb5P\xd7,~\xe3\x8d\xd7\xca\xce\
\x9a=7\xec\xde\xbdpom[\xae>'\x00\x00\xa4\
\x15\x01\x18\x00\x90\xa9\xd5_\xe9@\xfc\xfa\xeb}J?\
.\xd5_\x8dTUe\xb8q\xaf^/\xd4\x986}\
\xe6\xf9\x8b\x17/\x15\x88[\xe9\xe8\x81\x10\xacU8/\
_\xb9\x12\xb0p\xe1\x92M/\xbc\xf0\x5cC\x09\x9e2\
$\xd9\xd5\xc7%\xe7\xe8\xe8\xd1\xe3\xe7\x07\x0f~\xbb^\
b\xf7\xcbq\xb8\xb9Y\x22\x9ej\xd3\xaaT\xec\xeb0\
\xc9\x9a\xbd9\xe5\xe2\xfc8Y\xd2H\x96T\xea\xd2\xb9\
\xe3\xe1?\xc7Nht\xf5\xfa\xb5\xeby\xf2\xf8\xe7\xce\
\x9b7\x8f\x7f\x85\x0a\xe5\xf6\x05\x07\xef\x0a\x8c]*)\
\xb6\xd2\xfb\xe7\x9f\xa3\xf2\xc9\xfd\xf2{\x87\x8e\xdd\x0e\xf4\
\xef\xffzX\x8b\xe6\xcd\xaa\xcb\xf2H\x03\x07\xbe\xb9c\
\xd9\xf2\x95ue\xfd\xe1c\xc7N\x94|\xf3\xcdw\xf3\
\x07\x07m\x09\xf7\xf1\xf1\xf6\xf6\xf3\xcb\xe9\xe7\xef\xef\x7f\
\xe1\xcc\x99\xb3\x04`\x00\xc0c\x87!\xd0\x00\x80\xcc\xf9\
\x07\xc7hP\xd7\xfd}\xf9\xe5\x97\x82\x0a\x14\x08\xc8\xff\
\xa8\xe7\xfe&\xa4-k\xe4\xeb\xeb\xe3\xdd\xaf_\x9f\x93\
Z\x957\xa9\xc7k\xf7\x8f\x9f0\xa9@dddT\
F\xce\x05\x96p.\xe1T\x1aL%\xfc)\x81\xb5n\
\xdd\xda\x07\x0b\x15*\x18 \xfb\xbf}\xfb\xf6\x9dU\xab\
\xd6\xecX\xb5z\xedv\xb9\xacX\xb1z{p\xf0\xae\
\x03&\x93\xc9\x22\xdb\xea\xda\xb5Sa9\xf5\xcb\x97\xaf\
T\x97r\x92\xe0\xfe\xe9\xa7\x1f\xba\x95,Y\xe2?\x19\
\xcd\xed\xeb\xeb{\xfb\xad\xb7\x06o\x90 +\xa1\xf9\xfa\
\xf5\xeb7\x0e\x1e<\x5c\xe6\xec\xd9s\x11Z\x03\xacW\
^y\xc9'w\xee\x5cW#\x22\x22<e\x9b\xb5k\
\xd7:\xe4\xe1\xe1\xee&\xef\xa9\xd5j\xb5\x86\x87\x87\xab\
\xb7\x03\x00\xf0\xb8\xa1\x02\x0c\x00\xc8\xac\xea\xaf)G\x8e\
\xec7_}\xa5W\xa0\x045W\x85_-t\xba\xa2\
\x9a\xac\x85\xd8n];\xd7\xfc\xf3\xcf\x09\xe7\xce\x9f\xbf\
P\xf0aU\xe0\x93'O\x15_\xbcd\xd9\xbf\xdd\xba\
v\xae\xef\xca*\xb0\xcc\xcb\x95\xed\xc9\xef6\x99dl\
\xb3\x99\x12\x0e)\xd6\xe6\xd9v\xea\xd8Arg\xb4\xc1\
`0\xce\x9d\xb7p\xcf\x17_|\xdd\xc8y[\xde\xde\
\xdew\xb7\xfc\xbb\xfe\xb6t\x88.^\xbcx\xe1\xb2e\
\xcb\x1c\xfbu\xf8\xa8\x0a\xed\xdb\xb7\x0d\x91%\xa0*\x07\
V*\xbbh\xe1\x9c{\x17.\x5c8\xeb\xe3\xe3\xe3\x1b\
\x10\x90\xbfI\xdc\x17\x14\x96\xdf~\xfb\xfd\xa0\xd5jm\
4u\xca\xf4\xa2]\xbbt\xba\x99+\x97_\xce\x9a5\
kTZ\xb6t\xc1\xd5\x03\x07\x0e\xca\x9a\xbf\xa6Z\xb5\
jT\x94\xfd\xc8{\xbau\xeb\xf6\x03W\xaf^\xab\x99\
\xd4y\x03\x00\xe0Q\xe2\x1f&\x00@\xc6\xffcc4\
J\xa7%C\xaf\x97^\xd8\x9b+W.?IF\xae\
\x1a\xfe,\xdbq\xe5\xb6$kzyyy\xf6\xeb\xd7\
\xf7tJ\xab\xc0\xa3G\x8f\xcd+\x01\xd4h4\x18]\
U\x05\xb6\xb8Y\xa4\xc2k\x96K\xf6\xec\xd9\xd4\xf9\xb9\
\xce\xe2\xd6\xed5\x05\x04\xe4\xbf\xd0\xb1c\xbbzf\xb3\
\xd9\x22\xf3\xa9W\xacX\x95M\x82\xb1\xc5b\x89\xd2~\
\x86\x85\x85\xf9\x06\x05\x05\x1f\xd3\xb67p@\xbf\x1b7\
o\xde\xcc\xf5j\x9f~\x17O\x9d:}F\xb6\xe7\xed\
\xed\xe5U\xbat\xa9\x92\x01\x01\xf9\xf3j\xa1{\xd8\xb0\
_7L\x9a\xfcw#\xa94\x9f9{\xb6H\xef\xde\
}/\x1e=z\xfc?\xb9?o\xde<y\x9a7o\
Z\xb3Q\xa3\x06\xd5<<<<e\xffAA\xc1\xfb\
\xdf\xff\xdf\xc7\x85\xe9\x02\x0d\x00x\x5c\x19\x0a\x17)\x9d\
aK7\x00\x00 #\x8b\xe5\xdf\x1b\xa9\xfe\xae]\xb3\
\x5c\x91\xb9\xa9v\xbb]\xaa\x97\xe9\x0a\xadZ\xd0\xbcq\
\xe3F\x88\xd5j\xb3\xc9\x5cV\xb9\x9e\xde0\x1c\x13G\
\x865\xb7j\xdd\xfe\xca\xb9s\xe7\xd5@\x97T5S\
\x9b7;\xfc\xd7a[;uj_7\xb9*\xb06\
\xef9\x22\x22\x22\xbci\xd367/^\xba\x14\x90\xb0\
R*\xe7K\x0a\xe4\x05\x0a\x04\x9c\xed\xd1\xbd\xdbI\xa3\
\xd1`8s\xe6\x9cq\xf6\x9cy\x0d\x9d+\xc0\xda\xf3\
\xa4\x09U\x87\x0e\xed.\xc4\xd8\xedJ\xd8\xbd{1\xe3\
\xc7O\xaa\x17\x1d\x1d\xed\x96\xf0\xcb\x87J\x95*\x1ej\
\xd1\xa2\xe9uyrH\xc8Me\xf2\x94i\x0d\xe4\xb8\
\xbd\xbc\xbcB;ul\xb7\xabZ\xf5\xaa&\x1foo\
\x8b\xd5j\xb5\x9d8q2r\xd9\xb2\x15\x05\x8e\x1d?\
QJ\xdb\xa7\xb6?ww\xf7\x88\x16\xcd\x9b\xee\xaeS\
\xb7Vt.\xbf\x5c\xee\xb2\x84\xd2\x8d\x1b!Q[\xb6\
n\xb3\xac\x5c\xb9\xba\xa6\xcdfW\x97A\xa2\xf9\x15\x00\
\xe0qD\x00\x06\x00d(\x93\xc9h\x95P\xf4\xe6\xd0\
\x81\x1b\x86\x0e\x1d\xd4\xc4U\xc3\x84\xb5\x0e\xd2\xb2.\xed\
\xcd\x9b7-\xa3\x7f\xff\xad\xae\xab\xbaJk\xc78m\
\xfa\xac\xcd\x1f|\xf0I\x03\xe7\xe6P\x09\xc9}\x12\x0c\
\xcb\x97/{d\xf1\xa2\xb9\xb2\x0cQ\x92\xc3\xbbS\x12\
\x803\xd3\xc3\xf6\x9d\xf0u\xa7\xe4X\x09\xbf\x00\x80\xc7\
\x19C\xa0\x01\x00\x19>\xf77g\xce\x9c7z\xf5z\
\xb1\x8a\x04@\x99g\x9b\xde\xedj\x0d\xb4\xae^\xbdv\
m\xc1\x82\xc5\xd5V\xae\x5cSK\x86\xf2\xaa\x0b\xf4J\
y9\x9dL&\xa3Y\xb6\xd3\xb5K\xc7ZE\x8a\x14\
>\xad\xad\xfd\x9b\xd8c\xb5\xb9\xb9\x07\x0f\x1e.\xb7q\
\xe3\xa6\x9d\xf2@I\x8d\xe9=\x06\xd9\xa6\x0c=\xd6\x1a\
^\xa5\xe4qrI\xeaqr\xfc\x09\xb7\xa7\xbd.\xed\
6\xed\x22\xd7\xb5!\xd6\xce\xdb\x90\xc7\xcb\xfe\x9c\x1bq\
9\xffN\xf8\x05\x00<\xee\x08\xc0\x00\x80\x8c\xfbG&\
n\xf8\xed\xcb/\xbf\xb8?g\xce\x1c9d~\xad+\
\xe6\xebj\x95\xd4q\xe3\xfe:\x14\x16\x16\xe6#Am\
\xc4\xc8\xd1\xe7\xd4\x09\xb9.\x98\x83+\x87(\x1d\xa1\xdd\
\xdd\xdd\xdd\x06\x0f\xea\x7f\xe1as\x81\xb5\xfbF\xfd\xfe\
\x87:\xf4\xd8\x15\xaf1n\xe8x\xdc\xefJLR\x01\
\x5c\x8eM\xd6V\xd6.ImO\xc2\xab\xf6\x18\xe7`\
\xab\xdd.\xb7i\x17m;\x12je\xbfR\xc5\xd7^\
\xa3\xecO{\x8c\xf3\xe3\xe5'\xc3\x9e\x01\x00\x8f;\x02\
0\x00 c\xfe\x81\x89\x1b.\xeb\xe7\x97\xf3Z\xef^\
/Tsu\xf5\xf7\xf2\xe5+W\xfe\x9e6\xb3Z\xdc\
\x90c\xfb\xa2EKk\x1d?~\xe2\x94\x0b\xab\xc0&\
\xd9N\x97.\x1d\xeb\x96/_\xeeH\xdc\xe8\xeaD+\
\xb1r\x9f\xecV\xd6\xd2\xdd\xb8q\xd3nWT\x81\xed\
v\xbb\x1a,\xb5K\xc2\xa1\xc7I\x05\xf2\xc4nO\xee\
\xb6l\xd9\xb2\xdd\x96y\xbd\x09\xef\x93\xfd\xc9\xeb\x8a\xfd\
i7\x13n\x01\x00O\x02\x020\x00 Ch\xc3a\
_\xeb\xfb\xca\xa1\xec\xd9\xb3gsU\xe7g\xad\xfa;\
b\xc4\xe8\xa3\xa1\xa1\xa1\xbe\x12<e_\xd2\xf8i\xd4\
\xef\x7f\x5cta\x15X\xdd\x8e\x84\xd9A\x83\xde\xb8\x95\
\x82\xc7\xab\xfb\x1c9j\x8c</\xcdU`\xad\xd2\xdb\
\xaaU\x8b-\x9f\x7f\xfe\xd1\xa6/>\xffx\xd3\x87\x1f\
\xbc\xbb\xb1h\x91\xc2\xa7\xb5\xfb%\x88kUi\xed\xf1\
Z8\x97\xdb\x9d\x83zR\x8f\xd5\x8ew\xd8\xb0o\x8f\
\xb7h\xdet\x97\xf3\xed\xf2\xf8\xca\x81\x95\x0e\x8e\x1e\xfd\
\xdb\xf6\x89\x13\xc7\xee\xea\xd7\xaf\xef\x06\xb9]\xbb8W\
\xa3\x93\xaaL\x03\x00\xf08\x22\x00\x03\x002\xac\xfa[\
\xb0`\x81\xf3\xbd{\xbfXS\xab\xda\xa6w\xbb\xdav\
N\x9d:}v\xe6\xac9\xb5\xb5\xfdhsY\x17/\
^V\xeb\xd0\xa1\xc3\xc7\x5c5\x0f\xd7h\x8c\xad\x02\xb7\
i\xdd\xb2V\xc5\x8a\xe5\x0f\xa7\xa4\x0a\xbccGp\x95\
\xe0\x9d\xbb\x0e\xa4\xf5\x18\x8c\xc6\xd8\xa1\xcf=\xbaw\xf5\
(V\xb4\xa8\xef\x9e=\xfb\x0c\xfe\xfe\xb9\xcd\x13'\x8e\
5zyy\x86i\x95Y\xb3\xd9\x1c)AU\xab\x0c\
k\xc3\x9ac\x9b\x8e\xdd\x1f\xe2\x1cw\xccQ\xdac%\
\xc0\xc6\xde\x1f\xa3\xee\xc7\xcd\xcdb\xf6\xf0\xf0\xb0;\x0f\
\xbb.^\xbc\xd8\xc9\xa9S'\x14\xd9\xbbg_\xc4\xd4\
\xa9\xd3\xad\xdd\xbav*\xfa\xd9\xa7\x1fn\xd2\x82t\xdc\
>\xd5\xc7\xb2\xd6/\x00 +!\x00\x03\x002\xb2\xfa\
{\xd2\xd3\xd3\xd3K\xe6\xd3\xba\xb4\xfa;r\xf4\xd9\xe8\
\xe8hw\x09\x8br\x93\x16\xcc\xacV\xabe\xd8\xb0_\
o\xb9p]`u\x9f\x12f\x07\x0f\x1ap7\x05\x8f\
W\xab\xaac\xc6\x8c\x0bK\xef\xbe\xa3\xa3\xa3mK\x96\
,\xbf;\x7f\xc1\xa2\x06\x9f\x7f\xf1u\xf9\xfc\xf9\xf3\xe5\
\xcd\xe6\x9b\xedN\xb6l\xbe\xb7~\x1f\xf5\xeb\xb6\xd9\xb3\
\xfe>5k\xe6\xd4\xfd\x12\xcce\xbfM\x9b6\x0e\x9a\
3\xfb\xef\x03\x8b\x16\xce=\xfd\xc5\xe7\x1f\xff\x13W\x19\
\xb7\x7f\xf9\xc5'\xff\xcc\x9f;\xe3\xf4\xb4i\x13\xf7\x16\
-ZD]\xdb\xb8K\xe7\x8e\xff._\xb6\xe8\xec\xf8\
q\xa3\x83\xcb\x94.\x1d\x10\x1a\x16jr\x9e\xb3\xdd\xb7\
\xcf\xcb\x17\xfe\xdd\xb2\xed\xe0\x98?\xc65^\xb3f]\
\xad\xd7\xfb\x0d\x92\xa1\xe0\xd5\xdc\xdc\xdc\x22\xfb\xf6}e\
\xd3\xa4\x89cwN\x9d2a\xff\x92\xc5\xf3\x8e\x05\x06\
V<\xa4=7\xbd\xaf\x19\x00\x80\x8cF\x00\x06\x00\xb8\
\xf6\x1f\x96\xb8\xaal\xa1B\x05\xcf=\xf3L\x97\x9a\xae\
\x9e\xfb{\xe2\xc4\x7f\xa7\x16-ZZ3\xb6K\xb1=\
^\xa5Sn[\xb7~c\x8d\x9d;w\x1fTK\xb5\
.\xa8\x02\xcbvd\xdf-Z4\xad\x19X\xa9\xe2\xc1\
\x94T\x81\xd7\xad\xdbPc\xdf\xfe\x03G\xd2S\x89\xbe\
\x17\x1en}\xad\xef+\x85\xbe\xfb\xf6\xab\x7f\xd7\xad]\
n_\xb0pq\xd0\xe5+W\xf27n\xdc\xe8\x90\xac\
+\xd5\xa7\xef\x1b\xb9\xce\x9e={\xe7\xcd\xa1\x83\xc2$\
\xb4\x8e\xf8\xed\xa7\xf2\xabW\xaf\xbb\xd1\xabw\xdf\xec\x15\
*\x94\xcb\x953g\x8e\xeb\xaf\xbc\xd2kS\xcd\x9a\xd5\
\xf3\xbd\xd4\xbb\x8f\xff\xb1\xa3\xc7o\x7f\xfa\xc9\x07\xd7r\
\xe4\xc8\x1e\xf2\xddw_\xd5\xfa\xe9\xe7\xe1\xd7\xbe\xfd\xfe\
\xa7\x9cR\x016(\xb1\xdf\x17h\xf3|\x03\x0a\xe4\xf7\
>|\xf8H\xb8\xd6\xe5\xf9\xfa\xf5\xeb~V\xab5\xca\
\xc7\xc7\xfbv\xa9R%L\xf9\xf3\xe7\xcf\xf1\xf1'_\
\xe48r\xf4\xe8\xb5!\x83\x07\xdcs\xae\x5c\x03\x00\xf0\
8#\x00\x03\x002\xa4\xfa\xdb\xef\xf5>\xa7\xbd\xbc\xbc\
<]\xdd\xf9y\xd4\xa8?.8W\x7f\x13\xd9\xb7q\
\xf8o\xa3\xd4P\xe6\xaaJpl\x887\x19\x86\x0c\x89\
\x0d{\xc9\x91\xe3\x92\x06V\xa3F\x8eIW%\xdab\
\xb1\x18\x8f\x1d?qe\xe3\xc6\xcd\x86\xd9\xb3\xe7\x1f\xa8\
X\xa1B\x9e\xdc\xb9s]]\xbe|e\xcd\xa3G\x8e\
F\xfd\xf0\xfd\xd7\xa7+V\xac\x90'\x222R\x0d\x9e\
\x13&L\x0ez\xe6\x99.\x85\xde{\xef\xcd\xa3_~\
\xf5\x9dr\xe3FH\x9efM\x1b\xfbZ\xadV\xe5\xc3\
\x0f\xde=R\xaaT\x89\x9c\xf9\xf2\xe5\xcd\x1eX\xa9\xd2\
\x7f\x87\x0e\x1d9\xb9j\xd5\x9a\xda'\x8e\x9f(\xb1o\
\xef\x81\xb3\x1e\x9e\x1e\xf1B\xbaAQO\xe4\xfd\xebr\
U\xfd\x12\x22\xc6(\xb7\xaf]\xbb\xfe\xfc\xe9\xd3g\x8a\
l\xd9\xb2\xcdn\x8c\xfbrC\xa6=\xa7\xf5\xb5\x02\x00\
\x90Y\x08\xc0\x00\x00\x97W\x7f\x0b\x17.t\xb6[\xb7\
\xce5\xd4$\xe8\x82\xea\xafTQ\xa5\x9az\xec\xd8\xf1\
\x93\x8b\x16/\xad\x95\xb0\xfa\x9b\xb0\x02\xbbq\xe3\xa6\x1a\
AA\xc1\xfb]5\x17X\xab\x027o\xde\xb4f\xe5\
\xca\x95\x0e$W\x05\x96\x8e\xcdr\x0c\xab\xd7\xac\xadq\
\xf0\xe0\xa14\xcfG\xb6\x98\xcd\xc6u\xeb6D-_\
\xb1\xb2\xdew\xdf\x0fk\x1c\x10\x90\xdf\xbfp\xe1BW\
^y\xf9\xa5-O?\xd5&\xe0\xff\xbe\xfe\xce\x7f\xd9\
\xb2\x95\x17\xe4\xb1\xb1]\xb0\x97\x04\xbc\xf2j?\xd3\xe1\
CGl\x93'\x8d-\x94/_^\xf9\xa2\xc0v\xe8\
\xd0\x91\xab\x7fM\x9c\x92\xe3\xbb\xef\x7f2\xf4}m\x80\
Gdd\xa49[6_/\xc7~,\x16C\x8c=\
\xf6\x8b\x04m\x08\xf7\x89\x13\xff\xdd\xa9Z\xb5\x8a\xba\xbc\
\x94\x5c\xf2\xe7\xcf\x7f\xd5\xc3\xdd\xc3#444\xbb\xc9\
h2xxx\xa8\xf3\x85\xdd\xdd\xddc\xe4\x0b\x8et\
\x9d\x5c\x00\x002\x11\x01\x18\x00\xe0\xf2\xea\xef\x1b\xfd\xfa\
\x9e\xf1\xf0\xf0\xf0t\xd5\xdc_C\x9c\x9f\x7f\xf9\xed\x8a\
\xd5ju\xd3\xf6\x93\xd41\xc8\x8f\xe1\xc3GEi\xcf\
U\x5c \xae\x02\xad\xbc\xf9\xe6`u\xbb\xc9-\x0b$\
U`Y:h\xdc\xb8\x89W\xd3\xba\x7f\xb3\xc9l|\
\xe6\x99.\xd9{\xf5z\xe1\x9f\xef\xbe\xfdj\xb3\xbc\x94\
#G\x8e\x16\xf7\xcd\xe6\x1bc\xb6\x98\x8d\x85\x0b\x17\xbe\
\xd6\xb6\xddS\x85\x0a\x17*\x98M\x0eg\xf2\xe4\xf19\
\xbav\xe9t\xea\xe4\xa9\xd3^\xee\xb2\x80\xb1\x9b[\xf4\
\xdc\xb9\x0b\xa2\x9b7oR\xb6@@\xc0\xdd\xe6\xcd\x9a\
^\xef\xd2\xb9\xe3\xc9\xbd\xfb\xf6\x97\xcd\x913\x87\xd7\xc7\
\x1f\xbd\xbf\xb1[\xb7\xce\x9b\x1b6\xaa_9*:Z\
=F\xadI\xd6\xd8\xb1\x7f\x95\x0a\x0c\xacX\xfc\xddw\
\xde\xdc\xd8\xa6u\xcb\xad\xe3\xc6\xfe\xee;c\xc6\xec \
\x99c\x9d\xdb?\xb7\x87\xa7\xa7\x87T\x82\x8dnn\x96\
\x98l\xbe\xbe\x9e\xe98\xad\x00\x00d*C\xe1\x22\xa5\
\xd3\xbdT\x04\x00\x00Z\x03\xa5\xc2\x85\x0b\x9dY\xb5r\
q~777\x8b\x16\x5c]Q\xfd\xdd\xb3g\xdf\x91\
N\x9d\xbb\x975\x1a\x8dZ\x17\xe2$I\xd1U\x8a\xcf\
S&\x8f\xdf\xd5\xa8Q\x83j\xb6\xb8\x92\xad\xab\xe6!\
\xf7|\xe1\xe5]\x9b7o\xa9\x167\xcd\xf8\x81\xedj\
\x95Tww\xb7\xf0\x95+\x16\xdf(R\xa4pAm\
\x08\xb7\x88\x88\x88\x08o\xda\xb4\xcd\xcd\x8b\x97.\x05h\
Us\xa7cW\xaf\xb7n\xddbK\x83\x06\xf5lR\
q\x8d\x8c\x8a\xb2\xcf\x98>+\xff\xd1c\xc7Ky{\
{\x85\x0d\x1d:(\xb8D\x89\xe2\xde;v\x04\x87F\
D\x84\x1b&N\x9c\xda\xb8x\xf1b\xa7\x06\x0e\xe8w\
1Wn?\xcf9\xb3\xe7G,^\xb2\xac\x9elO\
Bn\xbbvO{]\xbbz-|\xfc\xf8\x89\xfeG\
\x8e\x1e+]\xael\x99c\x83\x06\xf5\xbf\x19\x12\x12\x12\
u\xe1\xc2E\xdb\x9a\xb5\xeb\x03\x8e\x1f?QZ{\x0f\
\xe5R\xacX\xd1S\x03\xfa\xbf~\xd1/\xa7\x9f\xfb\x9a\
\xb5k\xefM\x9b>\xab\x91l\xafS\xc7\xf6\xff\xde\x0d\
\x0d5\xaf]\xbb\xbev\xe5\xca\x95\xf6\x97.U\xea\xd6\
\xec9\xf3\x1a&|\x1d\x00\x00<\x8e\x08\xc0\x00\x00\x97\
\xd0\xc2\xe0\x0f\xdf\x7f\xbd\xb9G\x8fn\x0d\xacV\x9b\xd5\
l6\x99\xd3\xbb]-\xbc\xf6\xea\xdd7h\xc3\x86\x7f\
j&\x15:\x13;\x16\x19\xae\xbcp\xc1\xec\x0aZ'\
gW\x1d\xcb\x8e\x1dA\xfb\x9e\xe9\xfeB\xa5\xe4\xc2\xb8\
\xd9l\xb2\xcap\xe8\x9e\xcf\xf7\xf8\xe7\x9bo\xbel\xa4\
\x05\xf9\x87\x05\xe0\xe4$W\xf9N\xe9\xe3S\xb2\x8d\xd4\
\xee\x07\x00\x80\xac\x82oj\x01\x00\xe9\xff\xc7$.\xc4\
\xc9\xfa\xb1\x9d:\xb5\xaf\xe5\xca\xb9\xbf\x128\x83\x82w\
\x1e\x90y\xbd\xb1s\x7f\x93\x0f\xbfq\xcfS\xe7\xe8\xee\
\xdd\xbb\xbf\xe2\x9a5\xeb\x82]=\x17\xb8V\xad\x9a\x81\
\x0d\x1b\xd6\xdf)\xaf9\xe9\x8e\xd0v\x93\x04\xc9y\xf3\
\x17V?w\xee\xfc\x05u\xa1b\xbb=\xc5\x9d\x92\xe5\
\x90%Dk\x17\xad:+\xdb\x94\xeb\xb2_\xedg\xdc\
\xe3\xed\xdau\xe7c\xb2X,Qrq\xde\x86\xfc\xd4\
\x1e'\xb7k\x15k\x8d\xf6\x18\xe7\xed\xc9E\x1e'?\
\xb5%\x8f\xb4\xed\xa4\xeb\xa4\xb2\x84\x12\x00 \x13\x11\x80\
\x01\x00\xe9\xa6U\x0c\xdf}g\xe8U\x99~\xaa\x0d\xf7\
u\xd5\xa9\x1d>|T\x84\x16\xfe\xd2\xf0\x5co\x09\x9e\
\xae\x9c\x0b,?\x87\x0c\x19\xe0\x91\x5c\xa5Tn7\x99\
\x8c\xb6\xf0\xf0\x08\xef\xb1c'\x9cP\x0f>FI\xf1\
\xf1\xcbw\x08RA\x96 -\x17\xadJ,\xdb\x8d\xbd\
\xdd\x16w\x7fl\xd8\x97\xfb\xb5\xeb\xda\x97\x04\xf2\xd8\xe8\
\xe8h7\xb9\xc8}\xda6\xe4\xa7\xf68\xb9=\xb1\xd7\
\x90p{r\x91\xc7\xc9O\xe7\xed\xa4`8\xba\x9c\xfb\
d_7C\xa7\x01\x00\x99\x85\x00\x0c\x00H\x17-|\
U\xa8P\xeeH\xeb\xd6-kj\xf3d]9\xdcx\
\xd3\xa6\x7fS\x5c\xfdM\xd8\x11z\xff\x81\x83\xe5W\xad\
^\x1b\xe4\xea*p\xcd\x1a\xd5+6n\xdc08%\
U\xe09s\x17T\xbbz\xf5\xda\xb5\xd4V\xc5\xb5\x80\
\x9d\xd80f\xed\x12\xbb\x9f\xa4\xe7!\xd7\xafWwg\
\xf3\xe6M\xb7\xfb\xf9\xf9]w~\xeeC\x82\xe9\x03\xf7\
\x97.]\xeaD\xb6l\xd9n?\xf0\xc0\xb8cKl\
\xbb\xf2S\xceO\xdcc\x1c\xb79?F\xaa\xd3\xe5\xca\
\x95=&?\x13{\x0d\xdac\x9d\x8fE\xbb=\xe1\xf9\
\x90\xdb\x9coOl\x7f\xa9\x09\xe6\x00\x80'\x0f\x01\x18\
\x00\x90n\x12p\x06\x0f\x1ep[\xc2\xa1\xab\xaa\xbf\xb1\
\x15\xd3\x18\xe5\x87\x1f~\xd1\xae\xa7:\xach\xc1\xe8\xb7\
\xdfFe\xcf\x90*\xf0\xe0\x01^\xda\xb0\xe2\xe4\xaa\xc0\
aaa\xbeS\xa6L;\x18\xf7\x9abR\x13~G\
\x8f\xfem[\x87\x0em\xff\x95\xdb\xb4\xa0\xad\x85b\xad\
*^\xbbV\xcd\xbdf\xb39Z\xee\x1b7ntp\
\xf3fMv\xc8}\xbf\xfc\xfc\xfd\xbf\x1f|\xf0\xae\xf7\
s\xcf>c\xacR\xa5\xd2\xc9\xd8m\x18mr\x9f\x16\
L\xe5\xf8\x03\xf2\xe7\xbf8\x7f\xde\xccCy\xf3\xe6\xb9\
\xa2u\xd1\xd6\xee\xd7\xf6\xf9\xc7\x1f#\xcdu\xeb\xd6>\
\x22\xbfka\xb5y\xb3&\xdb\xbf\xf8\xfc\xe3M\xce\xc7\
\xe4\xfc<\xf9Y\xb2d\x89\xff\xf2\xe5\xcd{I\xb6\xa9\
\x9d+\xe7}\xe7\xce\x9d\xeb\xc6\xf4i\x93r[,\xe6\
\xe8\xb6O\xb7\xd9\xfa\xe7\x1f#w\xc4\x1d\xa7\xd5\xf9\xb1\
\xda9v\xde\x86\xf67\xe1\xbc\xef\xb8\xef_\x1cC\xb4\
\x9d\xb7\xe1\x1c\xa4\x9d\x8f\xc1\x05\x7f\x12\x00\x80,\x82\x00\
\x0c\x00H3\xad\xd9T\xa5J\x15\x0e\xb7h\xdeT\xad\
\xfe\xba\xa2\xdb\xb2\xd60j\xdd\xfa\x8d\xc1A\xc1;\x03\
S\xd2\xf8*\xb9*\xf0\xc1\x83\x87\xcb.\x5c\xb8d\x9b\
lS\x9as\xa5\xf7\xf8\xd41\xc76\x9b\xadZ\xb5*\
\x15\x9a6i\x94\xa2*\xf0\x94\xa9\xd3\x02o\xdc\x08\x09\
\x91\xdb\x1e\x16\x82\xb5\xf0X\xa6t\xa9\xe3O?\xd5\xba\
\xce\x0b=\x9f\xf3\x8d{\x9eA\xe6\xe5\xba\xb9Y\xee\xe5\
\xcf\x97\xef\xa2\x04\xd7\x22E\x0a\x9f\x9e8ql\xc9\xca\
\x81\x95\x0e\xcb~\xa6O\x9b)U\xef\x22\xb9s\xe7\xba\
\xd2\xacY\x93\xc0o\xbe\xfd\xe1^\x9f\xbe\xfdkn\xdf\
\x1e,\x1d\xb4\xed2\xacY\xb6%\xef\x99\xb7\xb7\xf7]\
9\xf6[\xb7oe\x1f\xf3\xc7\xd8;w\xef\xde\xf5\xd1\
\x82f\x95\xca\x81\x07\xb3g\xcfvS;\xef\xd6\xe8h\
\xab\x12w\xd8Z\x88\xcc\x93'Od\xc5\x8a\xe5\xfd\xe5\
w___\xf9\x02$\xbal\xd9\xd2\xc7\xfd\xfds_\
\x91\xe7y{{\xdf\xf9\xe8\xc3\xf7\xee\xbc\xf2\xcaK\xc7\
<==C\xb5\xa1\xce\xb2o\xa9&\xc7\x86XcL\
TTT\xb4\xa7\x87g\xc4\xde}\xfb\x0b\xfe=m\xa6\
\xba\x7fYF*g\xce\x9c7\xa4\xf2l4\x1a\xa3=\
==\xc2\xb4\x8a\xb2\x04u\xe9d\xad\x1d\xabl\xdbl\
6G\x95(Q\xfcd\x81\x02\x01\xe7\xb5p,?\xb3\
g\xcfv\xabb\xc5\x0ajpw\x0e\xd2\x81\x81\x15\x0f\
\xcb}q\xc7D%\x18\x00t\x82\x00\x0c\x00H3-\
L\x0c\x1e\xd4\xff\xae\xd9l\x96\x8a\x9aK\x82\x84\x94\xea\
l6[\xcc\xaf\xbf\x8c\xf0L\xef0U\xad\xf2\xf7\xcb\
\xaf#\x02\x22##\xa3\x8cF\x83\xcb\x8eS\xb63\xf4\
\xcdA\xd9$\xf8%W\x05\x96\xe0y\xf3\xe6-\xbf)\
S\xfe\xde'\x07\xf3\xb0fX\x06Cl {\xa9\xd7\
\x0b\x97\xe7\xcc\x99\xff\xaf\xa7\x97\xa7{\x8d\x1a\xd5\xf6I\
X+X\xb0\xe0\xd9\x15\xcb\x17\xdd\x987o\x86\xb1s\
\xe7\x0e\xc7\xdey{\xe8e77\x8b\xdbG\x1f\xbfo\
\xf1\xf1\xf6\xbe\xdd\xfb\x95\x17-E\x8a\x14\xbe4`@\
\xbf\xa3\x9e\x9e\x9e\xee\xef\xbf\xf7\x96W\xd3\xa6\x8dw\xcc\
\x981\xf9\xa2\x9b\x9b[d\xde\xbcy./Z8\xfb\
\xf07\xdf|i\x5c\xb1|\xe1\xed:uj\xedQb\
\x0c\xf6\xde\xbd^\xf4\xb5Y\xed\x86\xb2eJ\x1f[\xb3\
z\xe9\xa9O>\xfd@Y\xbchnh\xfd\xfauw\
\xc9\xb1\x98L\xa6\x07>3X\xadVCDd\xa4Z\
y\xfe\xfc\xb3\x8f\x0e\xac^\xb5\xe4\xe2W_~\x16\xb9\
l\xe9\x02S\x95*\x95\x0f\xb4n\xddbo\xf5\xeaU\
Kv\xee\xdc\xb1B\xc3\x86\xf5\x0ff\xcb\xe6{k\xe6\
\x8c)\xfb>\xff\xfc\xe3\x98ys\xa7\x87\x04\x06V<\
\x14\x16\x16\xeae6\x9b,\xe1\x11\xe1\x1eeJ\x97\xbe\
\xd0\xa9c{\xf5\x8b\x84\x96-\x9bo_\xb1|\xa1\xed\
\x8b/>\xbe\xb7j\xe5\xe2\x8b\x83\x07\x0d\x08\x96s)\
]\xb5\xa7\xfd=1|\xd8\xb0\xef\x94_\x7f\xfdq\x8b\
<v\xe0\xc0~\xc1k\xd6,\xbd\xf2\x7f\xff\xf7\xd9\xdd\
\x85\x0bfyv\xed\xdc\xf1_yl\xeb\xd6-\xb6-\
\x5c8\xfb\xee\xf7\xdf\xfd\x9fq\xfe\xbc\x99\x07s\xe6\xcc\
\x11\xe2\xe3\xe3sw\xda\xb4\x89{\xbe\xf9\xfaK\xb9\xed\
V\x83\x06\xf5\xd4\xd7\x07\x00\xd0\x07\x020\x00 ]s\
\x7f\x03+U<\xd8<\x03\xaa\xbf\xab\xd7\xac\xdb\xb1o\
\xff\x81\x0a\xa9\x9d\xfb\x9b\x906$\xf6\xcc\x99\xb3E\xe7\
\xce[\xb0=v.\xb0\xddes\x81\x03+U,\xdb\
\xbe\xfd\xd3;\x92\xab\x02k!|\xd2\xe4i\x15o\xdf\
\xbe}\xd7\xcd\xcd\xcd\xcd\x1e\x93x\xf3(y\x9cTi\
===\xef5n\xd4\xa0\xc4'\x9f~Qe\xf9\xf2\
\x95\x97\xba?\xd3\xf5\x8e\xdc\xef\xe6\xe6f\xf5\xf7\xcf\xed\
\xf7j\x9f7n\x8d\x1e3\xb6\xe1w\xdf\x0f+t\xeb\
\xd6\xad[\x1f~\xf8\xa9\xf9nhh\x8e\xd2%K\x05\
d\xf3\xf5\x8d\xfc\xe6\x9b\x1f\xea\x5c\xbat9d\xf0\x90\
w\xdcO\x9f>\x9d\xa7P\xc1\x82y\x22\x22\x22<?\
\xf8\xe0\xdd\x93W\xaf^\xbb\xdb\xbe}\xd72\x13'M\
\xfd\xef\xd9\x1e\xdd\x22\x14\x83b/Y\xb2D!\xc5\xa0\
\x18J\x94,~c\xfe\x82Eg^x\xe1\xe5\xa2A\
\xc1;\xcf\xbc\xfe\xda\xab\xda\xdc\xdd\x07\x02\xbe\xdc`4\
\x18\xd5\xdb\x03\x02\xf2{\x1d=z\xfc\xd23\xdd{V\
\x5c\xbbv\xfd\x91\xbe}_\x0e[\xb0`q\xfd-[\
\xb7\x1f\xf9{\xda\x8c\x03\xabV\xad\xa9\xfd\xd1G\xef\x1f\
\xb0\xda\xac\xb6\xe7\x9e\xebU|\xdd\xba\x0dg?\xfd\xf4\
C\xb5\x22m0\x18\x15\xf9\x99=G\xb6\xe8B\x85\x0a\
f\x97\xed}\xf6\xe9\x87\x85\xc6O\x98t\xf8\xb9\xe7z\
\x05^\xba|\xf9z\xce\x9c9\x8crN>\xfc\xf0\xfd\
\x1a\x9f|\xfa\xe5\xcd\xe7{\xf6\xca\xf3\xf4S\xad\xabI\
\x88\xf6\xf0\xf00\xdc\xbay\xebv\xcf\x9e/W\x9c4\
\xe9\xef\xfd\xdd{t\xcb&\xe7\xf1\x9b\xaf\xbf(=\xe2\
\xb7\xd1g\xda\xb6\xeb\x5c\xea\xe6\xcd\x9b\x11u\xeb\xd4>\
\xd2\xa7O\xef\x9d\xd9\xb3e\xf7\xec\xde\xa3g\xc1%K\
\x96\x9f\xfe\xf4\x93\x0fs\xc4\xbd\x14\x00\x80\x0e\x10\x80\x01\
\x00i\xa2U<\x87\x0e\x1dx\xcfd2\xa5xn\xeb\
\xc3hAk\xca\xe4\xbf\xcd\xaejR\xa4\x05\xd0\xd1\xa3\
\xc7\x16\x09\x0f\x0f\x8fpU\x15X\x9b\xd3;\xa0\xff\xeb\
\xf9-\x16KdR\x9d\xaac\xc3\xb1\xd1\x16\x12\x12\x92\
{\xee\xdc\x05\xbb-\x16\x8b\x9b\xe4\xfc\xc4\xb6)\x8f\x93\
m4jT\x7f_\xee\xdc\xb9\xfc\xbau\xed\xbc\xb3H\
\x91\xc2\xe6\x16-\x9aU\xd0\x02\xf6\xd9\xb3\xe7\xaf\x1c:\
t\xb8\xac|\xe7\x10\x16\x16\xe6e\xb7\xc7\xd8###\
-r_ddd\xb4Lw\x96\xce\xcf6\x9b\xcd\x1e\
\x1a\x1a\xeae\xb5\xdaL\xd1\xd1\xd1\xd1\xb2\xdd\x82\x05\x0a\
\xe4\x983g\xbe\xba|\xd1\xf8\xf1\x13\x1b\x0f}\xf3\xbd\
:\xd9|\xb3\x85\x85\x86\x86\xdess\xb3Dl\xdd\xba\
\xbdL\x99\xd2\xa5\xdc\xc7\x8f\x1fs\xbc\x5c\xd92y#\
\x22\x22R4d\x5cN\xe7\xae\xdd{\x22\xe5\xf7\x93'\
O\xc9\xfc]\xf5uGGG\xdb\x22\xc2#\xd4`_\
\xae\x5c\xd9\x5c\xfe\xb9\xfd\xb3\xcf\x9e5\xf5T\xa3F\x0d\
\x0a\xde\xb9}'\xdc\xcb\xcb\xf3^L\x8c:?;\xc6\
n\xb3\x19\xee\x86\xde\x8dtww\x8f\xf0\xf4\xf4\xf4\x5c\
\xb2dYq9\xce\xd3\xa7\xce\x84EEE\xc5\xf8\xf9\
\xe5\xbc&\xe7\xfb\xed\xb7\x87\xb8M\x992\xe1\xf2\x95+\
WCd>\xb2\xd1`T\xf6\x1f8\x14\x22\xe7\xe3\xec\
\xd9s\xe6\xd0\xd0\xd0h\x19\x16\x1d\x11\x11\x19\xb5r\xd5\
\x1a\x19Bo\x7f\xe5\xd5~\xd5\x97-_Y\xafb\x85\
\xf2\xde>>\xde^3\xa6O>\xd7\xbaM\xcb\xc2\x97\
/_\xbe\x9b\xde\xbf\x03\x00@\xd6A\x00\x06\x00\xa4\xb9\
\xfa[\xb9r\xa5\x03\xcd\x9a5qY\xf5W\xeb }\
\xe3F\xc8\xcd\xbd\xfb\x0e\x94\xd4\x1a\x18\xb9`\xbbj\x15\
\xf8\xec\xd9s\x85\xe7\xce]\x10\xe4\xaa*\xb0\xb6\xb6o\
\xe9\xd2\xa5\x8a\xb7o\xf7t\x90\x16t\x13?\x86\x18u\
^\xea\xc4\x89S\x8b\xdc\xbau\xfb\xb6\x9b\x9b[tR\
\x8f\x93\xd7\xdd\xa3{7\xd3\xd6\xad\xdb\x0f\x14+V,\
\xe6\xee\xddP\x9b\x04\xd8\x06\x0d\xea\xed\xbe}\xeb\xb6\x8f\
\xc5b6Y,\x96\x08y\xbc\xd9l\xb6J\xa0\xbfy\
\xf3\x96Z9\x95\x80\xa8e\xfb\xd8\xf3\xa9\xae\xdf\xab\x06\
\xd4\xd8%\x94\xac\xd1\xc5K\x14\x8b\x90\xaaz\x91\xc2\x85\
\xcft\xec\xd8\xee\xdf\xc8\xa8H\x8b|\x89q\xf7nh\
\xce\xcf?\xfb\xf8\xa8\x9b\xbb\xbb\xf1\xf9\xe7{WY\xbd\
z\xdd\x05w\x0f\x0f\xf5}\x950\x9d\xf0;\x03\xb9f\
\xb3\xdbb;Q\xdbmv\x0f\x0f\x0f\xf5w\xb3\xc9\xac\
\xd8m\xb1\xb7[\xccfSDdDl\x93*\x9b=\
f\xc3\x86\x8d\xe7:u\xeeQ\xf2\xf9\x9e\xbd}?\xf8\
\xf0\xd3\x02rN\xb4\xf7B6o2\x9a\xd4\xf0.\xd7\
\x0a\x04\x04\xa8s\x90-\x16\x8b\xfa\xbd\x88\xdcn4\x1a\
L\x83\x06\xbd\x95\xadS\xa7\xee\xc5_|\xe9\xd5\x88=\
{\xf6U\xf0\xf4\xf40\x9aM&\xb5\xd3\xb4\xd1l\x94\
\xb0\xadDEE\xb9\xfb\xfa\xfax\xe7\xce\x9d+D\xb6\
!\x8d\xc1*V,\x7f8\x22\x22\xd2\xbaw\xef\xbe\xf3\
\x9d:\xf7(\xde\xbd{\xcf\x1c\xef\xbd\xffQ\xee\xf4\xfe\
\x1d\x00\x00\xb2\x0e\x020\x00 \xd5\xb4 \xf4\xce\xdbC\
\xa3\xe2\xc2\x95K*\xb5\xda\xd4\xd8\xf3\xe7\xcf_\x09\x0d\
\x0dU\x87\xb1&5\xb76\xcdU\xe01c\x8b\xdd\xbb\
w/\xdcUU\xe0\xb8\xc6J1\x03\x06\xbc^P\xaa\
\xc0Z\xd0M\xf88\xad1\xd3\x99\xb3g\x8b\xcc\x9e=\
wO\xb6l\xd9\xc2\x12>&.O\x1b\xa5\x99S\xfd\
\xfau+\xbf\xfd\xce\x07E\xbf\xf8\xf2\xeb\xc6\xff\xf7\x7f\
\xdf5\x9e9s\xce\xa1A\x83\xde\xf0pww\x8b\xf2\
\xf6\xf6\x96\xb5\x8d\xd5\x7f\xc3\xc3\xc2\xeey\x19\x0c\x06\xd3\
\xe7\x9f}|\xd8\xc3\xc3\xfd\x9e\xb7\xb7\x97\xa7\xc5\xcd\xa2\
\x9e\xc8l\xd9\xb2e\x93\xb7G\xb6\x9b={\xb6l\xd2\
@k\xdc\xf8\x89\x11\xaf\xf5}\xb5\xca\xfb\xef\xbf\xbdq\
\xea\xd4\x09\xa6\xd2\xa5JEGFF\xba\xe7\xc8\x9e=\
\xa7\xc9d\x8a:|\xe4Hd\xd92\xa5\xf3\xff\xef\xfd\
\xb77\xbe\xf2\xcaKU=\xdc\xdd\xd5\xcar\xb6l\xd9\
|\xb4\xedj\xdc,n1\xd9|}=\xe5w__\
_96\xf5vww7\x83\xb7\xb7\xb7z\xe5\xc6\x8d\
\x90\x88^/\xbdP\xb4|\xf9\xb2G\x86\xfd\xf4kD\
\xb7n]*\xbd\xf3\xf6\xd0\x7f\x7f\x1a\xf6\xdd\xd9\x9e=\
\x9f=&\xc7\x9f3g\x8e\x5c\xf2X\x8b\x9b%&g\
\xce\x1c>\xf2\xda\x16,X\xb2\xff\xb7\xdf\x86\xf9\xff\xef\
\x7f\xefll\xd9\xb2Yy\xf9\xdb\xb8z\xf5Z\xfe\xdd\
\xbb\xf7\x1e\xfe\xf9\xa7\xefC\x86\x0e\x1d\xb8e\xdc\x1f\xa3\
\xa4*|\xd3\xcd\xcd\xcd\xe8\xe9\xe5)A\xdd`1Y\
\xec\xb9r\xf9\xf9X\xadV\xb7\xa5\xcbV\xec\xf9c\xcc\
\x08\xablc\xc4\x88\x9f+Y,\x16\xeb\x9fc\xc7g\
o\xd1\xa2Y\xa5\x8f>|\x7f\xebO\xc3\xbe?\xd1\xb7\
\xcf\xcb'\xd2\xfb7\x00\x00\xc8:\x0c\x85\x8b\x94\xa6\xf3\
!\x00 \xc5\xb4\x8e\xcc\xd2<\xe8\xef\xa9\x7fUs\xd5\
\xba\xbf\xc2j\xb5\xda\xa5\x99Vp\xf0\xce\x83]\xbb=\
_\xc1\x95\x01\xd8\xf9\xd8%\x10\xbd\xd1\xafoc\xe9\x08\
m\x96r\xa5\x8b\xd6,~\xeb\xed\xf77\xcf\x9d\xbb\xa0\
\x81\x04M\xad\xdb\xb23-\x18\xe7\xc8\x91\xe3\x86\xcdf\
\xb3\xdc\xb9s'\xbb\xf3k\xd4~/Z\xb4\xc8\x99R\
\xa5J^^\xbdzm\xed\xd8\xe5\x8db\x0c\xd9\xb3\xe7\
\xb8U\xbbv\x8d\xe3[\xb7\xee(]\xadj\xe5\xff\xd6\
\xad\xdfXS\x9e#\x8f\x97\x06Y\xb5k\xd5\x0c\x19;\
\xee\xaf:M\x1a7\xdc\xbbo\xdf\x81\xc2\x97\xaf\x5c\xc9\
\xdf\xaaU\x8bm\xff\xfc\xb3)\xd0d2\xdb\x9b4i\
\xb8\x7f\xd5\xaa\xb5\xd5\xa5\x8aZ\xabV\x8d\xbdu\xea\xd4\
\xbay\xfc\xf8\x09\xf7\xe5\xcbW\xd5\x95\xe0\xdc\xa8Q\x83\
}\xeb\xd7\xffS5::\xda\xbd{\xf7\xae\x9b\xfcs\
\xe7\xb6\xed?p\xd0GV\xb6Z\xbf~c\xcdV-\
\x9bo?p\xe0P\xa1\x8b\x97.\x05hA\xbdH\xe1\
B\xa7\x0b\x15.t}\xf3\xe6-5\x1a5l\xb0\xf3\
\xda\xb5k\xbe\x87\x8f\x1c-]\xbat\xa9c\xd9\xb3g\
\x0b\x0f\x0a\xdaY9\x97\x9f\xdf\x8dN\x9d\xdb\x1f\x08\xda\
\xb13\xb7\xcc\xe9\xae\x5c9\xf0`\x93&\x0d\xaf]\xbd\
r\xd5\xb8h\xf1\xd2\xea2<\xbbU\xcb\xe6\xbb\x97-\
_YK\xbaZ\x17-V\xe4\x8a\xac\xfb,\xeb\x167\
n\xd4\xe0\x88\xc1h\x88\xe9\xd1\xbd[\xb6\xd3g\xce\xdc\
}\xff\xfd\x8f\x1b\xb8\xbb\xbb\x87w\xed\xda)\xc8\xdf?\
\xb7}\xcb\x96m~AA;\x03k\xd6\xac\xbe\xcff\
\xb3\x1bw\xed\xda]\xb1P\xa1\x82g\x8b\x14)|m\
\xf3\xe6-\xd5\xe5\xfct\xe9\xdcqs\x81\x82\x01\xd6u\
\xeb6\xe6;x\xf0PY\xb9\xadr`\xa5\x83\xcd\x9a\
6\xb9v\xeb\xf6-\xc3\xfc\x05\x8b\x02o\xdd\xba\x9d3\
\xbd\x7f\x03\x00\x80\xac\x81\x00\x0c\x00H\x15mm\xd5Y\
3\xa7\xec\xafU\xabf\xa0\x16\xfe\x5cq\x1a\xb50}\
\xe5\xca\xd5\xebM\x9a\xb6\xf2\x0c\x0f\x8f\xf0\x92\xdb]\x15\
\x82\xb5c\xcf\x993\xc7\xf5ukW\xb8\xe5\xc8\x91=\
\x9b\xdc\x9e\xde\xf5\x81\xb55\x86O\x9f>s\xaeu\x9b\
\x0ey$d:/\xb9\x93V\xae\xfe\x02@h\xe15\
#\xf7\x91\xd2}'\xe7\x9dw\x86n(Y\xb2\x84\xe7\
\xd1#\xc7\xc2{\xf4\xe8Vn\xc8\xd0w.\xed\xd8\x11\
\x5cY\xeeK\xeb\xf1:\xaf\x1b\x9c\x96\xe7\x03\x00\xb2>\
\x86@\x03\x00R=\xf7\xb7a\xc3\xfa;%\xfc\xbaj\
\xee\xaf\xe3\x1f%un\xae\xcd\x967o\x9e\xdc\x0d\x1b\
\xd6\xdf/A\xc5d2\xa5{\xdd\xde\x84s\x81CB\
n\xfaO\x9a<uw\xecrK\xae\x9b\x0b\x5c\xacX\
\xd1\xc2\x9d:\xb6Ov.\xb0\x16\xc4\x92k\xf0%\xf7\
ik\x01'\xbcM\xfb\x99`\xff6\xa9:\xcb\xef\xda\
c\xb4\xdf\x9d\x9f\xab\x9d\x03\xf9]\x1e\xef\xbc\x0f\xe7m\
\xca}\xda\xfd\xda\xed\xce\xdbMxL\xda\xfdr\x1a\xe2\
\x8eGN\xb4c\xdf\xb2--\xfc\xca\xcf\xd8m\x1b\xad\
I\x1d\xa7\xfc\x1c9rL\xed\x15+VY\xed1v\
\xa5W\xaf>w\xb6o\x0f\xaa\x92\xf0\xf8\x12\xec\xcf\x9e\
\xf0\x98\xb4\xdf\xb5\xc7j_Jh\xc7 \x17W5Z\
\x03\x00d\x0dT\x80\x01\x00)\x16\x17b\x0cs\xe6L\
;X\xb3F\xf5\x8a\xae\xac\xfe&\xac\xa6\x9e:u\xfa\
l\x97\xae\xcf\xfa\xca\xfa\xb92\x0cX\xb2\xb6\xdc\x95\xde\
%k\xb4\xc0\x93={\xf6\x90uk\x97\x1b\xfc\xfcr\
\xe6te\x15\xf8\xc2\x85\x8b\x97Z\xb7\xe9\xe0\x1b\x16\x16\
\xe6#\xb7Sm\xcc\xfc\xea1\x00\x00I\xe1\x1f\x12\x00\
@\xaa\xaa\xbf\x8d\x1b7\x0c\x96\xf0\xeb\xea\xea\xaf\xe3\x1f\
&\xa3QmNU\xbcx\xb1\x22\x93&\x8d\xbbR\xac\
X\xd1\x93V\xab\xd5\x12\x17~\x0cZE\xcf\xb9B\x19\
W}T+\x90\x0f\xab\xe8i\x15\xc0[\xb7n\xe5\x9a\
4i\xea>WW\x81\x0b\x16,\x10\xf0\xdcs\xcf\xec\
\x8a\xad^']\x05F\xf2\x12Vo\x09\xbf\x00\x00W\
\xa0\x02\x0c\x00H\x11m\x08\xe9\xdc9\xd3\x0fU\xaf^\
\xb5BFT\x7f\x9di\xe3eCC\xc3\xc2f\xce\x9c\
\x1d<g\xee\xfc\xbc\x87\x0f\x1f-\x1d\x13\x13\xf3\xd0/\
o\x9d\x87\xfb&V\x815\x18\x0c2\x5c\xd6\x90={\
\xb6\x9b\xeb\xd6.W\xfc\xfc\xfcrJ\xe8No3/\
\xad\x0a|\xe5\xca\xd5\xab-Z\xb6\xf5\x90N\xd6r;\
U`\x00\x00\x1e\x0f\x04`\x00@\x8a\xbb'7k\xda\
x\xc7_\x7f\xfdY+\xa3\xc3\xaf&a\x87\xe9#G\
\x8e\xfew\xf0\xd0\xe1+'\xff;\x15u\xf6\xec9\xcb\
\xdd\xd0\xd0\xd8uw\x14E\xb9v\xed\xba\xe7\xad[\xb7\
\xb2_\xbat9\x9ftXNx\xecI\xbd\xa6>}\
zo\xfc\xe4\xe3\x0f\x1a\xbb\xea5i\xdb\xf9\xe6\x9b\x1f\
6\xfe\xf1\xe7\xf8\xc62\xd7\xd5f\xb3\xa7\xbb\xd34\x00\
\x00H?\x020\x00 \xc5s\x7f\x17.\x98u\xa4J\
\x95\xca\xe52+\x00\x0b\xa9\xcc\xa6t\xb8uDDD\
\xa4\xcc\xc1\xdd\xbe=\xe8\xdc\xb2\xe5+=7m\xfa\xb7\
\xba6l:a\x08\xd6\x1aQ\xb9\xbb\xbb\x85\xafY\xbd\
\xecv\x81\x02\x01\xf9]Y\x05\xbev\xed\xfa\x8d\xe6-\
\x9e2\xdf\xbd\x1b\x9a=\xeeu\xd0y\x18\x00\x80G\x8c\
9\xc0\x00\x80\x14\xcd\xfdm\xd7\xf6\xa9\xad\x99\x1d~\x85\
\x84I\xd9\x9f\x16\x84e\xed^\xedbs\x22\xf7{x\
x\xb8\x97(Q\xbc\xe8\xf3\xcf\xf7h8u\xca\x84\x1a\
\xf3\xe6\xce8X\xb7n\xed]r\xc8\x09;/\xc7\xce\
\x056\xd8\xc3\xc3#\xbcG\x8f\x19{B\xf6#\xdbp\
\xd5\x5c\xe0<y\xfcs?\xff|\x8f=\xcc\x05\x06\x00\
\xe0\xf1A\x05\x18\x00\x90,mI\x9b\xe5\xcb\x16\x9c+\
U\xaad\xb1\x8cj~\xe5\x0a\x12`c\x83r\x8c\xdd\
h\x94^W\xb1\xd5\xdc\xdf\x7f\xffc\xe3\xf7?\xfc\xdc\
Hk\xf4\xacUc\xb5@,U\xe0U+\x97\x84\x14\
.\x5c\xa8\x80+\xaa\xc0Z\x90\xbeq\xe3FH\xb3\xe6\
O\x19\xef\xdc\xb9\x9b\xc3y\xbf\x00\x00\xe0\xd1\xa0\x02\x0c\
\x00H\x92t\xe0U\xab\xbf\xed\x9e\xdaQ\xbat\xa9\xe2\
\x8fs\xf8\x15R\xc5\x95\xf0j6\x9b\xcc\xda\x9a\xc2\xa2\
\x7f\xff\xd7\x1b\xff\xfa\xcb\x8f[\xa5\xf9\x95s\xa7h\xad\
:\x1b\x11\x11\xe95f\xcc\xd8\x93\xae\xaa\x02\xcbv\xac\
V\xab=w\xee\xdc\xb9^|\xe1\xf9\xbdT\x81\x01\x00\
x<\x10\x80\x01\x00\x89\x92,h\xb7\xc7\x18-\x16K\
\xd4\xc0\x01\xfd\x02$\x18\xa6w\xad\xdc\xcc&a]\x82\
ptttT\xe7\xce\x1d\xea}\xf7\xedW[e8\
\xb4\x84`\xed16\x9b]\x1d\x1e=w\xde\xc2\x9a\xa7\
N\x9f>\xab\x0daN\xef\xbe\xe3\x02xL\xdf\xbe\xaf\
T\xcd\x9b7\xcf\x15\xd9\x8f\xf3~\x01\x00@\xe6#\x00\
\x03\x00\x12\xff\x07\xc2hP\xe7\xfevh\xdfv\x876\
\xf49\xbdC\x83\x1f\x05\x09\xed\x16\x8b\xc5\xcdj\xb5F\
\xf7\xe8\xd1\xad\xc1s\xcfu\xff'n\x1a\xb3\xcdy]\
\xe0\xc8\xc8H\xcf\x9f~\x1a~\xdeUU`\x93\xc9d\
\x88\x89Ql9rd\xcf\xfe\xea\xab\xbd\x8f\xc4}\x7f\
\x90\xee\xed\x02\x00\x80\xb4c\x0e0\x00\xe0\xc1\x7f\x1c\xe2\
\x1aF\x99L\xa6\xe8\x95+\x16]*^\xbcX\x11W\
\xcc\x8d}\x94\xb4&Z\xe1\xe1\x11\x11O=\xdd\xf1\xc6\
\xb9s\xe7\x0b\xc5V\xb9\xed\xf2\x9a\xe4\xb5\xc5\x18\x0c\x8a\
}\xf1\xa2\xb9'\xcb\x97/W\xca\x15\xc3\xbd\xb5 \x1d\
\x1a\x1a\x1a\xd6\xa2E\xdb\xbbW\xae^\xcd\xe7\xb4O\x00\
\x00\x90\xc9\xf8\x07\x18\x00\xf0\x00\x99\x17+!\xadc\xc7\
vA\xd2U9\xabV\x7f\x9d\xc5Vv\x95\x18\x1f\x1f\
o\xef\xf7\xde{\xebb\x82\x8a\xac\xda\x11Z\xd6\xeb\x1d\
>|T\x88\xab\x86z\xcbvl6\xbb\xcd\xd7\xd7\xd7\
\xa7o\xdf\x97\x8fQ\x05\x06\x00\xe0\xd1\xca\xd2\x1ff\x00\
\x00\x197\xf7\xd7\xdd\xdd=b\xe0\xc0~\x85\xb3\xe2\xdc\
\xdf\xa4Hs,\x09\xf3mZ\xb7\xacY\xb6l\x99\xa3\
q\xf3\x81\xd5\xa1\xd0V\xabM\x1ag\xd9W\xafYW\
s\xdf\xbe\x03G\xb4&Z\xe9\xdd\xa7\xc9dT\x97p\
z\xf6\xd9gj\xe4\xcf\x97\xefb\xdcw\x09\xcc\x05\x06\
\x00\xe0\x11 \x00\x03\x00\x12\xad\xfev\xea\xd8>\xa8X\
\xd1\xa2\x85\x9f\x84\xea\xaf3Y\x22\xc9b\xb1\x98^\xe8\
\xf9\xecU\xb9\xee\x9c\xed\xe3\x86'\x9b\x86\xff6\xea\xb6\
\xab\xab\xc0>>>\xde}_{\xe5\x04U`\x00\x00\
\x1e\x9d'\xe6\x03\x0d\x00\xc0u\xd5_\x1f\x1f\x9f\xbb\x83\
\x06\xbdQ\xe2I\xaa\xfejd}`\xf9\xd9\xaaU\x8b\
\xb2^^^\xa1R\x05\xd6\x86Bk\x1d\xa2\xd7\xad\xdb\
Ps\xd7\xae=\x07\xd5NY.\xaa\x02\xcb\x17\x09\xcf\
\xf6\xe8V3  \xffy\xaa\xc0\x00\x00<\x1a\x04`\
\x00\xc0\x03\xd5\xdfg\x9f\xed\xb6\xabP\xa1\x82\x01\x99Q\
\xfd\x8d\xc9d\x12\xe8\xe5u\xe5\xcd\x9b\xc7?0\xb0\xe2\
q\xf5\x1fC\xa7!\xc9Z\x93\xaa\xef\xbe\x1f\x16\x15w\
=\xdd_\x00\xc4\xee3\xc6\xee\xed\xed\xed\xd9\xff\x8d\xd7\
NQ\x05\x06\x00\xe0\xd1 \x00\x03\x00\x1c\xc1O\xd6\xaa\
\xf5\xf5\xf5\xbd\xd3\xb7\xcf+e3\xaa\xfa+\xdb\x95\xaa\
\xaa\xd5j\xb3j\xfb\xc8lZw\xe6Z5k\xdc\x8e\
}\xed\x8acy\x22\xad\x0a\xbc}{P\xd5\xcd\x9b\xb7\
\xecv\xe5\x5c`\x09\xde\xcf=\xd7\xbdN\xc9\x92%\xfe\
\xa3\x0a\x0c\x00@\xe6#\x00\x03\x00\x1c\xd5_\xc9\xa3\xcf\
?\xd7}w\xbe|y\xf3fD\xf5W\x82\xa4\x04P\
\x19Z,\x0d\xa9\xe4\xf7\xe8\xe8h\xab\xac\xd1+\x818\
s.\xb2\xaf\xd8\xfd\x15+^\xd4\x22\xc7\x15\x13\xa3\xc4\
\x0b\xfa\xda\x90\xe8_~\x19!\x0d\xac\x5cV\x05\x96\xe0\
m6\x9b-\x03\x06\xbc~\x99*0\x00\x00\x99\x8fu\
\x80\x01\x00\x8e\xc0\xe7\xe3\xe3sg\xed\x9ae\x91y\xf2\
\xf8\xfb\xbbr\xdd_m\xf8\xb1lO\x02\xe5\xbf[\xb6\
\xeeY\xbf~\xe3\xed=\xbb\xf7\xe5\xb8v\xedz\x0e\xc5\
\x10?\x80f\xd6k\xbe{7\xd4\xfb\xc6\x8d\x1b\xb9\x13\
\xbb_\xaa\xc0\xf2\x1d\xc0\xa4\x89cw6i\xd2\xa8\xba\
\x84w\x17\xac\x0b,\x17\xbb\xcdf\xb3?\xdd\xb6\xd3\xe9\
\xe3\xc7\xff+!\xfb\x91M\xa7g\xbb\x00\x00 e\xcc\
)|\x1c\x00\xe0\x09\xaf\xfe\xca2@={\xf6\xd8\x9d\
7o\x9e&\xae\x08{\x1a\xe7a\xce\xcbW\xac\xda>\
j\xe4\x18\xdf\xfd\x07\x0eVQ\xb2\xc8\x97\x02\xc3\x7f\x1b\
\xe5\xd6\xb8qC\x97\x0c\x07\x97M\xd8lv\xe9Bm\
\x1e8\xa0\xdf\xb5\xc1C\xde)\xe9\x92\x83\x05\x00\x00)\
B\x05\x18\x00tN\x0bz\xbe\xbe>\xb7\xd7\xaeYn\
\xf5\xf7\xcf\x9d\xcbU\xd5_\x9b\xcd\x16c2\x99\x0ca\
aa\xe1\x9f|\xfa\xe5\xce\xb9s\x174\x90\xdb\xa5\xea\
i4\x1a\xec2\xbaX\xf2\xb1\xf2\x88\xc8\xbe\x93\xdb\x7f\
\x5c\x13h\xd3\xf8\xf1c\x82Z4oZ\xd3U_\x0c\
HiY\xceM\xbbv]\xfe;z\xecx)\xaa\xc0\
\x00\x00d\x0e\xe6\x00\x03\x80\xce\x19\x8d\x06u\xee\xefK\
/\xf6\xdc\x93'\x8f\x7fnY\xb3\xd6\x15\xe17\xae\xf2\
\x1b\x13\x1a\x1a\x1a\xf6\xca\xab\xfd\x8eJ\xf85\x9bMV\
mh\xb1T\x9c%O\xca\xef\x8f\xea\x92\xd2\xf0\xfd\xc3\
\x0f?g\x8f\x8e\x8eV\xe7/\xa7\xf7\xbch\xe7F\xd6\
\x22\x1e8\xb0_\xc8\xa3\xfc\x02\x00\x00\x00\xbd!\x00\x03\
\x80\x8e\xc5\xad\xfbk\xca\x91#{\xc8+\xaf\xbc\x14\x18\
[\xf9\x8d]'7\xbds]\xb5&ZC\xdf|\xef\
\xc0\xb6m;\xaaX,\x96(\x09\xbdr\xb3\x92E\xc4\
\x15|mG\x8f\x1e+\xbdd\xc9\xf2\xed\xf2z$\x08\
\xa7w\xbb\xb2Q9?O=\xd5\xbaV\xb9re\x8f\
h\xfbq\xcdQ\x03\x00\x80\xa4d\x99\x0f!\x00\x00\xd7\
\x93j\xacT \xdf\xe8\xd7w\x7f\xae\x5c\xb9\xfc\x5cU\
\xfd\x95\x11\xbe\x92\xe8\xfe\xfak\xf2?\xabW\xaf\xadm\
6\x9b\xa3\xa3\xa3\xa3\xdd\x94,(\xae\x0bt\xcc\xc8Q\
c\xf2FEEE\xcb\x90nm\x19\xa5\xf4\x90u\x81\
\xcdf\xb3q\xc8\xe0\xfe\xeaRL\x00\x00 \xe3\x11\x80\
\x01@\xa7\xb4\xa1\xc8y\xf3\xe6\xb9\xf2\xc2\x0b\xcfU\x93\
P'k\xd5\xa6w\xbb2\xb7UBtH\xc8\xcd[\
\xbf\x0e\x1fY1n?Y\xb6\xcb\xb1\x1c\xbb\xbc\x86\x13\
'\xfe+\xb1h\xf1\xd2\x1d\xb1\xeb\x02\xdb\xd3]\xad\x95\
e\xa0\xe2\xaa\xc0\xb5k\xd6\xa8\xbe\x8f*0\x00\x00\x19\
\x8f\x00\x0c\x00:\x15\xb7,\xad\xa1o\x9f\x97\x8f\xf8\xf8\
\xf8\xf8J\xa8s\xc5\x1c\xd7\x98\x18E\xdd\xce\xa4IS\
\xf7\xdc\xbau\xdbO\x9a]e\xa5a\xcf\x89\xd1\xd6\xec\
\x1d5\xea\x8f\xfc\x91\x91\x91Q2L\xdc\x15U`m\
\x1bC\x86\x0c\xb0j\xfbq\xc5\xf1\x02\x00\x80\xc4e\xe9\
\x0f$\x00\x80\xf4U\x7f\xf3\xe5\xcd{\xe9\xb9\xe7\xba\xd7\
pU\xf5W\xdb\xce\x8d\x1b!!\x93&O\x0d\x94\xd0\
h\xb3e\xdd\xea\xaf&n:\xb3\xfd\xe4\xc9S\xc5\x17\
,X\xec\xb2*\xb06\x17\xb8a\xc3\xfa\xd5j\xd5\xaa\
\xb1G\xf6\xc3\x5c`\x00\x002\x0e\x01\x18\x00\xf4\x5c\xfd\
\xed\xfb\xf21\x1f\x1f\x1foWU\x7f\xadV\xab]\xb6\
3q\xe2\x94}7o\xde\xf2\xd3\xe6\x18+O\x00\xad\
\x0a\xfc\xeb\xf0\x91\xc5BC\xc3\xc22\xa0\x0a\xec\xd8\x8f\
\x0b\x0e\x17\x00\x00$\x82\x00\x0c\x00z\xad\xfe\xe6\xcbw\
\xf1\xd9g]W\xfd\x95\x8dJS\xa7k\xd7\xae]\x9f\
<\xe5o\xb5\xfa\x9b\xd5\x87>'V\x05\xbex\xf1R\
\x81\xe9\xd3g\x06\xbb\xba\x0a\xdc\xa0~\xbd*u\xea\xd4\
\xdaM\x15\x18\x00\x80\x8c\xf3\xc4|0\x01\x00\xa4\xae\xfa\
\xfb\xfa\xeb\xaf\x9c\xf0\xf1\xf1vY\xf5W\xba\x1a\xcbv\
F\x8d\xfa\xe3`\xdc\xdc_u}\xe1'\xe9}\xd1\xaa\
\xc0\x7f\x8e\x9dP\xe6\xce\x9d;\xa1\xf2\xc5\x81+\xab\xc0\
C\x87\x0cT\xff]~\xd2\xce\x1b\x00\x00\x8f\x0b\x020\
\x00\xe8\xb0\xfa\x1b\x10\x90\xff|\x8f\xee\xddj\xaa\xed\x99\
]T\xfd\x95\xed\x9c?\x7f\xe1\xe2\xccYsj\xc4\xee\
'&\xcb\xcf\xfdM\xaa\x0a|\xf5\xea\xb5|\x7fO\x9b\
\xb9S\xd2\xb0\xab\xaa\xc06\x9b\xcdV\xb7n\xed\xca\xf5\
\xeb\xd5\xddE\x15\x18\x00\x80\x8cA\x00\x06\x00\x1dV\x7f\
\x07\xf4\x7f\xfd\x94\xb7\xb7\xb7\xa7V\xb5M\xefv\xd5\x8d\
\x1a\x0c\x86\xd1c\xc6\x9e\xb8w/\xdc[:??\xa9\
UL\xad\x0a<~\xfc\xc4\xb2\xb7o\xdf\xbe\xe3\xaa*\
\xb0\xe6\xcd7\x07\xba=Is\xa7\x01\x00x\x9c\x10\x80\
\x01@'d\xca\xaaT\x16K\x95*y\xe2\xd9g\x9f\
\xa9\xe3\xca\xea\xaf\x94E\xcf\x9e=w~\xee\xdc\xf9\xd5\
\x9f\x94\xce\xcfI\x89}\xb9\x06\xdb\xb5k\xd7\xf3N\x99\
2}\x97\xa4a9\x07\xae\xaa\x02\xd7\xacY\xa3b\xcb\
\x96\xcdvP\x05\x06\x00\xc0\xf5\x08\xc0\x00\xa0\x13R\xe8\
\x95\xaab\xff7^\xbbj6\x9b-\xae\xae\xfe\xfe>\
\xfa\xcf\x93\xe1\xe1\x11\xde&\x93\xf1\x89\x9b\xfb\x9b\x90\xdd\
\x1ec\x8c\x9d\x0b<\xbe\xf2\xd5\xab\xd7\xae\xab\xe3\xa2]\
\x10\x82\xb5\xf39x\xd0\x00?\x93\xc9h}\xd2\xcf#\
\x00\x00\x99\x8d\x00\x0c\x00:a\xb3\xd9L%J\x14?\
\xd9\xb6m\x9b\x1aV\xab\xcdj0(j\xe52=\xa2\
\xa3\xa3\xad\x12~O\x9f>sn\xfe\xfc\x855\x9e\xf4\
\xea\xaf&&&\xc6(A\xff\xf6\xed;9\xc7\x8d\xfb\
\xeb@\xec\x5c`\x9b5\xbd\xe7S\xdbN\xc5\x8a\xe5K\
\xb7l\xd1<X\xaa\xc0f\xb3\xc9\xfa\xa8_/\x00\x00\
O\x0a\x020\x00\xe8\x84\x84\xd3w\xdfy\xf3\x9a\xbb\xbb\
\xbb\x9b\xd9l2\xcb\x90[c:Y,\x16\xb3\xfc\x1c\
=f\xec\xe9\x88\x88H/=T\x7f5\x12\xf4\xa5\xf0\
;\xf5\xef\x19\xd5\xa5\x0al\xb1Xd\xeen\xbaIu\
^\xb6\xff\xbf\xff\xbd\x93\xdf\xd3\xd3\xf3\x9e\xecG\xde\xbb\
G\xfdz\x01\x00x\x12\x98\x1f\xf5\x01\x00\x002G\x9e\
<\xfe\x97\xf2\xe4\xf5\xcf\xbe\xff\xc0\xc1\x13r\xdd\x98\xce\
\xd1\xcfj\x9bg\x93\xc9x\xe1\xe2\xa5\x9b\xf3\xe7/\xd2\
M\xf5W#A_\x02pXX\x98\xef\xb0a\xbf\xee\
y\xe9\xa5\x9e\x01v\xbb\xcd&\xe7$\xbd\xdb\x96\xe1\xe9\
nn\x16K\xb9\xb2e\x8e\xef\xda\xbd\xa7\xb2\xcc\xdf\x96\
\xe5\x9a]s\xe4\x00\x00\xe8\x97\xa1p\x91\xd2|\xab\x0c\
\x00\xfai\x82E\x88\xca\xa0\xce\xdaJ\x06\xe0=\x03\x00\
\xc0\xb5\x18\x02\x0d\x00:\x91Q\xe1W\x02\xa0\x9e\x87\xe8\
j\xcb\x22e\xc4\xb6\xf9\xc2\x02\x00\x00\xd7b\x084\x00\
\xe8\x8f\xab\xc2\x9aT=3\xac\xfa\x99\x95\xc4\x9d\x039\
\xaf\xda\xcf\xf4r\xde\x1e\x00\x00p\x11\x020\x00\xe8\x8f\
+C\x15\x01\xed\xc1s\xe1\xaas\xc2\xb9\x05\x00\xc0\xc5\
\x18\x02\x0d\x00\x00\x00\x00\xd0\x05\x020\x00\x00\x00\x00@\
\x17\x08\xc0\x00\x00\x00\x00\x00] \x00\x03\x00\x00\x00\x00\
t\x81\x00\x0c\x00\x00\x00\x00\xd0\x05\x020\x00\x00\x00\x00\
@\x17\x08\xc0\x00\x00\x00\x00\x00] \x00\x03\x00\x00\x00\
\x00t\x81\x00\x0c\x00\x00\x00\x00\xd0\x05\x020\x00\x00\x00\
\x00@\x17\x08\xc0\x00\x00\x00\x00\x00] \x00\x03\x00\x00\
\x00\x00t\x81\x00\x0c\x00\x00\x00\x00\xd0\x05\x020\x00\x00\
\x00\x00@\x17\x08\xc0\x00\x00\x00\x00\x00] \x00\x03\x00\
\x00\x00\x00t\x81\x00\x0c\x00\x00\x00\x00\xd0\x05\x020\x00\
\x00\x00\x00@\x17\x08\xc0\x00\x00\x00\x00\x00] \x00\x03\
\x00\x00\x00\x00t\x81\x00\x0c\x00\x00\x00\x00\xd0\x05\x020\
\x00\x00\x00\x00@\x17\x08\xc0\x00\x00\x00\x00\x00] \x00\
\x03\x00\x00\x00\x00t\x81\x00\x0c\x00\x00\x00\x00\xd0\x05\x02\
0\x00\x00\x00\x00@\x17\x08\xc0\x00\x00\x00\x00\x00] \
\x00\x03\x00\x00\x00\x00t\x81\x00\x0c\x00\x00\x00\x00\xd0\x05\
\x020\x00\x00\x00\x00@\x17\x08\xc0\x00\x00\x00\x00\x00]\
 \x00\x03\x00\x00\x00\x00t\x81\x00\x0c\x00\x00\x00\x00\xd0\
\x05\x020\x00\x00\x00\x00@\x17\x08\xc0\x00\x00\x00\x00\x00\
] \x00\x03\x00\x00\x00\x00t\x81\x00\x0c\x00\x00\x00\x00\
\xd0\x05\x020\x00\x00\x00\x00@\x17\x08\xc0\x00\x00\x00\x00\
\x00] \x00\x03\x00\x00\x00\x00t\x81\x00\x0c\x00\x00\x00\
\x00\xd0\x05\x020\x00\x00\x00\x00@\x17\x08\xc0\x00\x00\x00\
\x00\x00] \x00\x03\x00\x00\x00\x00t\x81\x00\x0c\x00\x00\
\x00\x00\xd0\x05\x020\x00\x00\x00\x00@\x17\x08\xc0\x00\x00\
\x00\x00\x00] \x00\x03\x00\x00\x00\x00t\x81\x00\x0c\x00\
\x00\x00\x00\xd0\x05\x020\x00\x00\x00\x00@\x17\x08\xc0\x00\
\x00\x00\x00\x00] \x00\x03\x00\x00\x00\x00t\x81\x00\x0c\
\x00\x00\x00\x00\xd0\x05\x020\x00\x00\x00\x00@\x17\x08\xc0\
\x00\x00\x00\x00\x00] \x00\x03\x00\x00\x00\x00t\x81\x00\
\x0c\x00\x00\x00\x00\xd0\x05\x020\x00\x00\x00\x00@\x17\x08\
\xc0\x00\x00\x00\x00\x00] \x00\x03\x00\x00\x00\x00t\x81\
\x00\x0c\x00\x00\x00\x00\xd0\x05\x020\x00\x00\x00\x00@\x17\
\x08\xc0\x00\x00\x00\x00\x00] \x00\x03\x00\x00\x00\x00t\
\x81\x00\x0c\x00\x00\x00\x00\xd0\x05\x020\x00\x00\x00\x00@\
\x17\x08\xc0\x00\x00\x00\x00\x00]0?\xea\x03\x00\x90\xb5\
u\xec\xd0N\xf9\xed\xb7\x9f\x1c\xd77l\xdc\xa4\xf4\xea\
\xd5'\xd5\xdb\x19\xfe\xeb0\xa5S\xa7\xf6\xea\xef\xc1\xc1\
\xbb\x94\xae\xdd\x9eK\xf7\xb1U\xadZEY0\x7ff\
\x8a\x1ek\xb3\xd9\x94\x88\x88\x08\xe5\xd6\xad\xdb\xca\xa9S\
\xa7\x95m\xdbv(K\x96.SN\x9d:\x93\xe9\xe7\
\x221\x06\x83A\xa9]\xab\xa6\xd2\xb2Us\xa5r`\
%\xa5X\xb1\x22J\xb6l\xd9\x14\xbb\xdd\xae\xdc\xbe}\
G9q\xe2?e\xe7\xce\xdd\xca\xfc\xf9\x0b\x95\x93\xa7\
N\xa7z\xfbnnnJ\xc3\x86\xf5\x95&M\x1a)\
\xd5\xabUQr\xe7\xce\xad\xf8\xf9\xe5T\xc2\xc2\xee)\
7n\xdcP\xce\x9e=\xa7\xac\xdf\xf0\x8f\xb2f\xcd:\
\xe5\xc2\x85\x8bJF\xca\xc8\xf3\x98\x94\xc9\x93\xc7+\x8d\
\x1b5P\x7f\xff\xf4\xb3\xaf\x94I\x93\xa6f\xe8\xfe\xa0\
<\xd6\xef\xe7\x88\x11?+\x1d\xda\xb7U\x7f\x97\xff/\
T\xab^O\x09\x0b\x0bK\xd3\xb1\x98\xcd&e\xc7\x8e\
\xcdJ.??\xf5\xfa\x981\xe3\x94o\xbf\xfbQ\xfd\
\xfd\x87\xef\xbfVz\xf4\xe8\xa6\xfe>a\xc2d\xe5\x8b\
/\xbfN\xd3>\x00\x00)G\x00\x06\x90.\xcf<\xd3\
%\xde\xf5F\x0d\xeb+\x85\x0a\x15T\xce\x9d;\x9f\xa5\
\xce\xac\xc9dR\xbc\xbd\xbd\xd5K\x81\x02\x01J\x83\x06\
\xf5\x947\xdf\x1c\xa4L\x9f1K\xf9\xfc\xf3\xaf\x95\xe8\
\xe8\xe8Gv.\xe4\x83\xf8\x90!\x03\x94\x92%K$\
z\xbf\x87\x87\x87\x927o\x1e\xa5~\xfd\xba\xca\xe0\xc1\
\xfd\x95\xe5\xcbW*_~\xf9\xadr\xf1\xd2\xa5\x14m\
\xbfk\xd7N\xca\xff\xde\x7fG\xc9\x93\xc7\xff\x81\xfbr\
\xe4\xc8\xae^J\x94(\xae4m\xdaX\xf9\xe2\xf3\x8f\
\x95\xa5KW\xa8\x1f\xd4\xaf^\xbd\xa6d\x84'\xe5o\
\x0aY\xd7\xacYs\x1d\x01X\xfe\xfbz\xaaM+e\
\xce\xdc\xf9i\xda\x96\xfcw\xa3\x85_1s\xd6\x1c\x97\
\x1d'\x00 \xf5\x18\x02\x0d \xcd\x02\x02\x02\xd4\xd0%\
\xb4\x80h4\x1a\x95\xe7\x9f\xef\xf1D\x9cU\x09\xc5/\
\xf4|N\x19?~\x8c\xfa\xba2\xfb\x5c\xf8\xf8\xf8(\
\x7fM\xf8C\xadF9\x87_\xa9\xfaJez\xd7\xae\
\xdd\xca\xde\xbd\xfb\x95\xeb\xd7\xaf\xc7{\xdeSO\xb5V\
\x96-[\xa0\xd4\xaaU\xe3\xa1\xfb\xf8\xf8\xa3\xf7\x95\x9f\
\x7f\xfa>\xd1\xf0\x9bT%\xba]\xbb\xa7\x94\x15\xcb\x17\
*\xe5\xca\x96Q\x5c\xedI\xff\x9bB\xd6\xb0y\xf3\x96\
x#\x1d\xb4\xd1)i\xd1\xb5K'\xc7\xefAA;\
\x95\x93'O\xa5\xfb\xf8\x00\x00iG\x00\x06\x90f\xdd\
\xbaur\x04\xc3\xc9S\xa69n\xef\xd1\xbd\xabb6\
?~\x03L\x9ez\xba\x93R\xa4h\x99D/\xc5\x8a\
\x97S\xca\x95\xaf\xa24n\xd2J\xf9\xee\xfba\xeaP\
h\x8d\x0c\xa5|\xf1\xc5\xe73\xf5\x5c\xf8\xfa\xfa*s\
f\xff\xad4k\xd6\xc4q\xdb\xa1C\x87\x95\xc1C\xde\
Q*V\xaa\xae4i\xdaJ\xe9\xdc\xe5Y\xa5C\xc7\
nJ\xf5\x1a\xf5\x95\x16-\xdb*\xd3\xa7\xcfR\xc3\xb1\
\xc8\x993\x872i\xe28\xa5|\xf9rI\xee\xa3c\
\xc7\xf6J\xdf\xbe\xaf8\xae\x87\x84\xdcT~\xfe\xe57\
\xa5S\xa7\xeeJ\xe5*\xb5\x94\x12%\xcb+e\xcb\xc5\
\x9e\x937\xdfzO\x1db\xad\xc9\x95+\x972a\xc2\
\x18u\x18\xb6\x9e\xff\xa6\xf0d\x8a\x89\x89Qf\xcf\x9e\
\xe7\xb8^\xaf^\x1d\xc5\xdf?w\xaa\xb7\x93={6\
\xa5y\xf3\xa6\x8e\xeb3f\xccv\xd91\x02\x00\xd2\x86\
\x00\x0c M\xa4\x12\xf8L\xb7\xfbCU%|\x1d=\
z\xdc\x11\x8ed\xc8`V\x22\xc1\xf1\xde\xbdp\xe5\xf4\
\xe93\xca\xe8\xd1c\x95g\x9f}Q\xb9{\xf7\xae\xe3\
\xfe~\xfd\xfa\xa8\xaf93\xce\x85lo\xd4\xa8_\x95\
r\xe5\xca:n\x1b>|\x94\xd2\xb6]\x17e\xe1\xc2\
\xc5\xea\xbc\xdc\x84\x8e\x1f?\xa1\xfc\xef\x83O\x94\xd7_\
\x1f\xa8X\xadV\xf56//Oe\xf4\xef\xc3\x15\x8b\
\xc5\xf2\xc0\xe3%d\xbe\xff\xde[\x8e\xeb\x87\x8f\x1cU\
Z\xb4xZ\xdd\xcf\xee={\xd5/\x00\xacV\x9b\x12\
\x1e\x1e{N\xe6\xcd[\xa8\xce\xcb\x96\x80\xec\x5c\xad\x1d\
\xd0\xff\xf5T\xbd6=\xfdM!k\x9b5{\xae\x1a\
\x84\xb5\xd1 \xda\x90\xe8\xd4h\xdf\xae\xad:\xbf^\x84\
\x86\x86*K\x97\xad\x88w\xff{\xef\x7f\xe4\xf8\x12\x8e\
\xf9\xbf\x00\x909\x08\xc0\x00\xd2\xa4v\xed\x9aJ\xe1\xc2\
\x85\xd4\xdf/]\xba\xac\x06\xb0E\x8b\x968\xee\x7f\xe1\
\x85\xf47\xb1z\x94$\x10\x8e\x1d\xf7\x97\xe3z@\xfe\
\xfcJ\x95*\x953\xe5\x5cH\x08\xd4\x1a\xf8\x88\x9f~\
\x1e\xae\x06O\xad\xba\x9b\x9cU\xab\xd7*\xdf|\xf3\x83\
\xe3z\xd1\xa2E\x94\xde\xbd^x\xe0q\x81\x95*\xaa\
s\x9d5o\xbd\xf5\xber#$$\xd9mK\x18\x90\
\x80\xbcv\xedz\xc7m\xcf>\xfb\x8c\xda\xe4\xc7\x15\x9e\
\xf4\xbf)d-2\x04z\xcb\x96m\xf1FL\xa4V\
\xd7\xae\x1d\x1d\xbf/Z\xb4T\xfdB\x09\x00\xf0h\x11\
\x80\x01\xa4I\xf7g\xba:~_\xb6|\xa5\xfas\xfe\
\x82E\x8e\x8aI\x9d:\xb5\x94\xe2\xc5\x8be\xe9\xb3\xbb\
v\xed\x86x\xd7\xa5\xf3rF\x9f\x0b\x09\x93o\xbd5\
\xd8q}\xf7\xee=\xca\x88\x11\xa3Su\xdc\x13'M\
U\xbbBkd\xf8v\xc2\xeau\xb1\xe2E\x1d\xbfK\
\x17i\x19^\x9dR\x7f\xfe9\xc1\xf1\xbb4\xc8r\xae\
T\xa7\x87\x1e\xfe\xa6\x90\xb5\xcc\x9cy\xbfaU\xe5\xca\
\x95\x94\xe2\xc5\xee\xffw\xf30\xf2\xe5S\xb5jU\x1d\
\xd7g\xccd\xf83\x00<\x0e\x08\xc0\x00RM:%\
?\xfdtk\xc7\xf5\xa5K\x97;*&[\xb7nw\
\xdc\xde\xb3\xe7\xb3Y\xfa\xec^\xbe|%\xde\xf5\xc4\xe6\
\xbb\xba\xfa\x5c\xb4j\xd5B\xc9\x9f?\x9f\xe3\xfa\xf0\xdf\
~w\x04\xc0\x94\x92%\x9d&N\x9c\xa2\x1c;v\x5c\
\xf9{\xda\x0c\xb5z,C8\x9d\xdds\x1aF\xed\xeb\
\xeb\xa3x{{\xa5x\xfb\xc1;w\xa9K\xc2\x5c\xb9\
rU\xad\x94{y\xa6\xfc\xb9\x8f\xe2oJ:H\x7f\
\xf4\xe1{\xca\x8a\x15\x8b\x94#\x87\xf7(\x87\x0f\xedQ\
\xd6\xad]\xae|\xf8\xc1\xbbje?9]\xbatT\
\xce\x9c>\xaa^\x0e\xec\x0fV\xdc\xdd\xddS\xb4\xcf\xf5\
\xebW:\x9e\xa7-s\x93\x90T\xe0e\x08\xf9\xa4I\
\xe3\x94\x7f7\xafS\x0e\x1d\xdc\xa5\xfcw\xe2\xa0\xb2{\
\xd76e\xe5\x8a\xc5\xca\xd7_\x7f\xae\xce=M\xceO\
?}\xe7\xd8\x8f,\xfb%\xe4\xef\xe7\xad7\x07+\xcb\
\x96\xceW\xf6\xee\xd9\xa1\x1c=\xb2W\xd9\xf4\xcf\x1ae\
\xd8\xb0o\xd5/\x11RJ\xe6\x5cK\xf3\xa7?\xff\x18\
\xa9l\xdd\xb2^9q\xfc\x80\xba-9\xd6\xdfG\x0d\
W\xda\xb4i\xf5\xd0\xe6pB\xbe|\x91\xc6l\xb2\xd4\
\x99\x1c\x87\x9c\x7fy\x1f6oZ\xab\x8c\x1c\xf9\x8b\xda\
T-%\xdbq\xc5\xfb\x99Z+V\xaeV\xbf J\
K\x15\xb8[\xd7\xfb\xcd\xaf\x8e\x1c9\xa66\xacKH\
\x96A\xd2\xde\xbf\xcf>\xfd(\xc3\xce\xe3\x8c\xe9\x93\x1d\
\xfb\x91\xbf\x8d\xe48?v\xce\xec\xfb\xf3\xf0\x13#\xdb\
z\xd8\xf1\xbb\xe2\xfd\x97\xc7i\xfb\x91\xbe\x062\xb7\xfa\
\xab\xaf>S\x82\x83\xfeU\xb7'\x7f\x0bo\xbf5$\
M\xf3\xb4\x01\xe8\x0f\x1dE\x00\xa4Z\xfb\xf6O+\x9e\
\x9e\x9e\xea\xef\xd2\x8d\xd8\xb99\x92\xcc\x9b\xd3>\xb4w\
\xeb\xdaY\xf9\xe1\x87\x9f\x95\xc8\xc8\xc8,y\x96\x13v\
F\xbe\x19r3\xc3\xcfE\xab\x96-\x1c\xbfK\xc8\xdc\
\xb4is\x9a\x8e}\xca\xd4\xe9\xea%)2\xbcX#\
\x1f>\x07\x0c\xe8\xa7\x1e_J\xc8\x1c\xe3\xf2\x15\xaa)\
Y\xe1oJ\x02\xa6,g\x95p\x1e\xb4,\xeb$\x17\
\x19V-\xf30\x93\xb2|\xf9*\xe5\xff\xbe\xfaL\x0d\
\xe8\xd2\x98L\x9a\x92\xc92S\xc9q\xae\x14\xca\x1a\xb2\
\xb2l\x9439\x96O?\xfdPy\xfe\xb9\xee\x896\
\xf6\x92\xf5\x97\xe5R\xb6li\xb5\x0b\xb9\xac\x83<p\
\xe0\x9b\xf1\xe6\xa4'\xa5}\xbb\xa7\x95o\xbf\xfdR=\
Vg2\xb4\x5c.2\xbc~\xe1\xa2%\xea\x90wm\
\xaexb\xa4\x13\xb7\x84\xb3\x82\x05\x0b<p\xecr\x9b\
\x5c\xda\xb6m\xa3\xec\xd9\xbbOy\xa3\xdf\xe0$\x97\xdc\
*S\xa6\x94\x1a|\x12\x1b% AV.r\xcc2\
\xd7{\xd0\xe07\x1ds\xbe3\xea\xfdL-\xf9;\x93\
\xf3\xf5R\x5c\x13<\xf9B\xe0\x97_G<\xf4y\x12\
\xfa:w\xee\xe8\xb2\xeaoz\xcf\xa3\xac\xdf]\xb7n\
m\xf5\xf7\x86\x0d\xeb\xc5\x9b\xcb\xefL\xbe\xe0\xa9^\xfd\
~\xd5\xbaJ\x95@\xf5\xbf\xcb\xa4\x86n\xcb\x12O\x9a\
U\xab\xd7\xb8\xfc\xb8\x13\xe3\xe3\xe3\xad\xcc\x9a\xf9\xb7\xfa\
\xdf\x87F:\xd2\xcbe\xdd\xfa\x8d\xca\xb5k\xf1\xbb\xe2\
\x03@BT\x80\x01\xa4k\xa8\xea\xec\xd9s\x1f\x08\x0c\
\xda\x07u\x19\x1e+\xdf\xeegU\x09\x9b.\xed\xdb\xbf\
?\xc3\xcf\x85\xf3\xd2EA\xc1\xbb\xd4FT\x19\xe1\xe4\
\xa9\xd3\xca\xf6\x1dA\xf1\x82\x85|P\xadT\xa9\x82\xf2\
\xa4\xfcMIE\xf0\xbd\xf7\xde\x8a\x17\x96\xce\x9c9\xab\
.\x1f%\xd5k!\xc1\xf6\xb7\xe1?)\x15\xca'>\
\x8c[>\xf8;\x07\xd8N\x1d\xdb=t\xbf\x9d;u\
p\xfc\xber\xe5j\xb5\xf9\x91s0\x92e\xb5$P\
i\xe1W\xde\xe3\xff\xfe;\xa9\x04\x07\xefR\xab\x84\xd2\
\x8d\xdbY\x93\xc6\x0d\x95\x1f\x7f\xf8\xfa\xa1\xfbm\xde\xbc\
\x89\xf2\xdbo?9\xc2\xaf4/\x93\xd7*\xf3\xa9\x9d\
u\xec\xd0N\xf9\xe0\x83w\x93\xdc\x8eT\xeb&O\x1a\
\x1f/\xfc\xca\x971\xfb\xf7\x1fT\x0e\x1f>\x12/\x0c\
U\xa9\x1c\xa8\xcc\x9d;M\x0d\xec\x89\xfd-\xcf\x9b;\
#^\xf8\x91s\xb1o\xdf\x0158\xdf\xbcy+^\
P\x9a?of\xbc\xf0\x95\x11\xefgz\x87A\xcb\xb0\
f\xf9\x82\xe3aj\xd7\xaa\xe98\x7fQQQ\xca\xfc\
\xf9\x0b\xd3\xbc\x7fW\x9c\xc75N\xf3\xf6+W\x0eT\
\x97XKj_Z\xd3.!\xe7:\xa9\xf7D\x1a\xd3\
i\xff\xbf\x90*yPP\xb0\xcb\x8f;1\xb2\x16\xb9\
\x16~eI)\xf9\x9b\x94s,\xdb\x95)#\x00\xf0\
0\x04`\x00\xa9\x22s0\xb5\x0f)\xd2\x94i\xee\xbc\
\x05\xf1\xee\x97\x8a\xd7\xe2\xc5\xcb\x1c\xd7_\xc8\xa2\xc3\xa0\
k\xd6\xac\xae\xbc\xf6\xda\xfd%\x82d\x8e\xacT&3\
\xf2\x5cH\xd7\xe6\x80\x80\xfbC8\xf7\xee\xd9\xa7d\xa4\
O>\xf9B\xb9s\xe7\xfe\xf0N\xa9n-Y<O\
\x1d\xe2*\xc3o\xa5\xeb\xad\xf3p\xec\xac\xf47\xd5\xa8\
a\x03\xe5\xf5\xd7\xfb8\xaeKg\xeb6m:(\x8d\
\x1a\xb7T\x97\x8f\xaaU\xbb\xa1\xf2\xdc\xf3\xbd\xd4\x90(\
\xc3\xc3s\xe7Nz\xe8\xe4\xec9\xf3\xe2U\xbc\x92\x0a\
\x0fB\xb6%\xd5l\xcd\x9c9\xf1_K\xf7\xee]\xe3\
58\x1b9j\x8cR\xb5Z\x1d\xa5Y\xf3\xa7\xd4.\
\xdb\xb2\xac\x95\x5c\xef\xd2\xf5Y\xe5\xe0\xc1C\xf1B\xa9\
T\xcb\x923h\xe0\x1bj5_*\xd4\xb2t\x95\x5c\
\xe4\xb5\xd6\xa9\xdbX}\xad\xceC\xfa\xa51\x9a,\x95\
\x95\xd8\xb0lY\x17Zkl&\x8d\xd1\x86\xbe\xf9\xae\
\x12X\xb9\x96\xd2\xae}\x17\xa5\xcdS\x1d\x95\xaa\xd5\xea\
\xaaK\x85iM\xd9\xa4\x1b\xf8'\x1f\x7f\x10o;2\
\x14U:\x90k\xe7\xea\xdc\xb9\xf3\xcak\xaf\x0dP\xb7\
\xd3\xbeCW\xa5c\xc7g\xd4\xd7\xd9\xf3\x85\x97\xd5\xa1\
\xfaZx\x1d3z\x84\x1a\xac2\xf2\xfdL\xad\x03\x07\
b\x83\xbf\xa6S\xc7\xfb_p$\xa5\xab\xd3\xf0\xe7\x95\
\xab\xd6\xc4[V-5\x5cu\x1e\xe5\xbc\xc8\x97,B\
\xceO\xbd\xb8jpB\xf5\xeb\xc5\xae\xc1\xed,\xa9a\
\xf3M\x9b4r\xf4\x16X\xbf~c\xbc/\xeb\x5c\xfd\
\xfe;\x93!\xd0\x12\xb8\x9f\xe9\xdeSi\xda\xac\x8d\xfa\
7Y\xbbN#\xe5\xdd\xf7\xe2\xff\x0d\x02@R\x08\xc0\
\x00\xd2\x5c\xa9\xfbg\xd3\xbf\x0f\xcc\x93\x15\xb3f\xdd\xaf\
\xe0I\x13\x18\x19\x9a\xf6\xb8\x93\xaaG\xde\xbcy\xd4p\
\xf2\xdd\xb7_)3\xa6OQ<<<\x1c\xf7\xff8\
\xec\xd7\x0c?\x17y\xf2\xe4\x89\xd7\xac\xea\xfa\xf5\x8c\x1d\
\xca'\xc3\x0d_|\xf1U\xf5\xc3\xb13\xa9\x5c\xc9\xd0\
\xdb\x11#~V\xb6m\xdd\xa8l\xf9w\xbd\xf2\xcb\xcf\
?\xa8\x1f\xea\x13\xab\xf4=\x8e\x7fSo\xbf3\xc4\xf1\
\xbbT\x86\x9e}\xf6%u\xbe\xb23\xe9\xf0\xdb\xa5\xeb\
s\xca\xf9\xf3\x17\x92\xdd\xd6\x8e\x1d\xc1j\xa5Q\x1b\x22\
\xfa\xf4S\xf7\xe7*'\xd4\xb0A=G\xf8\x92\xd7\xb1\
\xf9\xdf-\xf1\xee\x7f\xb9\xf7\x8b\x8e\xdfe~\xf6\x8f?\
\xfe\x12\xefK\x08\x8d\x0c\x01\x97\xf7\xc6\xb9\xdaZ\xa7\xf6\
\xc3\xe7\xef\xcap\xf1~o\x0c~\xe0=\x95\xd7*K\
di\xa4\xfa,\xa12\xa1\x81\x03\xfa\xa9_\xc4\x089\
\xae\xae]\x9fU\xe6\xcf_\x14o\xb8\xb4\x1c\x93,\x15\
\xf6\xe5W\xdf:n\xeb\xd8\xb1\x9d\x92\xcb\xcf\xcfq}\
\xe8\xd0\x81\x8e\xf3 \x0d\xd9$\xf4H\x10\x94\xf9\xe9\x1a\
\x99\xdb\xbey\xf3\x16\xa5S\xe7\xee\x8e!\xf92\xed\xe0\
\x8d~\xf7\x83nF\xbc\x9fi1\xd3\xe9\xef\xafC\x87\
\xa7\x1f\x98S\xefL\xfe\xbf\xe1<\x9f==k\xff\xba\
\xf2<\xca0hM\xc3\x86\xf5\x93\x1c\xfa.\x9c;\xc2\
\xd7\xab['\xd5\xc3\x9f]\xfd\xfe'\xf4\xf1\xc7\x9f\xab\
\xff]jd\xd4\x84\xcc\xb3\x06\x80\x94 \x00\x03H1\
\xf9\xd0'M\x81\x92\x1a\xaa\xea\x5c\x9d\xd1\xbe\xd5\x17\xcf\
?&U\xe0\xe5\xcb\x168\x1a\xa9$\xbc\x1c?\xb6_\
\xd9\xb1}\x932y\xf2x\xe59un\xe6\xfd\x0f\xb8\
\xb2\x1c\xd2\xbau\x1b2\xfc\x5chs`5!7\x1f\
\x9cs\xecj2\x14\xb1u\x9b\x0e\xeaRK\x89\x05O\
\xad*(\xafU*\x83\xd2tf\xe2_\x7f*5j\
\xb8f\x0epF\x9cG\xa9H\xca\xd0\x5c\xe7J\xb7T\
\x91\x13s\xe3\xc6\x0d\xe5\xd3\xcf\xbez\xe8q:W\xa5\
%\xec%\xa5\x93\xd3\xf0g\x09\x8e\xceKW\xc9\xfb+\
\xa3\x08\xa4\xb2+\xe1r\xe4\xc8?\x92\xdd\xa7\x84\x90}\
\xfb\x0f8\xae\xe7H\xa4b\xeb,::Z\xf9\xee\xdb\
a\xc9\xbe\xd72\xf4]\xa3-9\xe5\xfc^Hc+\
\xe7/}\x12\x8ezp6e\xca45hKuT\
\xbav\xfb\xe5\xf2s4\x8b\x93\xb9\xda\x9a\x0f>\xfc4\
\xdep\xd7\x84d]\xeb/\xbe\xfc\xc6q\xfd\xf9\xe7{\
\xc4\x9b\x1b\x9d\x11\xefgj\xc9\x10f\x19f+$\xd8\
%V)\xd5\xb4n\xd5\xc2Q\xf9\x940\xfe\xef\xbf[\
\xd3\xb4OW\x9fG\xe7a\xd0\x0d\x12\x09\xc0\xd2X\xaa\
b\xc5\xf2\xea\xef\xb2\xd4\x99\xf6\xa5\x8f\x0c\xf9N\xf8\xff\
&\xf9[\xd1B\xb4\xfc\xddm\xd8\xb0)\xc3\x8e\xfb\xc1\
\xc7\x87=\xb0\x9e2\x00\xa4\x06\x01\x18@\x8a5n\xdc\
P\xad\x92\x0a\x19\x82\xb6j\xd5\xda$\x1f;k\xf6\xfd\
a\xa3]:wpT\x95\xb2\x12\xf9\xa0\xf5\xc5\x97_\
+\xff\xf7\x7f\xdfe\xca\xb9\xb0\xdb\xe3\xcf\xf7Mi\xc7\
\xe1\xf4\x920\xf1\xdbo\xbf+u\xeb5Q\x87\xe1\x8e\
\xfa\xfd\x0f5,%6\xffX>\xf8J\xe5g\xee\x9c\
\xe9\xca\xb7\xdf|\xf9@3\xa2\xd4\xca\x88\xf3\xd8\xbc\xd9\
\xfd\xca\x94\x04>y-\xc9\x91\xe1\x9bI\x85\x7f\xcd\x9c\
9\xf3\x1d\xdd\xb8\xa5\x99Pb\xddf%$H\x17o\
\xc7s\xe6\xce\x8fw\xbfTN\xdf\xe8?Xy\xbam\
g\xa5R`M\xe5\xe2\xc5\x8b\xca\xc3\xdc\xb9}\xbf\xf1\
\x95\xdbC\xce\xb5\xcc\x1f~\xd8Z\xce\xff\x9d\x88\x1d\x06\
+\xbc\x12t\xfe\xaeQ\xbd\x9a\xa3\xc2/\xef\xfd\xbcy\
\xc9\xcf[\x95\xaa\xb0\x0c\xb3\x96!\xa8\xd2\xa4K\xab\xe2\
\xd5\xae]\xc31zB\xe6\xe6:W\xea\x92\x22\x9d\xbe\
\xb5P+Ca\x03\x03+e\xe8\xfb\x99Z2\x84\xd9\
\xf9o\xb3c\xa7\xa4\xbf\x04\xe9\xe24\xfcy\xe6\xac9\
\xa9\xee\xe2\xaeq\xf5y\x94Q\x05\xdaPli\xd2\x96\
\xb0cv\xdd\xbau\x1c\xdd\x98\xa5\x9a\xae\x9dg\x09\xa3\
\x09\xbf\xf0\xaaV\xad\x8a\x1a\x98\xc5\xbf[\xb6\xa9\xff\xaf\
\xcc\xa8\xe3N\xec\xef\xdc\xb9\x92\x0c\x00\xa9E\x17h\x00\
)\xd6\xfd\x99.\x8e\xdf\x17.\x5c\xec\xa8\x88$F>\
<\xff\xef\xfd\xb7\xd5\x0fOR\x0d\x91\xe5C\xa6O\x9f\
\xf5\xd8\x9em\xe9\xf6*\x0dZ\xae]\xbb\xa1V\xe8v\
\x04\x05+\x8b\x17/U\xab\x13\x99u.\xee\xde\xb9\xdf\
,I\xf8\xe5t\xfdp\xe3\xe4H\xb5R\x1a1\xc9E\
\xc8\xd2H2\xdcX\xe6\x00\xca\xd0\xc8\xca\x81\x95\xe2-\
W\x22\x95\x9a\xdc\xfe\xb9\xd5\xb9}i\xfd\x90\x9f\x11\xe7\
\xb1\x8c\xd3\xf0\xe8}\x89,=\x93\xd8\xeb\x96\xe692\
\xcf6)\xb2\x1c\xd3\xb6m;\xd4\xf0\xab\xcd\xf3\x9d0\
ar\xbc\xc7H\xf8\xd5\x96\x93\x92\xf0\xe0\xbc\x16sJ\
i\xeb*W\xabZEi\xd0\xa0\x9eR\xbbvM\xc7\
}\x0f[*&%\xfbsn\xc8eN0\x8c\xb7T\
\xa9\x92\x8e\xdf\x8f\x9f8\x11\xef\xb1\xa9Q\xa5J\xe5x\
\x1d{g\xce\x9c\x92\xa2\xe79\xff\x0d\xc9\x10win\
\x95Q\xefgZ\xcc\x9a5\xc7\xd1\x80M\x1a\xe4}\xf4\
\xd1\xe7\x0fT\xa2\xe5\x8b\x11\x19\x06\xaf\x1d\xc7\x9c\xd9\xf1\
\xbf\x04y\x94\xe7QB\xe3\x86\x0d\xff\xa8s\xfdE\x83\
\x86\xf5\xe2M-\xd0\x86?k\x01X\xe6\x88K\xc34\
!\xff\x0f\xd8\xb4\xe9\xdfD\x87?\xafY\xbd6C\x8f\
;\xa1S\xa7\xef\x8fb\x00\x80\xb4 \x00\x03H\x11\xa9\
\x0c\xb5h\xd1\xccq\xfd\xa5\x97z\xaa\x97\x94\x92\xc6E\
\xe9\x09\xc0\xffl\x5c\xad\x14)R8\xd9\xc7\xc8\x90=\
i\x8a\x93\x94\xa7\x9e\xee\xa46\xb3z\x5c\xcf\xc5\xe5+\
W\xd4\x00\xa8ua\xcd\x99\x01\xf3mSC\xc2\xbf|\
\xe8\x95\x8b\xccU\x95\xa1\x9f\xbd{\xf5T^y\xa5\x97\
Z\xa5\x11\xadZ6W\x87;:7\x8az\xd4\xe7\xd1\
?\xf7\xfd&:)\xad\x04\x9e={\xee\xa1\x8f\x91\xd7\
\xa8-%#\xe1;a\x00\xee\x1c\x17,\xc4\xdc9\x0f\
\x0f>\xb2no\xdd:\xb5\x94\xd2\xa5K)E\x8a\x14\
R\x8a\x16-\x9a\xfc\x1ck\xa7\xf9\xe1\x89\xb9\x9b\x82\xc0\
js\x1ae\xe0<\xdf\x5c\xe4\xf6w:o\x09:G\
\xa7\x86\xbfS\x03*\xf9;I\xc9\xdc\xe5\x84\x9c\x1bt\
e\xd4\xfb\x99Z\x9b6oQ\x97{\x92\xca\xa9\xbc\xae\
\x16-\x9a*K\x96\xc4\xaeW\xad\x91\xa5\x8f\xb4\xf9\xc1\
2\x9f=\xa9\xe5\xa1\x1e\xc5y\xd4\xe6\x01;\x02p\x83\
\xf8\x01X\xae\x0bi\x96%\x95\xdbm\xdb\xeew\x89O\
\xd84\xabY\x5c\x00\x96\xd0\xba\xdainqF\x1d\xb7\
3\xe7u\x99\x01 -\x18\x02\x0d E\xe4CSz\
\x86\xbbV\xacX!E\xcb\x87\xe8\xf9\x5cH\xc5\xc8y\
}^\xa9\xb8>N\xa4)\xd7\xb0\x9f\x86+\x9d\xbb\xf4\
\x887\xd4\xb6w\xef\x17\x1e\xab\xf3\x98#\xc7\xfd\x0f\xcf\
\xe1\x11\x89\xaf_\x9a\xd0\xdd\xd0\xfbC8\x93\x22\xdd\x95\
\xb5\x11\x012'\xd5\xf9\x0b\x19i\x00\xd50\xae\xa9\x94\
\xcc\x89\x5c\xb4xi\x92\xdb\x915\x8dW\xad\x5c\xa2,\
\x98?Sy\xff\xfd\xb7\x95\xce\x9d;\xa8\x95\xf6\x84\xe1\
W\x86L\xa7d\xed_\x8d5:\xe9u}S\x22\xa7\
\xf3y\x0bO|\x8emJ$\x5c\x838-\x9c\x87g\
g\xd4\xfb\x99Z\x09+\xba\x89u\x83v\x9e\xcf\x9e\x9e\
\xe6W\x19q\x1e\x85\xac)\xad54\x93\xc0\xab}\x09\
\x22\xdd\xde\xb5\xb5\xabeH\xb3\x90\xb9\xdd\xda\x7f\xe72\
$Y\x9br S\x16\xb4\xa5\x8ddi\xac\x84_J\
d\xc4q;\x8b\x8aLz\x94\x08\x00\xa4\x04\x15`\x00\
\xa9\xee\xd4+\x15\x82k)\xecP\x5c\xa9b\x05G\xb5\
P:\x0b\xcb\xfc\xad\xac.#\xcf\xc5\xd6m;\x94\x0a\
\x15\xca;\x96b\x92\xb9tI5\xfcI\x8e\x04\xcbu\
k\x97\xab\x1ds\xb7m\xdb\xae\xac]\xb7\xd11\xe7T\
\xaa\x98\x1f~\xf0\x9e\x92;\xb7\x9fb6[\xd4%d\
R3\x84Y\xbaG\x8f\x181Z\xf9\xfc\xb3\x8f\xd4\xeb\
r\xbc2\xff\xd5\xb9c\xf1\xa3<\x8f\x91N\xc3\xa8\xbd\
\x124\xefI\x8a\xbb\xfb\xfd\xb5O\x93r\xef^\xb8\xb2\
l\xf9\x0a\xe5\x99n]\x1c\xcd\xb0d\xee\xb4h\xd7\xfe\
iG\xe34\xa9\xb2%\xb5\xec\x8dt\xd2\xfe\xf1\x87o\
\x1e\xe8\x22,k\xf5JC)\xb9\x1c;~\x5c}\xdf\
\xe4\xf2\xc7\x98\x11J\xb3fM\x94\xcc\xe0\x1cz\xd33\
g\xdf\xf9\xef`\xe1\xa2%\xca\xe0\xc1o\xa7\xeb\xb82\
\xea\xfdL\x0b\xe9\xb2=h\xd0\x1bjpl\xd2\xa4\xa1\
:d]{\xafey\x1e\xad;\xb9\x04\xc7\xd5\x09\x86\
\x06?\xea\xf3(\xe4\x0b\x15\x99\x93+_\xc2\xc8\x976\
\x12deTL\x83\xfa\xb1\xd5_m\xf8\xb3\x90\xff'\
\xc8\xef\xed\xdb\xc9\xdf\xb6Y\xa9Q\xbd\xba\xf2\xcf\xa6\xcd\
J\x93&\x8d\x1c\x8f]\x95\xc8k\xcc\x88\xe3\x06\x00W\
\x22\x00\x03HQ\xa5M\xfb\xc6_\xbc\xda\xa7_\xb2\xdd\
a\x9d}\xf2\xc9\x07J\x9fW{\xab\xbf\xcb\xbcIY\
:%5U-MrC\x9b\x9f\xa4s\xb1r\xe5j\
\xc7c\xa4\x09V\xa3\x86\xf5\x13\xfd\x90\x99\x92\xe6R\xd2\
\xe5W.2o\xf1\xce\x90w\x94\x85\x0b\xef7]\x0a\
\x0c\xac\x18o\x1d^m\x8d\xd0\x94\xda\xb93v\x9e\xb0\
\x900 \x0dqR\x13\x803\xf2<:\x0f\xdf-P\
\xa0@\x8a\xb6\x99\xc7\xdf?E\x8f\x93\x0a\xa0\x16\x80%\
\x18h\x01\xd8y\xf8\xf3\x9c\xb9\xf1\xd7\xfeu\xeef\xfc\
\xcd\xd7_8\xc2\xef\xc9\x93\xa7\x94\x1f\x87\xfd\xa2l\xde\
\xbc5\xd1\xa5\x90\x5cUMK\xa9\x9b\xb7\xeew\xea\xd5\
\x1a\x93\xa5\x85s\xf7\xf2\xe2\xc5\x8a\xa5\xfb\xb82\xf2\xfd\
L-Y\xcfV\x9b\x0b._2=\xfdt\x1be\xda\
\xb4\x99\x0fT\x7fe\xbe\xba\xf3\xd2Q\x8f\xc3y\xd4\xc8\
\x174\x12\x80\x85tr\x96\x00\xac]\x97*\xf7\xd6\xad\
\xb1\x01X\xc82E\xf2w.\xe41\x12\x80\x9b;}\
!\x93p\xfeoF\x1e7\x00\xb8\x0aC\xa0\x01\xa4\xaa\
Q\xd1\x81\x03\x07S\x1cT\x84s'Y\xa9\x12:\x7f\
H\xcc\x8a2\xfa\x5cHuF\x82\x91\xa6\x7f\xff\xd7\x1e\
\x98\xab\x99\x12\xaf\xbf\xf6j\xbc\xca\xe5\x9a5\xf7?\xa8\
\xca\xb0E\xe7\x0e\xcf\xd2\xcc*\xb5\xfc\x9c\xd6|\x95\x0f\
\xcdIU<\x1f\xc5y<p\xf0\x90\xe3\xf7j\xd5\xab\
\xa4\xe8\xfcUvZf'9\xdbw\x049\xe6\x97\xca\
\xdc\xdd\xa2E\x8b\xa8\xcbD\xc9|^m\x19\x9e\x0d\x1b\
6&\xfa\xdcg\x9e\xe9\xec\xe8\x8e+\x81\xb7[\xb7\xe7\
\x95e\xcbV&\x19~E\x81\x02\xf7;\xf5\xa6\xe1\xcf\
 U\xa4\xf9\x9bsC\xac\x94T\x81?\xfc\xe0]u\
\x9d\xe8\x19\xd3'+\xdd\xbbwu\xbc\x9f\x9a\x0a\x15\xca\
\xc5[\x1f8-2\xf2\xfdL\x8b\x193\xef\x0fm\xd6\
\x9aD\xc91iAQ\xcc\x9c9'\xdd\xfbq\xf5y\
Ll9\xa4&\x8d\x1b\xaa?\xb5\x00,\xc3\x9e\x9d\xff\
[\x96\x00\xac\x91!\xd3\xd2\x9f\xa0A\x83\xfa\x8e%\x9e\
\x12\xae\xc5\x9c\x91\xc7\x0d\x00\xaeB\x00\x06\x90,\xf9\xc0\
#\x0d\x7f4\x8b\x16/K\xf5\x87\xea#G\x8e9\xae\
\xf7|\xfe\xf1X\x13\xf8q>\x17\xc3\x7f\x1b\xe5\xf8]\
\x82\xd5\x1b\xfd\xfa\xa6j?/\xbd\xf8\xbcR\xabV\x0d\
\xc7\xf5\xbf&N\x8e\xd7\xcdZ\xba\xfb:\x874i&\
U\xd5\xa9skJ\xf4tZ\x87W\x02uj\x86i\
g\xf4y\x94N\xb7\xda\x90niX\xe4\xdc\xb16\xa9\
jt\xd9\xb2\xa5S\xb4o\xd9\xae\xf3\x9a\xc0-[6\
W\xda9\x05\x9f\xf9\x0b\x16'\xba|T\xc2.\xcb\xbb\
v\xef}\xe8\x92E2/X\xaa\xc6\x1a\x931\xfe\xb0\
iW\x93\xce\xc9\xd2\x0d]\xc8\x90\xd7\x0eq\xe1.)\
\x12\xfaZ\xb5j\xa9~\x01 \x15Qm\xedVY\xd2\
F[\xffX:W\xbf\xf2j\xaf\x87\xee[F!\x1c\
\xd8\x1f\xac\xac_\xb7B\x99:e\x82R\xa9R\x85L\
y?\xd3b\xf9\xf2U\x8e/-\xe4\xbf3\xe9\xfc,\
\xff\x9d\xe6\xcb\x97W\xbdM\xba\x17;\xcf\xe5O+W\
\x9fG\xe7f\x81\xda\x88\x0f\x99f!S\x18\xb4c\xd7\
\x86?k$\xe4j_\xf8H\x98\x95\xce\xdaZ\xa7\xf3\
\xa4\x96,\xcb\xa8\xe3\x06\x00W!\x00\x03HV\xabV\
\xcd\xd5ynB>\x84.NeX\x11\xf3\xe6\xdf\xaf\
\xd8\x95)SJ\xfd\xd0\x95\x15e\xd6\xb9X\xb4h\xa9\
\xfa!R#\x8d\x92\x06\x0e\xe8\x97\xa2\xcaW\x8f\x1e\xdd\
\x94\xcf?\xff\xd8q]\xba\xd0\x8e\x193.\xd1\x90\xad\
\x85\x0a\xa9JN\x9a4N\xe9\xd0\xbe\xedC\xb7/\xf3\
\x5c\xff\xf7\xfe;j\xf7g\xcd\x94)\xd3\x94\xc7\xe9<\
\xca\x07\xf6u\xeb68\xae\x7f\xf5\xe5\xa7J\xae\x5c\xf7\
;\x09;\x93\x0a\xf2w\xdf~\x95\xaa};\xaf\x09,\
\xe7\xa1\xb5\xf3\xda\xbf\xc9t\x7f\xb69\x05\xe3\xd2\xa5K\
:\x02cb\xa4\xe3\xf6\xaf\xbf\xfc\x10\xef6\x8b[\xfa\
\xd6\x5c~\x18\xf9\x92d\xfe\xfcE\x8e\xeb\xef\xbd\xfb\xa6\
\xda\x1c))\xf2\xc5I\xb1bE\xd4\xdf%8K\x93\
0!\x1d\x84%$j\xfa\xbd\xde\xc7QaL\x8c\x0c\
\xf5\x975\xa5e\xb8\xb7\x04\xa1\xaaU+\xc7\x1b\x05\x91\
\xd1\xefgj\xc9k\xd5\x9a\x9cI\xc0k\xdd\xaa\xa5\xf2\
\xf4\xd3\xf7\x97\x5c\x9a\x9e\xce\xe6W\x1aW\x9f\xc7\x84\xc3\
\xa0\x85\x0c\xe3~\xe7\xed!\x8e\xdb\xb5\x06X\xce\xb4*\
\xb0\xbc\xd6\xf7\xdf{\xcbq\xfb\xaa\xd5k2\xfd\xb8\x01\
\xc0\x15\x08\xc0\x00\x92\xf5\x8cS\xa3\xa2\x9d;w;\x1a\
)\xa5\xc6\x82\x05\x8b\x1c\x15\x01\xadqQV\x94Y\xe7\
B\xee\x1f\xfa\xe6\xbb\xea\xda\xb3\x9aw\xdf}SY\xb2\
x\xae:\xccR>\xe4;\x939\xa5\xb2N\xe7\xc4\xbf\
\xfeT~\xf8\xfek\xc7\x1cS\xf9\xa0\xde\xbf\xff\xd0D\
\x87\xd8J\x83\xa5\x91#G;\xae\xcb\x1c\xde\x11#~\
V\x16-\x9c\xa3\xbc\xf6\xda\xabjUHB\x86\x844\
\xe9N,s\x86\xfb\xf5\xeb\xa3\xac]\xb3\x5cy\xe3\x8d\
\xfb\x15\xe9m\xdbw\xc4\xab\x88\xa6Df\x9c\xc7O?\
\xfbJ\x1d\xfa-\x0a\x16,\xa0\xcc\x9f7\xc3\xb1\xcc\x8b\
F\x9a\x16\xcd\x9819\xd5\xd5&\xa9\x8a\xc9PhQ\
\xa3F5\xf5\x03\xbb6|T.)\x997-\x95\xcc\
\x91#~vT\xde\x9c\xdf\x07\xa9h\xaf^\xb5\xe4\x81\
e\xbf\xbc\xbd\x92\xee\x8c\xeb*\xbf\x8d\xf8\xdd\xf1\xf7\x22\
\xef\xff\xbcy3\x94\x96-\x9b\xc5[\x83X\x86F\x0f\
\xe8\xff\xba\xf2\xf9\xe7\x9f8n\x1b?a\x92r\xf3\xe6\
\xfd9\xc4\xc3\x86\xfd\xa2\x84\x85\xc5vb\x96\xbf\xa1\xc9\
\x93\xc6)\xfd\xdfx\xcd\xd1\xbcL##\x0f\xfe\x9e\xfa\
\x97\xfa\xf7\xab\x19\xfe\xdb\xef\x0f\xac\xbf\x9d\x91\xefgZ\
8\x0fqn\xde\xbc\x89\xba.\xb0\x90\xe3^\xba4\xfe\
\xd2H\xe9\xe1\xea\xf3\x98\xd80h\xad\xc9\x9a\x8c\x5c\xd8\
\x11\xf7w\xedl\xf3\xbf\xf7\x87AK\xb5_[\x8a(\
((8\xd3\x8f\x1b\x00\x5c\x81&X\x00\x92$\x1f\xce\
\xa5\x09\x93&\xb9\xa5]\x92#\x15\x81\x7f\xff\xdd\xaa6\
\x5c\x11R-\xf9\xfc\x8b\xff\x8b\xf7\x81\xf9q\x97\xd9\xe7\
B\x96\x16y\xf6\xb9\x97\x94\x09\xe3\xc78\x86\xce\xca\xd0\
\xce\x91#\x7fQ?\xa8\x9e:uJ\xfd\x10*a\xa4\
H\x91\x22\x8ea\x89\x1a\x091}\xfa\xf4W\x87\xb5&\
\xe5\xa7\x9f\x7fS<\xbd\xbc\x1c\x0d\xa5\x84,+\x94\xd2\
\xe5\xaa$D\xf7\xeb7(^\x10}\x5c\xce\xa3\x84\xd4\
\xff\xfd\xefc\xe5\xe7\x9f\xbfW?\x80K\x98\x94\x0f\xda\
r^%pK\xb8s\x0e\x98\xd2D+5\x0d\xa7\xa4\
\x19\x96\xaco\xea\x1c\x0c\x93\xab\xfe\xaa\xf7\xcf\x9d\xaf~\
y\xa0\x0dk\x96\xe1\xa4-[\xb6P\xce\x9f?\xaf\x84\
\x84\x84\xa8\xf3\xaa%\xdci\x95aY\x13z\xd7\xee=\
\x8euTs9\xad\x87\x9bQ\xe4K\x97\xa1o\xbe\xa7\
v\x9f\x96\xea\xa0\x04\xf5qcG+!!7\x953\
g\xcf*f\x93Y\xad^K\xd5\xce\xf9K\x90_~\
\x19\x11o;'O\x9dV\x06\x0fyG\x19\xfd\xfbp\
u\xc8\xbblKF2\xbc\xf5\xd6`\xe5\xc4\x89\xff\xd4\
\xce\xce\x05\x02\x02\xd4\xe1\xc3\x09\x9b\xc0\x8d\x1b\xf7\xd7\x03\
\xc7\x95\xd1\xefgj\xc9\xdf\xbe\xcc\x7f\x95\xae\xcf\xd2\x15\
Y\xfb;X\xb2d\x99K\xc3\x9b\xab\xcf\xa3\xf3\x17O\
2\xd7W\x1b\x89!\xf6\xee\xdd\x97\xe8\xb1\xcb\xb0h\x19\
\xf1\xe0<\x02e\xfd\xfa\x8dI\x0e\xf5\xcf\xc8\xe3\x06\x00\
W\xa0\x02\x0c I\xdd\xbavv|\xb0\xb3\xd9l\xca\
\xd2\xa5+\xd2|\xb6\x9c\x87\xac\xca\x07\x22\xe7*`V\
\xf0(\xce\x85\x0c\xfdl\xdf\xa1\x9b:\x84\xd9y\x8e\xad\
\x0cC\x96P,\xd5G\xa9z9\x87_\xf9\xa0*C\
Q[\xb5n\xef\xa8R&E\x1e\xfb\xd5W\xdf*}\
\xfb\xf6W?\xb0\xa6\x94t{\x1e1r\xb4\xd2\xb5\xdb\
s\xa9\xfe\x12#3\xcf\xa3,\xc1\xd2\xabw\xdfxM\
}$\x80\xcb\xdcZ\xe7\xb04k\xd6\x5cer*\x87\
q\xcbrHZERH\x18X\xb0pI\xb2\xcf\x91\
\xc7\xbf\xd4\xab\xaf\x1a\xe6\x9c\xdfKi\xa4%\xc7$?\
\xb5\xf0+\xf3H;t\xe8\xa6\xfc\xfa\xebH\xc7c\xab\
W\x8bm\xb4\x95\xd1\xd6\xae]\xaf<\xdf\xb3w\xbc\xe3\
\x94Q\x00R\xad\x93\xea\xaas\xf8\x9d;w\x81\xf2\xf2\
\xcb\xaf\xa9a=\xb1a\xb6\xdd{\xbc\x18o8\xab\x04\
!\xe9\xfe-\xeb(;\x87\x1f9\x7f\x7f\xfc1Ny\
\xa3\xff\x90$\xbfP\xc9\xc8\xf73-f\xcf\x9a\xab\xfe\
t\xfe\x12\xc4U\xc3\x9f3\xf2<j\xff\xedI\x88u\
\xb6e\xcb\xd6D\x1f+\xff\x8dK\xa7hgI\x0d\x7f\
\xce\xe8\xe3\x06\x00W\xa0\x02\x0c I\xdd\xe2\x96{\x11\
\xb2\xf4\xc7\xf5\x14\xae\xd3\x9a\x98\x15+V)\xff\xf7\xd5\
\xe7\x8e\xb0\xf6\xfcs=\x94\xb1c'\xa4j\xfdY=\
\x9e\x0b\x09\x9b\xdf~\xf7\xa32\xe6\x8f\xb1J\xabV-\
\x94\xfa\xf5\xeb*e\xcb\x94Q?\xf8\xcb\xf3e\xa9\x15\
\x09\x04RU\x09\x0a\xde\xa9\xce\xe1\x94&7\xa9!\xcb\
,\xc9\x90\xc8\xda\xb5k\xaaK\x9cT\x0a\xac\xa8.\x9f\
\xe4\x973\xa7\xfa\x81U*\xcd\xd7\xae]W\x1b\xfb\xc8\
ce>fZ\x96\xb2z\x14\xe7Q\xe6/6j\xdc\
B\x1d\x22\xdd\xb2Us\xa5t\xa9\x92jX\xbe~\xfd\
\x86Z\x05\x9b>c\x96\xfa\x98w\xde\x19\x9a\xaa}K\
\xa5LB\xb0\x04z\xb1q\xe3?)z-r\x0e\xe5\
\xcb\x89\xe7\x9f\xeb\x1ew<\xa5\xd4Jex\xf8=\xb5\
\x9a\x19\x14\xb4SY\xbcd\x99\xa3\x19\x91\x84M\x19J\
*CG\xa5r,\xc3~\x9d;\xf3f\x14\xe9F\xde\
\xa4ik\xa5s\xe7\x0ej\xa3\xaf\x8a\x15\xcb\xab\xdd|\
m6\xbbr\xf9\xf2e\xf5\xfe\xe9\xd3g){\xf6\xee\
Kv;2\x02\xa1E\xcb\xb6\xcaSO\xb5RZ\xb6\
h\xaeT\xa9\x12\x1b|\xdc\xdd=\xd4\xbf!\x09G\x12\
\xbcf\xcf\x99\x9f\xa2\xbf\xdb\x8cz?\xd3b\xfe\x82E\
\xca\x07\x1f\xbc\xab\xfe7\xa2\xbd\xb7\xc9\x8d\xb8H\x0fW\
\x9fG\xb1f\xed:\xf5\xfdMn\xfe\xafF\xce\xa9\xb6\
>ytt\xb4\xb2a\xc3\xa6Gv\xdc\x00\x90^\x86\
\xc2EJg\x8dO\x9f\x00\x00\x00\x00\x00\xa4\x03C\xa0\
\x01\x00\x00\x00\x00\xba@\x00\x06\x00\x00\x00\x00\xe8\x02\x01\
\x18\x00\x00\x00\x00\xa0\x0b\x04`\x00\x00\x00\x00\x80.\x10\
\x80\x01\x00\x00\x00\x00\xba@\x00\x06\x00\x00\x00\x00\xe8\x02\
\x01\x18\x00\x00\x00\x00\xa0\x0b\x04`\x00\x00\x00\x00\x80.\
\x10\x80\x01\x00\x00\x00\x00\xba@\x00\x06\x00\x00\x00\x00\xe8\
\x02\x01\x18\x00\x00\x00\x00\xa0\x0b\x04`\x00\x00\x00\x00\x80\
.\x10\x80\x01\x00\x00\x00\x00\xba@\x00\x06\x00\x00\x00\x00\
\xe8\x02\x01\x18\x00\x00\x00\x00\xa0\x0b\x04`\x00\x00\x00\x00\
\x80.\x10\x80\x01\x00\x00\x00\x00\xba@\x00\x06\x00\x00\x00\
\x00\xe8\x02\x01\x18\x00\x00\x00\x00\xa0\x0b\x04`\x00\x00\x00\
\x00\x80.\x98\x1f\xf5\x01\x00\x00\xf0$\xcb\x9f?\xaf\xd2\
\xa9S{\xa5D\xf1b\x8a\xc1`P\x0e\x1f>\xaa\xcc\
\x9b\xbfH\x09\x09\xb9\x99\xaa\xed\xf4y\xb5\x97\xe2\xe6f\
Q~\x1f=.\xc3\x8e\x15\x00\x80'\x1d\x15`\x00\x00\
2\x88\x9f_N\xe5\xcd\xa1\x03\x94\x5c~9\x95\x99\xb3\
\xe6\xaa\x97\x22E\x0a\xa9\xb7yzz\xa4h\x1bf\xb3\
I\xe9\xd9\xb3\xbbR\xadZe\xde'\x00\x00\xd2\x89\x0a\
0\x00\x00\x19\xe4\xa96-\x15\x8b\xc5\xa2\xfc:|\xb4\
\x12\x1a\x1a\xaa\xdev\xfa\xf4Y\xe5\xd3O\xdeW\x9a5\
m\xac,]\xb62\xd9\xe7\x97/WV\xe9\xd2\xa5\xbd\
\x12\x10\x90_\x89\x89\x89\xe1}\x02\x00 \x9d\xa8\x00\x03\
\x00\x90J\xcf=\xdbM\x199b\x98\xe2\xe3\xe3\x13\xef\
vwwwe\xf8\xaf\xdf+/\xbe\xf0\xacz\xbdr\
\xe5J\xca\xa1CG\x1c\xe1W\x5c\xbdzM\xf9\xef\xbf\
SJ\xf5\xeaU\x92\xdd\x87lk\xe0\xc0\xd7\x94\xbcy\
\xf3(\xb3f\xcfWn\xde\xbc\xc5\xfb\x04\x00@:\x11\
\x80\x01\x00H\xa5\x1dA;\x15\xa3\xd1\xa8T\xa9R)\
\xde\xed\x95*\x96W+\xber\xbf\x0c\x7f\xf6\xf1\xf1V\
.\x5c\xbc\xf4\xc0\xf3/]\xba\xac\x06[ylR\xa4\
\xe2{\xf4\xe8q\xe5\xbb\xef\x7fQ6l\xd8\xc4{\x04\
\x00\x80\x0b\x10\x80\x01\x00H\xa5\x93'O\xabM\xac\xaa\
V\x8d?/W\xe6\xe9\xde\xbe}G9v\xec\x84\xe2\
\xed\xed\xa5\xdev\xf7\xee\xfd\xea\xaf\xe6nh\xa8\xda\x10\
\xcb\xdb\xdb;\xc9}DEE)\xc3\x7f\x1b\xad\x5c\xb8\
p\x91\xf7\x07\x00\x00\x17!\x00\x03\x00\x90JR\x9d\x0d\
\x0a\xda\xa5\x94)]\xd2\x11t\xdd\xdc\xdc\x94\x0a\x15\xca\
)\xc1\xc1\xbb\xd5\xfbe\x08\xb3\xb0Z\xad\x0f<\xdff\
\xb5\xa9?-\x16Zq\x00\x00\x90\x99\x08\xc0\x00\x00\xa4\
c\x18t\xe5\xc0\xd8a\xd0\x95*\xdd\x1f\xfe,\xa2\xa3\
c\x83\xaf\xd9dz\xe0\xb9&s\xecm\x91\x91\x91\x9c\
{\x00\x002\x11\x01\x18\x00\x804\x90y\xbc2<\xb9\
j\xd5@\xf5z\xb5jU\x94+W\xae*\xe7\xce\x9d\
W\xaf\xdf\xb9sG\xfd\xe9\xed\xf3\xe00g_\x1f\x1f\
\xb5J\x1c\x1e\x1e\xce\xb9\x07\x00 \x13\x11\x80\x01\x00H\
\xa3\x1d2\x0c\xbaLi\xc5\xd7\xd7G\xa9P\xbe\xac:\
,Z#]\x9b\xef\xdd\x0bW\x02\xf2\xe7{\xe0y\xf9\
\xf3\xe7S\x03\xb4V%\x06\x00\x00\x99\x83\x00\x0c\x00@\
\x1a\x05\x07\xefRL&\xa3\xd2\xb9S{u\x0epP\
\xdc\xf0g\xcd\xbe}\x07\x94\x8a\x15\xcb\xc7[.)O\
\x1e\x7f\xa5D\x89b\xca\x9e=\xfb9\xef\x00\x00d2\
\x020\x00\x00i$U\xde\x13'N*\xb5k\xd7P\
N\x9d:\xa3\x5c\xbb~#\xde\xfdK\x97\xadT\x14\xc5\
\xa0\x0c\x19\xdcO\xed\x18]\xabfue\xd0\xc0\xd7\xd5\
\x0e\xd2\xeb\xd6ot<\xaeV\xad\xea\xca\xef\xa3~V\
\x9a5m\xc4{\x01\x00@\x06\x22\x00\x03\x00\x90\x0e\xd2\
\xf4J\x964\x0a\x0a\xbe?\xfcYs\xe3F\x88\xf2\xf3\
/#\x95;wC\x95^/=\xa7<\xf3L'\xe5\
\xf4\x99\xb3\xca\xaf\xc3\x7fW\x87G\x03\x00\x80\xcce(\
\x5c\xa4tL&\xef\x13\x00\x00\x00\x00\x80LG\x05\x18\
\x00\x00\x00\x00\xa0\x0b\x04`\x00\x00\x00\x00\x80.\x10\x80\
\x01\x00\x00\x00\x00\xba@\x00\x06\x00\x00\x00\x00\xe8\x02\x01\
\x18\x00\x00\x00\x00\xa0\x0b\x04`\x00\x00\x00\x00\x80.\x10\
\x80\x01\x00\x00\x00\x00\xba@\x00\x06\x00\x00\x00\x00\xe8\x02\
\x01\x18\x00\x00\x00\x00\xa0\x0b\x04`\x00\x00\x00\x00\x80.\
\x10\x80\x01\x00\x00\x00\x00\xba@\x00\x06\x00\x00\x00\x00\xe8\
\x02\x01\x18\x00\x00\x00\x00\xa0\x0b\x04`\x00\x00\x00\x00\x80\
.\x10\x80\x01\x00\x00\x00\x00\xba@\x00\x06\x00\x00\x00\x00\
\xe8\x02\x01\x18\x00\x00\x00\x00\xa0\x0b\x04`\x00\x00\x00\x00\
\x80.\x10\x80\x01\x00\x00\x00\x00\xba@\x00\x06\x00\x00\x00\
\x00\xe8\x02\x01\x18\x00\x00\x00\x00\xa0\x0b\x04`\x00\x00\x00\
\x00\x80.\x10\x80\x01\x00\x00\x00\x00\xba@\x00\x06\x00\x00\
\x00\x00\xe8\x02\x01\x18\x00\x00\x00\x00\xa0\x0b\x04`\x00\x00\
\x00\x00\x80.\x10\x80\x01\x00\x00\x00\x00\xba@\x00\x06\x00\
\x00\x00\x00\xe8\x02\x01\x18\x00\x00\x00\x00\xa0\x0b\x04`\x00\
\x00\x00\x00\x80.\x10\x80\x01\x00\x00\x00\x00\xba@\x00\x06\
\x00\x00\x00\x00\xe8\x02\x01\x18\x00\x00\x00\x00\xa0\x0b\x04`\
\x00\x00\x00\x00\x80.\x10\x80\x01\x00\x00\x00\x00\xba@\x00\
\x06\x00\x00\x00\x00\xe8\x02\x01\x18\x00\x00\x00\x00\xa0\x0b\x04\
`\x00\x00\x00\x00\x80.\x10\x80\x01\x00\x00\x00\x00\xba@\
\x00\x06\x00\x00\x00\x00\xe8\x02\x01\x18\x00\x00\x00\x00\xa0\x0b\
\x04`\x00\x00\x00\x00\x80.\x10\x80\x01\x00\x00\x00\x00\xba\
@\x00\x06\x00\x00\x00\x00\xe8\x02\x01\x18\x00\x00\x00\x00\xa0\
\x0b\x04`\x00\x00\x00\x00\x80.\x10\x80\x01\x00\x00\x00\x00\
\xba@\x00\x06\x00\x00\x00\x00\xe8\x02\x01\x18\x00\x00\x00\x00\
\xa0\x0b\x04`\x00\x00\x00\x00\x80.\x10\x80\x01\x00\x00\x00\
\x00\xba@\x00\x06\x00\x00\x00\x00\xe8\x02\x01\x18\x00\x00\x00\
\x00\xa0\x0b\x04`\x00\x00\x00\x00\x80.\x10\x80\x01\x00\x00\
\x00\x00\xba@\x00\x06\x00\x00\x00\x00\xe8\x02\x01\x18\x00\x00\
\x00\x00\xa0\x0b\x04`\x00\x00\x00\x00\x80.\x10\x80\x01\x00\
\x00\x00\x00\xba@\x00\x06\x00\x00\x00\x00\xe8\x02\x01\x18\x00\
\x00\x00\x00\xa0\x0b\x04`\x00\x00\x00\x00\x80.\x10\x80\x01\
\x00\x00\x00\x00\xba@\x00\x06\x00\x00\x00\x00\xe8\x02\x01\x18\
\x00\x00\x00\x00\xa0\x0b\x04`\x00\x00\x00\x00\x80.\x10\x80\
\x01\x00\x00\x00\x00\xba@\x00\x06\x00\x00\x00\x00\xe8\x02\x01\
\x18\x00\x00\x00\x00\xa0\x0b\x04`\x00\x00\x00\x00\x80.\x10\
\x80\x01\x00\x00\x00\x00\xba@\x00\x06\x00\x00\x00\x00\xe8\x02\
\x01\x18\x00\x00\x00\x00\xa0\x0b\x04`\x00\x00\x00\x00\x80.\
\x10\x80\x01\x00\x00\x00\x00\xba@\x00\x06\x00\x00\x00\x00\xe8\
\x02\x01\x18\x00\x00\x00\x00\xa0\x0b\x04`\x00\x00\x00\x00\x80\
.\x10\x80\x01\x00\x00\x00\x00\xba@\x00\x06\x00\x00\x00\x00\
\xe8\x02\x01\x18\x00\x00\x00\x00\xa0\x0b\x04`\x00\x00\x00\x00\
\x80.\x10\x80\x01\x00\x00\x00\x00\xba@\x00\x06\x00\x00\x00\
\x00\xe8\x02\x01\x18\x00\x00\x00\x00\xa0\x0b\x04`\x00\x00\x00\
\x00\x80.\x10\x80\x01\x00\x00\x00\x00\xba@\x00\x06\x00\x00\
\x00\x00\xe8\x02\x01\x18\x00\x00\x00\x00\xa0\x0b\x04`\x00\x00\
\x00\x00\x80.\x10\x80\x01\x00\x00\x00\x00\xba@\x00\x06\x00\
\x00\x00\x00\xe8\x02\x01\x18\x00\x00\x00\x00\xa0\x0b\x04`\x00\
\x00\x00\x00\x80.\x10\x80\x01\x00\x00\x00\x00\xba@\x00\x06\
\x00\x00\x00\x00\xe8\x02\x01\x18\x00\x00\x00\x00\xa0\x0b\x04`\
\x00\x00\x00\x00\x80.\x10\x80\x01\x00\x00\x00\x00\xba@\x00\
\x06\x00\x00\x00\x00\xe8\x02\x01\x18\x00\x00\x00\x00\xa0\x0b\x04\
`\x00\x00\x00\x00\x80.\x10\x80\x01\x00\x00\x00\x00\xba@\
\x00\x06\x00\x00\x00\x00\xe8\x02\x01\x18\x00\x00\x00\x00\xa0\x0b\
\x04`\x00\x00\x00\x00\x80.\x10\x80\x01\x00\x00\x00\x00\xba\
@\x00\x06\x00\x00\x00\x00\xe8\x02\x01\x18\x00\x00\x00\x00\xa0\
\x0b\x04`\x00\x00\x00\x00\x80.\x10\x80\x01\x00\x00\x00\x00\
\xba@\x00\x06\x00\x00\x00\x00\xe8\x02\x01\x18\x00\x00\x00\x00\
\xa0\x0b\x04`\x00\x00\x00\x00\x80.\x10\x80\x01\x00\x00\x00\
\x00\xba@\x00\x06\x00\x00\x00\x00\xe8\x02\x01\x18\x00\x00\x00\
\x00\xa0\x0b\x04`\x00\x00\x00\x00\x80.\x10\x80\x01\x00\x00\
\x00\x00\xba@\x00\x06\x00\x00\x00\x00\xe8\x02\x01\x18\x00\x00\
\x00\x00\xa0\x0b\x04`\x00\x00\x00\x00\x80.\x10\x80\x01\x00\
\x00\x00\x00\xba@\x00\x06\x00\x00\x00\x00\xe8\x02\x01\x18\x00\
\x00\x00\x00\xa0\x0b\x04`\x00\x00\x00\x00\x80.\x10\x80\x01\
\x00\x00\x00\x00\xba@\x00\x06\x00\x00\x00\x00\xe8\x02\x01\x18\
\x00\x00\x00\x00\xa0\x0b\x04`\x00\x00\x00\x00\x80.\x10\x80\
\x01\x00\x00\x00\x00\xba@\x00\x06\x00\x00\x00\x00\xe8\x02\x01\
\x18\x00\x00\x00\x00\xa0\x0b\x04`\x00\x00\x00\x00\x80.\x10\
\x80\x01\x00\x00\x00\x00\xba@\x00\x06\x00\x00\x00\x00\xe8\x02\
\x01\x18\x00\x00\x00\x00\xa0\x0b\x04`\x00\x00\x00\x00\x80.\
\x10\x80\x01\x00\x00\x00\x00\xba@\x00\x06\x00\x00\x00\x00\xe8\
\x02\x01\x18\x00\x00\x00\x00\xa0\x0b\x04`\x00\x00\x00\x00\x80\
.\x10\x80\x01\x00\x00\x00\x00\xba@\x00\x06\x00\x00\x00\x00\
\xe8\x02\x01\x18\x00\x00\x00\x00\xa0\x0b\x04`\x00\x00\x00\x00\
\x80.\x10\x80\x01\x00\x00\x00\x00\xba@\x00\x06\x00\x00\x00\
\x00\xe8\x02\x01\x18\x00\x00\x00\x00\xa0\x0b\x04`\x00\x00\x00\
\x00\x80.\x10\x80\x01\x00\x00\x00\x00\xba@\x00\x06\x00\x00\
\x00\x00(z\xf0\xffh\xb22\x1b\x88\x06''\x00\x00\
\x00\x00IEND\xaeB`\x82\
\x00\x00\x91-\
\x89\
PNG\x0d\x0a\x1a\x0a\x00\x00\x00\x0dIHDR\x00\
\x00\x048\x00\x00\x048\x08\x06\x00\x00\x00\xec\x10l\x8f\
\x00\x00\x00\x01sRGB\x00\xae\xce\x1c\xe9\x00\x00\x00\
\x04gAMA\x00\x00\xb1\x8f\x0b\xfca\x05\x00\x00\x00\
\x09pHYs\x00\x00\x0e\xc3\x00\x00\x0e\xc3\x01\xc7o\
\xa8d\x00\x00\x90\xc2IDATx^\xec\xfd\x0f\x90\
d\xd7]'\xf8\xba\xe4\x1e\x1b\xbb\x0b\xd3\xdd%wU\
\x17-U\x09dZj\xef[\x81\x09\xbf\xc0L3f\
a\xe8\x89\xb7~<\x8ff\x1f\x927\xc0\xb1\x80\xd7\xf2\
<\x8b\x85\x07\xfb\xc6\xd6\xae\xe2Y\x12\x1b^\xfc'\x86\
\x09\xfeH1Hk\x9b]L\x8c%vFx\xc1l\
\xd0^\x1cc\xe8\xc1,~\x18\x14\xebn\xb5P\xdbU\
\xad.Ug\x95\xba\xfe U\xcb+!K\xef\x9c\xca\
\x93\xe5\xaa\xae\xac\xaa\xfc\x9f\xf7\x9e\xfb\xf9Dd\xdc{\
2\xb32\xf3\xfe\xa9\xcc<\xbf\xfc\xdes_\x05\x00\x00\
\x00\x00\x00\x00\x00\x00\x00\x00\x00\x00\x00\x00\x00\x00\x00\x00\
\x00\x00\x00\x00\x00\x00\x00\x00\x00\x00\x00\x00\x00\x00\x00\x00\
\x00\x00\x00\x00\x00\x00\x00\x00\x00\x00\x00\x00\x00\x00\x00\x00\
\x00\x00\x00\x00\x00\x00\x00\x00\x00\x00\x00\x00\x00\x00\x00\x00\
\x00\x00\x00\x00\x00\x00\x00\x00\x00\x00\x00\x00\x00\x00\x00\x00\
\x00\x00\x00\x00\x00\x00\x00\x00\x00\x00\x00\x00\x00\x00\x00\x00\
\x00\x00\x00\x00\x00\x00\x00\x00\x00\x00\x00\x00\x00\x00\x00\x00\
\x00\x00\x00\x00\x00\x00\x00\x00\x00\x00\x00\x00\x00\x00\x00\x00\
\x00\x00\x00\x00\x00\x00\x00\x00\x00\x00\x00\x00\x00\x00\x00\x00\
\x00\x00\x00\x00\x00\x00\x00\x00\x00\x00\x00\x00\x00\x00\x00\x00\
\x00\x00\x00\x00\x00\x00\x00\x00\x00\x00\x00\x00\x00\x00\x00\x00\
\x00\x00\x00\x00\x00\x00\x00\x00\x00\x00\x00\x00\x00\x00\x00\x00\
\x00\x00\x00\x00\x00\x00\x00\x00\x00\x00\x00\x00\x00\x00\x00\x00\
\x00\x00\x00\x00\x00\x00\x00\x00\x00\x00\x00\x00\x00\x00\x00\x00\
\x00\x00\x00\x00\x00\x00\x00\x00\x00\x00\x00\x00\x00\x00\x00\x00\
\x00\x00\x00\x00\x00\x00\x00\x00\x00\x00\x00\x00\x00\x00\x00\x00\
\x00\x00\x00\x00\x00\x00\x00\x00\x00\x00\x00\x00\x00\x00\x00\x00\
\x00\x00\x00\x00\x00\x00\x00\x00\x00\x00\x00\x00\x00\x00\x00\x00\
\x00\x00\x00\x00\x00\x00\x00\x00\x00\x00\x00\x00\x00\x00\x00\x00\
\x00\x00\x00\x00\x00\x00\x00\x00\x00\x00\x00\x00\x00\x00\x00\x00\
\x00\x00\x00\x00\x00\x00\x00\x00\x00\x00\x00\x00\x00\x00\x00\x00\
\x00\x00\x00\x00\x00\x00\x00\x00\x00\x00\x00\x00\x00\x00\x00\x00\
\x00\x00\x00\x00\x00\x00\x00\x00\x00\x00\x00\x00\x00\x00\x00\x00\
\x00\x00\x00\x00\x00\x00\x00\x00\x00\x00\x00\x00\x00\x00\x00\x00\
\x00\x00\x00\x00\x00\x00\x00\x00\x00\x00\x00\x00\x00\x00\x00\x00\
\x00\x00\x00\x00\x00\x00\x00\x00\x00\x00\x00\x00\x00\x00\x00\x00\
\x00\x00\x00\x00\x00\x00\x00\x00\x00\x00\x00\x00\x00\x00\x00\x00\
\x00\x00\x00\x00\x00\x00\x00\x00\x00\x00\x00\x00\x00\x00\x00\x00\
\x00\x00\x00\x00\x00\x00\x00\x00\x00\x00\x00\x00\x00\x00\x00\x00\
\x00\x00\x00\x00\x00\x00\x00\x00\x00\x00\x00\x00\x00\x00\x00\x00\
\x00\x00\x00\x00\x00\x00\x00\x00\x00\x00\x00\x00\x00\x00\x00\x00\
\x00\x00\x00\x00\x00\x00\x00\x00\x00\x00\x00\x00\x00\x00\x00\x00\
\x00\x00\x00\x00\x00\x00\x00\x00\x00\x00\x00\x00\x00\x00\x00\x00\
\x00\x00\x00\x00\x00\x00\x00\x00\x00\x00\x00\x00\x00\x00\x00\x00\
\x00\x00\x00\x00\x00\x00\x00\x00\x00\x00\x00\x00\x00\x00\x00\x00\
\x00\x00\x00\x00\x00\x00\x00\x00\x00\x00\x00\x00\x00\x00\x00\x00\
\x00\x00\x00\x00\x00\x00\x00\x00\x00\x00\x00\x00\x00\x00\x00\x00\
\x00\x00\x00\x00\x00\x00\x00\x00\x00\x00\x00\x00\x00\x00\x00\x00\
\x00\x00\x00\x00\x00\x00\x00\x00\x00\x00\x00\x00\x00\x00\x00\x00\
\x00\x00\x00\x00\x00\x00\x00\x00\x00\x00\x00\x00\x00\x00\x00\x00\
\x00\x00\x00\x00\x00\x00\x00\x00\x00\x00\x00\x00\x00\x00\x00\x00\
\x00\x00\x00\x00\x00\x00\x00\x00\x00\x00\x00\x00\x00\x00\x00\x00\
\x00\x00\x00\x00\x00\x00\x00\x00\x00\x00\x00\x00\x00\x00\x00\x00\
\x00\x00\x00\x00\x00\x00\x00\x00\x00\x00\x00\x00\x00\x00\x00\x00\
\x00\x00\x00\x00\x00\x00\x00\x00\x00\x00\x00\x00\x00\x00\x00\x00\
\x00\x00\x00\x00\x00\x00\x00\x00\x00\x00\x00\x00\x00\x00\x00\x00\
\x00\x00\x00\x00\x00\x00\x00\x00\x00\x00\x00\x00\x00\x00\x00\x00\
\x00\x00\x00\x00\x00\x00\x00\x00\x00\x00\x00\x00\x00\x00\x00@\
)\x8c\xa4)\x00\xd0'\xaf\xbc\xf2\xcad\x98\x9c\xa8\xb7\
\xea\x9ex\xe2\x89\x9b\xae\x5c\xb9\xf2\xdd\xa9\xd9\xd4\xfe\xfd\
\xfb\xbfv\xec\xd8\xb1s\xa9\xd9pzddd>\xcd\
\x03\x00\x90(p\x00@\x0fm.f\xc4\x22\xc6\xb3\xcf\
>\xfb}\xd7_\x7f\xfd\x89\xf1\xf1\xf1k\xe3u\xddZ\
XX\xb8\xfc\xd4SO\x9d~\xc3\x1b\xde\xf0\xd7\x9b\x8a\
\x1f\x8a\x1e\x00@\xe5)p\x00@\x97\x1aE\x8dX\xd0\
\xd8\xbf\x7f\xff\xcf\x1e=zt\xaa~\xcb`\xcc\xce\xce\
\x9e}\xe1\x85\x17\x1eN\x05\x0f\xc5\x0e\x00\xa0\x92\x148\
\x00\xa0\x03\x8d\xa2\xc6c\x8f=\xf6\x83\xd7_\x7f\xfd{\
\x0e\x1e<8Z\xbfe\xb8\xe6\xe6\xe6.\x5c\xb9r\xe5\
\x93\x8a\x1d\x00\x00\x00@S\xb1\xa8\x11.\xb7]\xbat\
\xe9\xce\x8b\x17/\xce\x86\xf9B\x9b\x99\x999\x13&\xb7\
\x85K,\xc6\x00\x00dM\x82\x03\x00\xf6\x90\x0a\x04'\
\xe6\xe7\xe7\xdf>99\xf9\xfe\xfa\xb5\xe5\x11\xc7\xed\x08\
\xcbp\xef\xc4\xc4\xc43\xa1)\xd5\x01\x00\x00\x00U\x12\
\x0b\x1b1\x01\xf1\xf4\xd3O\xdf\x1f\xa6YH\xcb\x22\xd1\
\x01\x00\x00\x00U\x10\x8b\x00+++\xf7\xadW\x052\
S\xab\xd5\x9e\x89\x87\xd9\x84Y\x85\x0e\x00\x00\x00\xc8Q\
\xec\xf4\x87\xcbm\xb1\x08\x10\x8b\x0193F\x07\x00\x00\
\x00d(v\xf4ggg\xffM\xec\xfcW\x89\xc3V\
\x00\x00\x00 \x03\xb1s\x1f.\x95Hm\xec$\x9d\x15\
F\x9a\x03\x00\x00\x00\xca(v\xe8s\x1aD\xb4[i\
\xdc\x11E\x0e\x00\x00\x00(\x8b\xd8\x91\xff\xfa\xd7\xbf\xfe\
\xa5\xf5\x9e=\x1b\xd2a:\x8a\x1c\x00\x00\x00Pd\xb1\
\xf3\x1e.\xb7\xa5\xc32h\x22\x0d@\xaa\xc8\x01\x00\x94\
\xc6H\x9a\x02@%\xa4N\xfb?\x0b\x97\xdfX\xbf\x82\
\x1d\xcd\xcd\xcd]8z\xf4\xe8\x07\xc2\xec\xe9\x91\x91\x91\
\xf9\xfa\xb5\x00\x00\xc5\xa4\xc0\x01@e(nt\xec\xbf\
\x0a\x97\x7f\xa7\xc8\x01\x00\x14\xd95i\x0a\x00Y\x8b\xc5\
\x8d\xd5\xd5\xd5\xf7\x85Y\xc5\x8d\xf6\xc5u\xf6\xcf\x1c\xb2\
\x02\x00\x14\x99\x04\x07\x00\xd9\x93\xdc\xe8\x19I\x0e\x00\xa0\
\xb0$8\x00\xc8\x9a\xe2FO\xc5ux\xa2>\x0b\x00\
P,\x0a\x1c\x00\xe4.v\xc8\x157zdvv\xf6\
\x1e\x87\xaa\x00\x00E\xa4\xc0\x01@\xb6bG<v\xc8\
S\x93\x1e\x98\x9e\x9e>>33\xf3o\x159\x00\x80\
\xa2Q\xe0\x00 K\xa9\xb8\xf1\xa9\xd8!OW\xd1#\
7\xdcp\xc3\x0f\x5c\xb8p\xe1_*r\x00\x00E\xa2\
\xc0\x01@vb\xc7;\x9e1ezz\xfad\xba\x8a\
\x1e\x9b\x9a\x9azW\x5c\xc7\x8a\x1c\x00@Q8\x8b\x0a\
\x00\xd9\x09\x9d\xee\xdb\xc2\xe4\xe1z\x8b>\xbb}dd\
\xe4\x914\x0f\x0004\x12\x1c\x00d%&\x0a\x16\x16\
\x16\xeeOM\xfalff\xe6\x17\xa58\x00\x80\x22P\
\xe0\x00 \x1b\xb1\xa3\x1d\xc7\x86\x18\x1f\x1f\xbf6]E\
\x9f\xc5\xf18\x1c\xaa\x02\x00\x14\x81CT\x00\xc8\x86C\
S\x86\xca\xa1*\x00\xc0PIp\x00\x90\x85\x98 \x98\
\x9b\x9b\xfbXj2`\xb3\xb3\xb3\xef\x91\xe2\x00\x00\x86\
I\x81\x03\x80,\xd4j\xb5[\x8f\x1e=:\x95\x9a\x0c\
X:c\xcd\x89z\x0b\x00`\xf0\x148\x00(\xbd\x98\
\x1c\x18\x19\x19\xb975\x19\x92\xd9\xd9\xd9{\xa48\x00\
\x80aQ\xe0\x00\xa0\xd4b\x87z~~\xfen\x03\x8b\
\x0e\xdf\xf4\xf4\xf4\xf1\x98\xa4IM\x00\x80\x81R\xe0\x00\
\xa0\xecNLNN\xbe?\xcd3d1I#\xc5\x01\
\x00\x0c\x83\x02\x07\x00\xa5V\xab\xd5\xde\x98f)\x80\x94\
\xa41\x16\x07\x000p\x0a\x1c\x00\x94\x96\xb17\x8a\xc9\
X\x1c\x00\xc00(p\x00Pf'\x8c\xbdQ<q\
,\x8e0\x91\xe2\x00\x00\x06J\x81\x03\x80R\x8a\x09\x81\
\x98\x14HM\x0a\xe6\xc2\x85\x0b\xb7Jq\x00\x00\x834\
\x92\xa6\x00P*\xa1\xf3|[\x98<\x5coQP\xb7\
\x8f\x8c\x8c<\x92\xe6\x01\x00\xfaJ\x82\x03\x80Rz\xe2\
\x89'nJ\xb3\x00\x00\xa0\xc0\x01@\xf9\xc4C\x1f\xf6\
\xef\xdf\xff\xb3\xa9IA\xcd\xcc\xcc\xfc\xa2\xc3T\x00\x80\
Aq\x88\x0a\x00\xa5\xe3\xf0\x94Rq\x98\x0a\x000\x10\
\x12\x1c\x00\x94N\xadV{c\x9a\x05\x00\x80u\x0a\x1c\
\x00\x94\xce\xc5\x8b\x17\xffq\x9a\xa5\xe0\x1e{\xec\xb1\x1f\
L\xb3\x00\x00}\xa5\xc0\x01@\xa9\xc41\x1dn\xbc\xf1\
F\x05\x8e\x92\x18\x1b\x1b\xfb\xa7\xc6\xe1\x00\x00\x06A\x81\
\x03\x80\xb29q\xf0\xe0\xc1\xd14O\xc1\x1d=zt\
*LN\xd4[\x00\x00\xfd\xa3\xc0\x01\x00\x00\x00\x94\x9e\
\x02\x07\x00\xa5\xf2\x95\xaf|\xe5\x1di\x96\x920(,\
\x000\x08\x0a\x1c\x00\x94\xcaK/\xbdts\x9a\xa5$\
\xe6\xe7\xe7\xff\xafi\x16\x00\xa0o\x148\x00(\x8d8\
X\xe5\xd4\xd4\xd4\x0d\xa9II(J\x01\x00\x83\xa0\xc0\
\x01@\x99\x9c\x18\x1f\x1f\xbf6\xcdS\x12\xb1(\xe5L\
*\x00@\xbf)p\x00\x00}\x95\x8aR\xce\xa4\x02\x00\
\xf4\x95\x02\x07\x00\x00\x00Pz\x0a\x1c\x00\x00\x00@\xe9\
)p\x00\x00\x00\x00\xa5\xa7\xc0\x01@i<\xf1\xc4\x13\
7\xa5Y\x00\x00\xd8B\x81\x03\x80\xd2\xb8r\xe5\xcaw\
\xa7Y\x00\x00\xd8B\x81\x03\x00\x00\x00(=\x05\x0e\x00\
\x00\x00\xa0\xf4\x148\x00\x00\x00\x80\xd2S\xe0\x00\xa04\
\xde\xf2\x96\xb7|.\xcd\x02\x00\xc0\x16\x0a\x1c\x00\x00\x00\
@\xe9)p\x00\x00\x00\x00\xa5\xa7\xc0\x01\x00\x00\x00\x94\
\x9e\x02\x07\x00\x00\x00Pz\x0a\x1c\x00@_-,,\
\x5c\x0e\x93\xd3\xf5\x16\x00@\x7f(p\x00P&\xa7S\
g\x99\x12\xb9p\xe1\xc2\xff1222\x9f\x9a\x00\x00\
}\xa1\xc0\x01@i\xc4N\xf2SO=%\x09P2\
\xfb\xf6\xed\xbb\x98f\x01\x00\xfaF\x81\x03\x80Ry\xcd\
k^s!\xcdR\x12oy\xcb[>\x97f\x01\x00\
\xfaF\x81\x03\x80R\xb9\xe5\x96[\xfe<\xcd\x02\x00\xc0\
\x06\x05\x0e\x00\xa0oVVV\xd6\xc2\xc4aE\x00@\
\xdf)p\x00P6\x06\x1a-\x91\xf3\xe7\xcf\xffo\x06\
\x18\x05\x00\x06A\x81\x03\x80R\x89\x9d\xe5Z\xad\xf6\xbb\
\xa9I\xc1]w\xddu\xff[\x9a\x05\x00\xe8+\x05\x0e\
\x00J\xc78\x1c\xe5111\xf1L\x9a\x05\x00\xe8+\
\x05\x0e\x00\xa0/\xe6\xe6\xe6\xe2\x19o\x8c\xbf\x01\x00\x0c\
\x84\x02\x07\x00etzff\xe6/\xd2<\x05u\xe5\
\xca\x95O\x1a\x7f\x03\x00\x18\x94\x914\x05\x80Ry\xe5\
\x95Wn\x0b\x93\x87\xeb-\x0a\xea\xf6\x91\x91\x91G\xd2\
<\x00@_Ip\x00\x00=\xe7\xf0\x14\x00`\xd0\x14\
8\x00(\xab\xd3\x17.\x5c\xf8L\x9a\xa7`\xf6\xed\xdb\
\xf7q\x87\xa7\x00\x00\x83\xa4\xc0\x01@)\xc5\xce\xf3\xd4\
\xd4\xd4\xa3\xa9I\xc18{\x0a\x000h\x0a\x1c\x00\x94\
\xd9\xe9\xd9\xd9\xd9\xb3i\x9e\x82H\xc9\x1a\x87\xa7\x00\x00\
\x03e\x90Q\x00J\xcd`\xa3\x85dpQ\x00`\xe0\
$8\x00(;)\x8e\x02\x09\xdb\xe2T\x98Ho\x00\
\x00\x03'\xc1\x01@\xe9Iq\x14\x8a\xf4\x06\x000\x14\
\x12\x1c\x00\xe4\xe0\xf4\xcc\xcc\xcc_\xa4y\x86\xc4\xd8\x1b\
\x00\xc00Ip\x00\x90\x05)\x8eB\x90\xde\x00\x00\x86\
F\x82\x03\x80\x5c\x9cN\x09\x02\x86`uu\xf5\x97\xc3\
Dz\x03\x00\x18\x1a\x09\x0e\x00\xb2\xf1\xca+\xafL.\
,,<6>>~m\xba\x8a\x01\x98\x9b\x9b\xbbp\
\xf4\xe8\xd1\x1f\x1c\x19\x19\x99OW\x01\x00\x0c\x9c\x04\x07\
\x00\xd9\x88\x1d\xecW^y\xe5\xde\xd4d@\x8e\x1e=\
\xfa\x01\xc5\x0d\x00`\xd8\x148\x00\xc8\xca\xc4\xc4\xc4\xa3\
\x0eU\x19\x9c\xf9\xf9\xf9\x07\xc2\xc4\xa1)\x00\xc0\xd09\
D\x05\x80\xec8Te0\xe2\x99kn\xb8\xe1\x86\xff\
Lz\x03\x00(\x02\x05\x0e\x00\xb2\xe4\xac*\x03\xe1\xac\
)\x00@a8D\x05\x80\x5c\x9dNg\xf6\xa0?\xfe\
\xabpqh\x0a\x00P\x18\x0a\x1c\x00d)\x1e6q\
\xe0\xc0\x81\xdf2\x1eG\xef\xa5\xc2\xd1\xbfsh\x0a\x00\
\x00\x00\x0cH\x1c\x8fcvv\xf6\xdf\x84)=\x90\xd6\
\xe5dZ\xbd\x00\x00\x00\xc0\xa0\xc4\x0e\xf9\xcc\xcc\xcc\x99\
\xf5\x1e:\x1dS\xdc\x00\x00\x00\x80!\x8b\x1dsE\x8e\
\xce)n\x00\x00\x00@A\xc4\x0e\xba\x22G\xfb\x147\
\x00\x00\x00\xa0`bG]\x91\xa3u\x8a\x1b\x00\x00\x00\
PP\xb1\xc3\x9e:\xee\xecBq\x03\x00\x00\x00\x0a.\
v\xdc\x159v\xb6\xb2\xb2r_\x98(n\x00\x00\xa5\
1\x92\xa6\x00P9\xb1\x03\xbf\xba\xba\xfa\xbe\x03\x07\x0e\
|(]Uy+++k\x07\x0f\x1e|O\x98=\
=222_\xbf\x16\x00\x00\x00(\xb4X\xe4\x08\x97\
\xdb.^\xbc8\x1b\xa6\x95\xf6\xf5\xaf\x7f\xfdKa\x22\
\xb5\x01\x00\x00\x00e\x15;\xf6U>d\xc5!)\x00\
\x00\x00\x90\x89\xd8\xc1\x0f\x97J\xa59Rj\xe3\xb6p\
Q\xdc\x00\x00\x00\x80\x9c\xc4\xce\xfe\xd3O?}\x7f,\
\x00\xe4jyy\xf9\xb9K\x97.\xdd\x19f\x156\x00\
\x00\x00 W\xb1\xe3\x1f.\xb7\xcd\xcc\xcc\xfcq,\x08\
\xe4$\x15o\x146\x00\x00\x00\xa0*b! \x5c\xb2\
(t\xa4\xc2\x86\xc3Q\x00\x00\x00\xa0\xaabQ \x16\
\x07\xca6\x10i<\x14\xe5\xdc\xb9s\x1f\x0a\xb3\x0a\x1b\
\x00\x00\x00@],\x12\xc4bA\x1c\xbfbff\xe6\
L\x98/\xa4\xf4\xda\x145\x00\x80\xca\x18IS\x00\xa0\
M\xa9xp\xe2\x89'\x9e\xb8i\xff\xfe\xfd?{\xf4\
\xe8\xd1\xa9\xfa-\xc31;;{\xf6\xdb\xbe\xed\xdb\x1e\
\x98\x98\x98x&4O\x8f\x8c\x8c\xcc\xd7o\x01\x00\xc8\
\x9f\x02\x07\x00\xf4@\xa3\xd8\x11\xe7\xbf\xf2\x95\xaf\xbc\xe3\
;\xbf\xf3;\xff\xd3\xf1\xf1\xf1kc\xbb_\x16\x16\x16\
.?\xfd\xf4\xd3\x7f\xf4\x96\xb7\xbc\xe5s\xe9*E\x0d\
\x00\xa0\xb2\x148\x00\xa0\x0f6\x17<b\xc2\xe3\xca\x95\
+\xdf\xfd\xd2K/\xdd<55uC\xbb\x85\x8fX\
\xc8\xb8p\xe1\xc2\xcc\xbe}\xfb\x1e\x9f\x9c\x9c\xfc\xcb\x94\
\xd0\x88\x144\x00\x00\x12\x05\x0e\x00\x18\xa0\xcd\x85\x8f6\
(d\x00\x00\x00\x00\x00\x00\x00\x00\x00\x00\x00\x00\x00\x00\
\x00\x00\x00\x00\x00\x00\x00\x00\x00\x00\x00\x00\x00\x00\x00\x00\
\x00\x00\x00\x00\x00\x00\x00\x00\x00\x00\x00\x00\x00\x00\x00\x00\
\x00\x00\x00\x00\x00\x00\x00\x00\x00\x00\x00\x00\x00\x00\x00\x00\
\x00\x00\x00\x00\x00\x00\x00\x00\x00\x00\x00\x00\x00\x00\x00\x00\
\x00\x00\x00\x00\x00\x00\x00\x00\x00\x00\x00\x00\x00\x00\x00\x00\
\x00\x00\x00\x00\x00\x00\x00\x00\x00\x00\x00\x00@\x8eF\xd2\
\x14\xa0p^y\xe5\x95\xc9Z\xadv\xeb\xc4\xc4\xc4\xa3\
###\xf3\xe9\xeaJ\x8b\xeb\xe4+_\xf9\xca\xaf\xa4\
&\x15499\xf9\x97\xe1\x7f\xe2\x99\xd4l8\xed\x7f\
\x04\x00\xa8:\x05\x0e\xa0\x90bG~vv\xf6\xf3\xd3\
\xd3\xd3\xc7C\xf3\xf6\xd0y{\xa4~K\xb5\x85\xf5r\
[\x98<\x5coA\xdd\xca\xca\xca\xda\x93O>\xf9\xf8\
\xbe}\xfb\x1e\x7f\xcb[\xde\xf2\xb9t\xb5\xa2\x07\x00P\
)\x0a\x1c@!m\xee\xc8\xcf\xcf\xcf?099\xf9\
a\x9d\xb5\x8d\xc2\xcf\xa7\xa6\xa7\xa7O\xa6\xab\xa0\xa9X\
\xf4\x98\x99\x99\xf9w\x0a\x1e\x00@U(p\x00\x85s\
Uz\xa3A\x8a#\x91\xe2\xa0\x13\xe1\x7f\xeaT\xf8\x9f\
\xfaD\x98U\xe8\x00\x00\xb2tM\x9a\x02\x14\xc9\x89\xab\
\x8a\x1b1\xc5\xf1\xf6X\xf8H\xcd\xaa;\x1d;\xabi\
\x1eZ\x92R?\x0f/,,<v\xe9\xd2\xa5;c\
\xa1\xcc\xff\x14\x00\x90\x13\x09\x0e\xa0PvHo4H\
q$R\x1c\xf4B:\xfc\xeb\x8baV\xaa\x03\x00(\
=\x09\x0e\xa0h\xb6\xa57\x1a\xa48\xb6\x90\xe2\xa0k\
\x93\x93\x93\xef\x0f\x93\x87WWW\xdf\xe7\x7f\x0b\x00(\
;\x09\x0e\xa00\xf6Ho4Hq$R\x1c\xf4\xd2\
\xc2\xc2\xc2\xe5\xf1\xf1\xf1;\xc3\xac4\x07\x00PJ\x12\
\x1c@\x91\xec\x98\xdeh\x98\x9d\x9d}\x8f_\x9a7\xc4\
\x14\xc7\xd94\x0f]\x19\x1f\x1f\xbf6L\x1e\xbep\xe1\
\xc2\xbf\xf4?\x06\x00\x94\x91\x04\x07P\x08-\xa67\x1a\
\xa48\x12)\x0e\xfaA\x9a\x03\x00(#\x09\x0e\xa0(\
\xf6Lo4Hql!\xc5A\xcf5\xd2\x1c\xf3\xf3\
\xf3w\xfb_\x03\x00\xcaB\x82\x03\x18\xba\xd8\x81\x9a\x9b\
\x9b\xfb\xf3\xa3G\x8fN\xa5\xabZ!\xc5\x91Hq\xd0\
O\xb3\xb3\xb3\xa7\xa6\xa7\xa7\x7fF\x92\x03\x00(:\x09\
\x0e`\xe8j\xb5\xda\xadm\x167\xa48\xb6\x92\xe2\xa0\
o\xa6\xa7\xa7O\x86\xfd\xeb\xf3\xfe\xdf\x00\x80\xa2\x93\xe0\
\x00\x86*v\x9a\x16\x16\x16\x1eK\x91\xf8vIq$\
R\x1c\xf4\x9bq9\x00\x80\xa2\x93\xe0\x00\x86*\xa67\
:,nHqluznn\xeeB\x9a\x87\x9ek\
\x8c\xcb\x11.\xff\xcc\xff\x1d\x00PD\x0a\x1c\xc0\xd0\xc4\
N\xd2\xc8\xc8\xc8\xbd\xa9\xd9\xb6\x18\x9d\x0f\x93\x13\xf5V\
\xb5\xc5_\xd4\xf7\xed\xdb\xf7\xf1\xd4\x84~\xfa\x8dp\xf1\
\x7f\x07\x00\x14\x8e\x02\x0704\xdd\xa47\x1a\xa48\xbe\
ebb\xe2\xd1x\x18AjB\xdf\xcc\xcd\xcd}\xcc\
\xff\x1d\x00P4\x0a\x1c\xc0Pt\x9b\xdeh\x90\xe2\xf8\
\x96\x98\xe2\x08\xeb\xb5\xebu\x0a{\x89\x83\x02\x1bx\x14\
\x00(\x1a\x05\x0e`(z\x91\xdeh\x98\x99\x99\xf9E\
\x1d\xad:)\x0e\x06ezz\xfa\xf8\x85\x0b\x17\xfe\xa5\
\xff=\x00\xa0(\x148\x80\x81\xebUz\xa3\xe1\x86\x1b\
n\xf8\x810\x91\xe2\x08\xa48\x18\xa4\xa9\xa9\xa9w\xad\
\xae\xae\xbeO\x91\x03\x00(\x02\x05\x0e`\xe0z\x99\xde\
h\x98\x9d\x9d\xbdG'\xabN\x8a\x83A:p\xe0\xc0\
\x87\xc2D\x81\x11\x00\x18:\x05\x0e`\xa0z\x9d\xdeh\
\x88q\xf90\xd1\xc9\x0ab\x8acuu5\x9e\xe9\x02\
\x06baa\xe1~\x05F\x00`\xd8\x148\x80\x81\xea\
Gz\xa3A\x8a\xe3[\x8e\x1d;v.\xcdB\xdf\xc5\
\xffi\xe3q\x00\x00\xc3\xa6\xc0\x01\x0cL\xec\xfc\xbc\xf6\
\xb5\xaf\xfdHj\xf6\x9c\x14\xc7\x16\xa7\xe7\xe7\xe7\x1fH\
\xf3\xd0wq<\x8e0\xf1\xff\x07\x00\x0c\x8d\x02\x070\
\x10\xb1\xb8\x11:\xdcw\x1f<xp4]\xd5\x17R\
\x1cu\xf10\x95\xc9\xc9\xc9/\xa6&\x0c\x84\xff?\x00\
`\x98\x148\x80A9\x11:\xdc\xefO\xf3}#\xc5\
\xb1\x85\x14\x07\x03\x15\xff\xff\xe2ah\xa9\x09\x000P\
\x0a\x1c@\xdf\xa5\xf4\xc6\xdbS\xb3\xef\xfc\x8a\x5c'\xc5\
\xc10\xc4A\x84\xfd\xff\x01\x00\xc3\xa0\xc0\x01\x0c\xc2@\
\xd2\x1b\x0dR\x1c[Hq0Pq\xc0Q)\x0e\x00\
`\x18\x148\x80\xbe\x1atz\xa3A\x8a\xa3N\x8a\x83\
a\x90\xe2\x00\x00\x86A\x81\x03\xe8\xb7\x81\xa67\x1a\x8c\
\x05\xb0\xc5\xe9\xd9\xd9\xd9Si\x1e\xfa.\x9d\x0aZ\x8a\
\x0a\x00\x18(\x05\x0e\xa0o\x86\x95\xdeh\xf0+r]\
LqLOO\x7f\x225a \xa4\xa8\x00\x80AS\
\xe0\x00\xfai(\xe9\x8d\x06c\x01l!\xc5\xc1@\x19\
\x0b\x07\x00\x184\x05\x0e\xa0/\x86\x9d\xdeh\x90\xe2\xa8\
\x93\xe2`\x18\x9ex\xe2\x89\x9b\xd2,\x00@\xdf)p\
\x00\xfd2\xd4\xf4F\x83\x14\xc7\x16R\x1c\x0c\xd4\xe1\xc3\
\x87\xff\x85\x02#\x000(\x0a\x1c@\xcf\x15%\xbd\xd1\
 \xc5Q'\xc5\xc1\xa0\x1d<xp4L\x1c\xa6\x02\
\x00\x0c\x84\x02\x07\xd0\x0f\x85Ho4Hql\x11S\
\x1cg\xd3<\xf4\x9d\xc3T\x00\x80AQ\xe0\x00z*\
&%B\x07\xfa=\xa9Y\x18R\x1cu)\xc5q_\
jB\xdf\xed\xdf\xbf\xffg\xfd\xef\x01\x00\x83\xa0\xc0\x01\
\xf4\xda\x89\xd0\x81>\x99\xe6\x0bC\x8ac\x0b)\x0e\x06\
\xe6\xe8\xd1\xa3Sa\xe20\x15\x00\xa0\xef\x148\x80\x9e\
)jz\xa3A\x8a\xa3N\x8a\x03\x00\x80\x1c)p\x00\
\xbdT\xc8\xf4FCLq\xcc\xcf\xcf\xdf\xad\xc8\xb1N\
\x8a\x83\x811\x0e\x07\x000\x08\x0a\x1c@O\x14=\xbd\
\xd1\x90\x06?\xad|\x5c^\x8a\x83A\xbar\xe5\xcaw\
\xa7Y\x00\x80\xbeQ\xe0\x00z\xa5\xd0\xe9\x8d\xcd\xe2)\
l\xa58\xd6\x9d\x9e\x9b\x9b\xbb\x90\xe6\xa1o\xbe\xf3;\
\xbf\xf3?\xf5?\x07\x00\xf4\x9b\x02\x07\xd0\xb5\xb2\xa47\
\x1a\xa48\xeab\x8ac\xdf\xbe}\x1fOM\xe8\x9bx\
xX\x98\x18h\x14\x00\xe8+\x05\x0e\xa0\x17J\x93\xde\
h\x90\xe2\xa8\x9b\x98\x98xtaa\xe1rj\x02\x00\
@i)p\x00])[z\xa3A\x8a\xa3.\xa68\
\xc26\xbc75\x01\x00\xa0\xb4\x148\x80n\x95.\xbd\
\xd1 \xc5Q'\xc5\x01\x00@\x0e\x148\x80\x8e\x955\
\xbd\xd1 \xc5Q'\xc5\x01\x00@\x0e\x148\x80n\x94\
6\xbd\xd1 \xc5Q'\xc5\x01\x00@\xd9)p\x00\x1d\
I\xe9\x8d{R\xb3\xb4\xa48\xeab\x8acuu\xf5\
7R\x13\x00\x00JG\x81\x03\xe8TLo\x1cO\xf3\
\xa5&\xc5Qw\xec\xd8\xb1si\x16\x00\x00JG\x81\
\x03h[.\xe9\x8d\x06)\x8e\x0d\xa7\xe7\xe7\xe7\x1fH\
\xf3\x00\x00P*\x0a\x1c@'\xb2Io4\xc4\xc1R\
\xab\x9e\xe2\x88\x87\xa9LNN~15\x01\x00\xa0T\
\x148\x80\xb6\xe4\x96\xdehH\x83\xa5JqHq\x00\
\x00PR\x0a\x1c@\xbb\xb2Ko4HqHq\x00\
\x00P^\x0a\x1c@\xcbrMo4Hql\x90\xe2\
\x00\x00\xa0t\x148\x80vd\x9b\xdeh\x90\xe2\x90\xe2\
\x00\x00\xa0\x9c\x148\x80\x96\xe4\x9e\xdeh\x90\xe2\xd8p\
:l\xefSi\x1e\x00\x00\x0aO\x81\x03hU\xf6\xe9\
\x8d\x06)\x8ez\x8a#l\xefO\xa4&\x00\x00\x14\x9e\
\x02\x07\xb0\xa7\xaa\xa47\x1a\xa486Hq\x00\x00P\
\x1a\x0a\x1c\xc0\x9ej\xb5\xda\xadUIo4HqH\
q\x00\x00P.\x0a\x1c\xc0\xaeb'?tt\xefM\
\xcd\xca\x90\xe2\xd8 \xc5\x01\x00@)(p\x00\xbb\x8a\
\xe9\x8d\xf1\xf1\xf1kS\xb3R\xe2a9R\x1cR\x1c\
\x00\x00\x94\x83\x02\x07\xb0\xa3\xaa\xa67\x1a\xd2a9R\
\x1c\xf5\x14\xc7\xd94\x0f\x00\x00\x85\xa4\xc0\x01\xec\xa8\xca\
\xe9\x8d\x06)\x8e\x8d\x14\xc7}\xa9\x09\x00\x00\x85\xa4\xc0\
\x014U\xf5\xf4F\x83\x14\xc7\x06)\x0e\x00\x00\x0aM\
\x81\x03hJz\xe3[\xa48\xa48\x00\x00(>\x05\
\x0e`\x1b\xe9\x8d\xad\xa486Hq\x00\x00PX\x0a\
\x1c\xc06\xd2\x1b\xdbIqHq\x00\x00Pl\x0a\x1c\
\xc0\x16\xd2\x1b\xcdIql8=77w!\xcd\x03\
\x00@a(p\x00[Ho\xecL\x8a\xa3\x9e\xe2\xd8\
\xb7o\xdf\xc7S\x13\x00\x00\x0aC\x81\x03\xd8 \xbd\xb1\
;)\x8e\xba\x89\x89\x89G\x17\x16\x16.\xa7&\x00\x00\
\x14\x82\x02\x07\xb0.\x167\xe6\xe7\xe7\xef\x96\xde\xd8]\
\xe8\xd8\xdf/\xc512\x1f\xd6\x81B\x18\x00\x00\x85\xa2\
\xc0\x014\x9c\x98\x9c\x9c|\x7f\x9ag\x07\xb1\x00\x14\x0f\
\xe3I\xcd\xca\x92\xe2\x00\x00\xa0h\x148\x80Fz\xe3\
\xed\xa9\xc9\x1e\xe2a<R\x1cR\x1c\x00\x00\x14\x8b\x02\
\x07\x10Io\xb4A\x8a\xa3N\x8a\x03\x00\x80\x22Q\xe0\
\x80\x8a\x93\xde\xe8\x8c\x14G=\xc5\xb1\xba\xba\xfa\x1b\xa9\
\x09\x00\x00C\xa5\xc0\x01Hot@\x8a\xa3\xee\xd8\xb1\
c\xe7\xd2,\x00\x00\x0c\x95\x02\x07T\x98\xf4Fw\xa4\
8\xd6\x9d\x0e\xfb\xd0\x03i\x1e\x00\x00\x86F\x81\x03\xaa\
Mz\xa3\x0bR\x1c\xf5\xc3T\xc2>\xf4\xc5\xd4\x04\x00\
\x80\xa1Q\xe0\x80\x8a\x92\xde\xe8\x0d)\x8euR\x1c\x00\
\x00\x0c\x9d\x02\x07T\x97\xf4F\x0fHqHq\x00\x00\
P\x0c\x0a\x1cPA\xd2\x1b\xbd%\xc5\xb1N\x8a\x03\x00\
\x80\xa1R\xe0\x80j\x92\xde\xe8\xa1\x98\xe2\x08\x9d\xfb\xbb\
\xab\x5c\xe4\x90\xe2\x00\x00`\xd8\x148\xa0bb'|\
vv\xf6=\xa9I\x8f\xa4\x82\xd1\x89z\xab\xb2N\x87\
}\xebT\x9a\x07\x00\x80\x81R\xe0\x80\xea91==\
}2\xcd\xd3C\xf1\xb0\x9f\xaa\xa78\xc2\xbe\xf5\x89\xd4\
\x04\x00\x80\x81R\xe0\x80\x0a\x91\xde\xe8/)\x8euR\
\x1c\x00\x00\x0c\x85\x02\x07T\x8b\xf4F\x9fIqHq\
\x00\x000\x1c\x0a\x1cP\x11\xd2\x1b\x83!\xc5\xb1N\x8a\
\x03\x00\x80\x81S\xe0\x80\xea\x90\xde\x18\x10)\x0e)\x0e\
\x00\x00\x06O\x81\x03*@zc\xb0\xa48\xd6\xc5\x14\
\xc7\xd94\x0f\x00\x00}\xa7\xc0\x01\xd5 \xbd1`R\
\x1c\xeb)\x8e\xfbR\x13\x00\x00\xfaN\x81\x032'\xbd\
1\x1cR\x1c\xeb\xa48\x00\x00\x18\x18\x05\x0e\xc8\x9f\xf4\
\xc6\x90\xc4\xc2\x92\x14\x87\x14\x07\x00\x00\x83\xa1\xc0\x01\x19\
\x93\xde\x18\xaeTX\x92\xe2\x90\xe2\x00\x00`\x00\x148\
 o\xd2\x1bC&\xc5!\xc5\x01\x00\xc0`(p@\
\xa6Rz\xe3\x9e\xd4dH\xa48\xd6\x9d\x9e\x9b\x9b\xbb\
\x90\xe6\x01\x00\xa0/\x148 _1\xbdq<\xcd3\
DR\x1c#\xf3\xfb\xf6\xed\xfbxj\x02\x00@_(\
p@\x86\xa47\x8aE\x8a\xe3U\xaf\x9a\x98\x98xt\
aa\xe1rj\x02\x00@\xcf)p@\x9e\xa47\x0a\
F\x8acd>,\xff\xbd\xa9\x09\x00\x00=\xa7\xc0\x01\
\x99\x91\xde(&)\x0e)\x0e\x00\x00\xfaK\x81\x03\xf2\
#\xbdQPR\x1cR\x1c\x00\x00\xf4\x8f\x02\x07dD\
z\xa3\xd8\xa48\xa48\x00\x00\xe8\x1f\x05\x0e\xc8\x8b\xf4\
F\xc1Iq\x8c\xcc\xaf\xae\xae\xfeFj\x02\x00@\xcf\
(p@&\xa47\xcaA\x8a\xe3U\xaf:v\xec\xd8\
\xb94\x0b\x00\x00=\xa3\xc0\x01\xf9\x90\xde(\x89X\x88\
\xaar\x8a#8=??\xff@\x9a\x07\x00\x80\x9eP\
\xe0\x80\x0cHo\x94K*DU6\xc5\x11\x0fS\x99\
\x9c\x9c\xfcbj\x02\x00@O(p@\x1e\xa47J\
F\x8aC\x8a\x03\x00\x80\xdeR\xe0\x80\x92\x8b\x9d\xe4\x85\
\x85\x85\xfbS\x93\x92\x90\xe2\x90\xe2\x00\x00\xa0\xb7\x148\
\xa0\xe4j\xb5\xda\xad\xe3\xe3\xe3\xd7\xa6&%\x22\xc5!\
\xc5\x01\x00@\xef(p@\x89\xc5\xce\xf1\xc8\xc8\xc8\xbd\
\xa9I\xc9HqHq\x00\x00\xd0;\x0a\x1cPb\xd2\
\x1b\xe5'\xc5\xf1\xaa\xd3a\x1d\x9cJ\xf3\x00\x00\xd01\
\x05\x0e()\xe9\x8d<Hq\x8c\xcc\x87u\xf0\x89\xd4\
\x04\x00\x80\x8e)p@IIo\xe4C\x8aC\x8a\x03\
\x00\x80\xee)p@\x09Io\xe4%\xa68b\xc1*\
5+G\x8a\x03\x00\x80^P\xe0\x80\x12\x92\xde\xc8O\
,XIqHq\x00\x00\xd09\x05\x0e(\x19\xe9\x8d\
<\xc5\x82\x95\x14\x87\x14\x07\x00\x00\x9dS\xe0\x80\x92\x91\
\xde\xc8\x97\x14\xc7z\x8a\xe3l\x9a\x07\x00\x80\xb6(p\
@\x89Ho\xe4M\x8ac=\xc5q_j\x02\x00@\
[\x148\xa0$bqcuu\xf5}\xd2\x1by\x93\
\xe2\x90\xe2\x00\x00\xa03\x0a\x1cP\x1e'\x0e\x1c8\xf0\
\xa14O\xa6\xa48\xa48\x00\x00\xe8\x8c\x02\x07\x94@\
\xfcE\x7f~~\xfe\xed\xa9I\xe6\xa48\xa48\x00\x00\
h\x9f\x02\x07\x94\xc3\x89\xc9\xc9\xc9\xf7\xa7y2'\xc5\
!\xc5\x01\x00@\xfb\x148\xa0\xe0\xa47\xaaI\x8a\xe3\
U\xa7\xe7\xe6\xe6.\xa4y\x00\x00\xd8\x93\x02\x07\x14\x9f\
\xf4F\x05\xc5\x14G\x1cT\xb6\xaaE\x8e\x98\xe2\xd8\xb7\
o\xdf\xc7S\x13\x00\x00\xf6\xa4\xc0\x01\x05&\xbdQm\
iP\xd9\x13\xf5V\xf5LLL<\xba\xb0\xb0p9\
5\x01\x00`W\x0a\x1cPl\xd2\x1b\x15\x17\x0b\x5cU\
Nq\x84e\xbf75\x01\x00`W\x0a\x1cPP\xd2\
\x1bD\xa9\xc0%\xc5\x01\x00\x00{P\xe0\x80\xe2\x92\xde\
`\x9d\x14\x87\x14\x07\x00\x00{S\xe0\x80\x02\x92\xde`\
3)\x0e)\x0e\x00\x00\xf6\xa6\xc0\x01\xc5$\xbd\xc1\x16\
UOq\xac\xae\xae\xfeFj\x02\x00@S\x0a\x1cP\
0\xb1\x13{\xe1\xc2\x85[S\x13\xd6U=\xc5q\xec\
\xd8\xb1si\x16\x00\x00\x9aR\xe0\x80\xe29155\
\xf5\xae4\x0f\x1b\xaa\x9c\xe2\x08N\x87\xe5\x7f \xcd\x03\
\x00\xc06\x0a\x1cP \xb1\xf3:;;\xfb\x9e\xd4\x84\
-\xaa\x9c\xe2\x88\x87\xa9\x84\xe5\xffbj\x02\x00\xc06\
\x0a\x1cP,'\xa6\xa7\xa7O\xa6y\xd8F\x8aC\x8a\
\x03\x00\x80\xe6\x148\xa0 \xa47h\x85\x14\x87\x14\x07\
\x00\x00\xcd)p@qHo\xd0\x92X\x08\x93\xe2\x00\
\x00\x80\xad\x148\xa0\x00\xa47hG*\x84Iq\x00\
\x00\xc0&\x0a\x1cP\x0c\xd2\x1b\xb4\xa5\xea)\x8e\xb0\xfc\
\xa7\xd2<\x00\x00\xacS\xe0\x80!\x93\xde\xa0\x13UO\
q\x84\xe5\xffDj\x02\x00\xc0:\x05\x0e\x18>\xe9\x0d\
:\x22\xc5!\xc5\x01\x00\xc0\xb7(p\xc0\x10Io\xd0\
\x0d)\x0e)\x0e\x00\x00\xbeE\x81\x03\x86Kz\x83\xae\
HqHq\x00\x00P\xa7\xc0\x01C\x22\xbdA/H\
qHq\x00\x00P\xa7\xc0\x01\xc3#\xbdAOHq\
\xcc\x9eM\xf3\x00\x00T\x98\x02\x07\x0cAJo\xdc\x93\
\x9a\xd0\x15)\x8e\xe9\xfbR\x13\x00\x80\x0aS\xe0\x80\xe1\
\x88\xe9\x8d\xe3i\x1e\xba\x16\x0bfR\x1c\x00\x00T\x99\
\x02\x07\x0c\x98\xf4\x06\xfd\x90\x0afR\x1c\x00\x00T\x96\
\x02\x07\x0c\x9e\xf4\x06}!\xc5!\xc5\x01\x00Pe\x0a\
\x1c0@\xd2\x1b\xf4\x93\x14\x87\x14\x07\x00@\x95)p\
\xc0`Io\xd0WUOq\xcc\xcd\xcd]H\xf3\x00\
\x00T\x8c\x02\x07\x0c\x88\xf4\x06\x83P\xf5\x14\xc7\xbe}\
\xfb>\x9e\x9a\x00\x00T\x8c\x02\x07\x0c\x8e\xf4\x06\x03Q\
\xe5\x14\xc7\xc4\xc4\xc4\xa3\x0b\x0b\x0b\x97S\x13\x00\x80\x0a\
Q\xe0\x80\x01\x90\xde`\x90\xaa\x9e\xe2\x08\xffo\xf7\xa6\
&\x00\x00\x15\xa2\xc0\x01\x83!\xbd\xc1@IqHq\
\x00\x00T\x8d\x02\x07\xf4Y\xecd\xce\xcd\xcd},5\
a \xa48\xa48\x00\x00\xaaf$M\x81>\xb9t\
\xe9\xd2\x9d\x13\x13\x13\xbf\x99\x9a00\xf1\x8c\x22G\x8f\
\x1e\xfd\xc1\xd8\xe1OWUF,,.,,<6\
>>~m\xba\x8a\xe1\xbb=\xec\x8b\x8f\xa4y\xa8\xac\
\xf0\xfe4\x15&'\xeb\xad\xf0^}\xf1\xe2\x9b\xd6\xae\
\x5c\xb9>5\xb79|\xf8\xf0_\x1f:th95\
\xa3S\xe1\x7f\xa9\xf4g\x8c\xb2\x1e\x80~P\xe0\x80>\
\xd2\xc9b\xd8j\xb5\xda\xcf\x1d9r\xe4\xfe\xd4\xac\x94\
s\xe7\xce}\xe8\xd8\xb1c\xf7\xa5&\xc3W\xda\x02\xc7\
\xa7>\xf9\xc9\x1f\xfe\x81\xb7\xbd\xed\x9f\xa7\xe6\xd0\xdct\
\xd3M\x7f\x92f\x1bJ\xd3\xc1\x8b\x9d\xd9\xf0?\xf9\xd1\
\xd4l\xcb\xbe}\xfb\x9e\xbd\xf1\xc6\x1b?\x5c\xd6\xce\xec\
\xe6\x8e|X\x07?\x1a\xbe\x13\xfc\x93\x83\x07\x0f\x1e\x88\
\xedN\xac\xac\xac\xac\x86\xef\x16\x7f\xbci\x7f(\xc5~\
\xd0X\x0f\xb1\x90\xf1\xec\xb3\xcf\xfd\xe0\xf5S\xd7\xbfe\
tt\xf4u\xf5[\xdbW\xd6\xf5\x00\xf4\x97\x02\x07\xf4\
\x91\xf4\x06\xc3\x16\xc7\xa2\x08_\xa6o\x09_\xfa\xaa\x98\
\xe2\xb8-L\x1e\xae\xb7(\x80\xd2\x168\xce\x9e9\xfb\
\xc4\xcd\xc7o\xfe\x9e\xd4,\x8c\xa5\xa5\xa5K\xa1\x93\xf7\
\x87\xa1\xf3\xff\xe5tUa;xO>\xf9\xe4\x83\xe1\
u\xbe75\xdb\xb6\xbc\xbc|\xd7\xd8\xd8XG\x05\x92\
ait\xe8\x17j\xb5;\xc7'&n\xa9_\xdb{\
\x8b\x8b\x8b_\xdf\xb7o\xdf\x83)\xddP\xa8}\xa0\xb1\
\x0e\xce\x9f?\xff\xd6\xf0}\xe8\xa7\xba)h\xec%\xae\
\x87\xc3\x87\x0f\x7f$\xcc*t@\x85)p@\x9f\x84\
\x0fu\xe9\x0d\x0a\xa1\xaa)\x8e\xf8?8??\x7f\xf7\
\xe4\xe4\xe4\xfb\xd3U\x0c\x97\x02G\x9f\x85\x8e\xf4c\xa1\
#\x1d\xff\xd7\x0b\xd7\xc9][[{\xbc\x9b\xcem\xea\
\xbc\xfeH\x19:\xaeqy\x97\x97\x97\xdf\x15\xa6\xbf0\
66v$]=\x10\xcbKK\xbf{hl\xec\x8b\
av\xa8\xfb\xc00\xd7ALv\x5cY[{\xe8\xe8\
u\xd7\xdd\xaf\xd0\x01\xd5c\x90Q\xe8\x93\xd0\xa9\xbcU\
q\x83\x22\x08_\xf0\xee\x0d_2+wF\x95\xb0\xdc\
\xf3\x93\x93\x93\xf1\x8b>TBJ\x09<\xb8\xb4\xb4\xf4\
\xa5p\xf9`\xecd\xd6o\x19\xba\x93\xdd\xfer\x7f\xf8\
\xf0\xe1\xef\x0a\x93\x8d\xf1\x1a\x8a(\xae\xefpy\xef\xe2\
\xe2\xe2\x17\x0e\x1d:\xf4\x91Aw\xec\xa3Ccc?\
\x19&\x0f./-}x\x18\xdb?>g\xdc\xf7V\
VV\xfefX\xeb \x1e\xfes\xf4\xba\xeb\xfeE|\
\x0d\x05\xfb?\x00\x06@\x81\x03\xfa |\x98N\xc6N\
ej\xc2P\xc5B[,\xb8\xa5f\xd5\x9c\x9e\x9f\x9f\
\x7f \xcdC%\xc4Ne\xec\x5c\xc6BG\xecp\x0f\
\xb3\x83\x17\x9f;\x1e\xa2\x91\x9a]\x89c7\xa4\xd9\xc2\
\x89\xcb\xb9\xb8\xb8\x18\xd33\x0f\xa6b\xccP\xc5B\xc7\
 \xb7\x7f|\x8e\xf8\x5ca[\x7f6\xee{\xdd\x8c1\
\xd2+\xf15\xc4\xd7\x12_\xd3\xa0\xd6\x030|\x0a\x1c\
\xd0\x07\xd2\x1b\x14\x8d\x14\x07TO\xfa\xf5\xfc\xc1\xd8\xf1\
\x1eb\xe7\xeed\xaf\xc6\x9f\xd8?:Z\xb8Nj|\
=\xe1\xf2\xdeXL8|\xf8\xf0;\xd2\xd5\x85\xd0\xd8\
\xfeW\xd6\xd6~\xa9\x9f\xeb->v|\x8e0\xfb`\
?\xc7\x1a\xe9T#\xd9\xd4\xef\xf5\x00\x14\x83\x02\x07\xf4\
X\xf8\xf0\x94\xde\xa0p\xa48\xa48\xa8\xae\xd8\xf1\x1e\
V\x9acyy\xf9P\x9a\xedZJ\x05\x14\xe60\x95\
\xb4.\x7f:\x5c\x1e\x1c\xc6\xa1\x18\xad\xda?:\xfa\xf3\
\xfd*r\xc5\xc7\x8c\x85\x83\xf8\x1c\xe9\xaa\xc2\x8a\xafQ\
\x91\x03\xf2\xa7\xc0\x01=&\xbdAQIq@u5\
~\xcd\x0f\x97\x9f\x1eT\x07/>\xcfK/\xbdtG\
j\xf6D\xf8\x8c}w\x11:\xa8\xf15\xa4\xd4B)\
~\xd0\x88E\xae^\x179\x1a\xeb\xa0\x0c\xc5\x8d\x06E\
\x0e\xc8\x9f\x02\x07\xf4P\xf8\xc0\x94\xde\xa0\xb0\xaa\x9e\xe2\
\x98\x9d\x9d=\x95\xe6\xa1\xca\xe2g\xd4\xa0\x8a\x1c'{\
=\x1e\xc5\xc4\xc4\xc4\x0f\x85\xc9PS\x1ci\xdd\xfdt\
\x99:\xf6Q/\x8b\x1c\xf11\xcaV\xdchP\xe4\x80\
\xbc)p@\x0fIoPtUNqLOO\x7f\
\x225\xa1\xeab\x91\xa3\xefE\x82~\x0d\x0a\xda\xcb\xc3\
^:\x14\xd7])\x7f\xcc\x88E\x8e\x1e\x9da\xe5d\
\x19\x8b\x1b\x0d\xe9\xb5\x17\xfa\xac<@g\x148\xa0G\
b\xa7\xf1\xb5\xaf}\xedGR\x13\x0a)\x16\xe0\xe6\xe7\
\xe7\xef\xaeb\x91#\x90\xe2\x80dee\xe5c\xfd\xfc\
\x05;>\xf6\x81\x83\x07\x7f.5{*\x1e\xf6\xd2\xcf\
\xd7\xbe\x9b\xf8\xbcq\xdd\xa5f)\xa5S\xc9v\xdc\xb9\
\x8f\xeb`ii\xe9\xbe\xd4,\xad\xb8\x0c\xc3\xda\x8f\x80\
\xfeQ\xe0\x80\x1e\x08\x1f\x90\x93\xb1\xd3x\xf0\xe0\xc1\xd1\
t\x15\x14\xd6\xe4\xe4\xe4\xfb\xc3\xe4D\xbdU\x1dR\x1c\
\xf0-q\xc0\xceZ\xad\xf6;}\xec\xe0\x9d\x1c\x1d\x1d\
}]\x9a\xef\xa9t\xd8\xcb\xc0\x7f}\x8f\xeb*\xae\xb3\
\x22\x9c\x02\xb5[kkk\xbf\xd6\xc9\xb6\x8f\x7f\x13\x13\
 E\x1eT\xb5Uq\x19z\x94f\x01\x0aD\x81\x03\
z\xe3D\xea4B)\xcc\xcf\xcf\xbf=|\xa9\x93\xe2\
\x80\x0a\xeb\xd7x\x16\xa9\x10\xf0\xee\xd4\xec\x8b~\x1d\xfe\
\xb2\x9b\xe5\xe5\xe5w\xa5uVz\xb1\xf8\xd4a\x81\xeb\
dJ\x80\xf4\xdc\xca\xca\xca\xea\xd93g\xff\xc3\xb9s\
\xe7\x1e\xde|9{\xf6\xec\xff\x1aoKw\xeb\xa9n\
\xd3,@\xf1\x8c\xa4)\xd0\xa1\xd8I\x8c\xe9\x0d\x05\x0e\
J\xe8\xf6\x91\x91\x91G\xd2|e\x84\xff\xd9\xdb\xc2\xe4\
\xe1z\x8b\x01*\xed\xfe\x16:]O\xdc|\xfc\xe6\xef\
I\xcd\x8e\xc4\x0eZ\xedRm15[6qd\xe2\
p?\x13\x03\xf1u\x85\xc7\xff\xde\xb0m.\xa4\xab\xba\
\x16\xfe\xc7\xde\x1b&\xf1\x8c-}\xd3\x8f\xd7\xbd\x9bX\
\x08X[[{\xbc\xd7\xa9\x94\xc5\xc5\xc5\xaf\xbf\xf8\xc2\
\x0b\xff\xf6\xe8u\xd7=\x99\xae\xda&\x8e9\xf2\xf7/\
\xbe\xf8\x9f\x8fOL\xdc\x92\xae\xea\xa5;\xc2:|(\
\xcd\xefiii\xe9\x83\x87\x0e\x1d\xea\xd9\xe1\xb8q\xf9\
\xf7\xed\xdb\xf7`x\xcc\xe5\xd0<\xb5\xd3\xf6L\x85\x98\
\x93q]\xc4C\x94z9x\xed\xf2\xd2\xd2\xef\x1e\x1a\
\x1b\xbb{P\xfb\x12\x00\x14Z\xec,\x85\x0b\x94\xce\xd3\
O?\x1dG\xd3\xaf\x5c\x8a#.\xf3\xcc\xcc\xcc\x99\xf5\
\x95\xc0 \xc5\xc2R)\xc5\x02GZ\x86\x8e\x5c\xbat\
\xe9O\xc3\xa4\xa3\x18|\xfc\xbbpyo\xbc\x5c|\xea\
\xa9\x8f]\xbe|y>\xcc\xf7T\xec\xb4\xa6\xa7\xeb\x89\
\xf8x\xe9\xa1\xfb-\x16R\xfa.<\xcf\xd4\xd2\xe5\xcb\
\x9f\xae?eo\xa4\xc7\x8b\xdb\xb5\xa5\xfd\x22\xde/\xdd\
\xff\xbd\xbd\xdc\x07\xda\xd97\xe3\xfdz\xf9\xdck\xcf=\
\xd7\xf1a2q\x1f{\xee\xb9\xe7\x9e_\x7f\xa0\xde\x18\
\xc8\xbe\x04\x00\x85\x16>\x10'S'\x11\xca\xaa\xb4\x9d\
\xcen\xc4\xe5\xae/>\x03T\xd9\x02\xc7\xe3\x8f?\xfe\
\x99\xf4P]\x0b\x0f\xb7\xde\xd1]^^^Y\x7f\xf0\
\x1eH\x9d\xd6\x8e\x0a0W\x8b\x8f\xb3\xb0\xb0\xf0\xb5\xf5\
\x07\xee\xb3n\x0aG\xed\x08\xcf\x11\x0b\x0b=\x91\xd6M\
\xcb\x85\x8df\xe2\xdf\xa6\xe2@\xaf\xb4\xd4\xb9\x8f\xf7\xab\
\xdf\xbd;\xbdX\x07Q\xfc\xfb\x1e\xeek\x0a\x1c\x90\x09\
cp@w\x8c\xbdA\xa9U|,\x8e\xb3i\x1eJ\
#\xc6\xe8\xe3!\x05\xf1\xf0\x8c\x85Z\xed\xb1tuW\
\xd2\x80\x91\xbd\x1a\x87\xe0d/\x0f\x1f\xd8M\xbf\xc6\x10\
\xd9,\xbc?\xc6A5\xdf\x9e\x9a]Y\x5c\x5c\xfc\x5c\
X7?\x12\xb7_7\x87C\xc4\xbf\xdd?:\xfa\xab\
W\xd6\xd6~=]\xd5\x95\xf0\xba\xde\x19\x9735\xfb\
.\xac\x83\x8ft\xbb\x0e\xa2\xf8\xf7q}\xae\xad\xad}\
#]\xd5\xb1\xb3g\xcf\xde\x9af\x81\x92S\xe0\x80\x0e\
\xc5Na\xec\x1c\xa6&\x94R\xc5\xcf\xa8R\xfa\xd3\x1c\
R]\xb1s7>1\xf1\xce^\x159\xce\x9f?\xff\
\xd64\xdb\x95A\x0f\xfe\x19\xc7dH\xb3\xfd\xd2\x93A\
5\xe3X\x13\xa13~g\xb7\x9d\xfa\x86\xf88\xbd*\
r\x84\xd7\xf5\x8e0\xd9\xb3P\xd4\x8b}$\xbd\xde\x9e\
\x0d\xf4\x1c\xd7\xc3\x8b/\xbe\xd8\xf5{\xf9\x91#G\xde\
6\xc8\x22\x0f\xd0?\x0a\x1c\xd09\xe9\x0d\xb2 \xc5\x01\
\xe5\xd4(r\xf4\xe2\x0c\x13ccc?\xd1m\x07/\
\xfe}\xe8t\x0f4\xea\x1f\x07\x9c\xecg\xc7\xb4\x17\x05\
\x94\x980H\xc9\x8d\x9e\x0eb\xd9(r\xc4\xe2I\xba\
\xaa\xaf\xc2\xba~C\x9a\xedXx\xbd_\xed\xf5z8\
t\xe8\xd0g\xba]\x07i _gS\x81\x0c(p\
@\x07bgPz\x83\x5cHq@y\xc5\xceb\xf8\
L\xea\xfa\xac\x16=\xea\xe0\x9dL\x8f30\x87\xeb\x87\
\xc3\xf4\xa5c\x1a\x0b'\xe1\xf2\x0b\xa9\xd9\xb1\x980\xe8\
u\xa7\xbe!>nX\x07]o\xffs\xe7\xce\xfdh\
\x9a\xdd\xd1+/\xbf\xf2}i\xb6#KKK\x97\xc2\
\xa4\xe7\xa7\xe9\x8e\xeb \x9e\x89%5\x81\x8aS\xe0\x80\
\xceHo\x90\x95\x0b\x17.\xdc\x1a\x0bw\xa9Y%\xa7\
\xe7\xe6\xe6\xfa\xd2\xf1\x80A\x89\xbf`\xf7\x22\xc5\xd1\x8d\
X\x0c\xa8\xd5j\xefN\xcd\x81\xea\xe3a1'\xd3\xf8\
$\x1d\x8b\xdb%n\x9f\xd4\xec\x97S\xa9x\xd0\xb1\xf1\
\xf1\xf1\x7f\x12\xb7aj\xf6\xc53\xcf<\xf3\xa7\xfd*\
\xf4\xa4\xd3\xcc\x02(p@\xbbb'Pz\x83\xdcL\
MM\xbd+L*\x99\xe2\xd8\xb7o\xdf\xc7S\x13J\
)v\x1a\xaf\xac\xad=\x94\x9a\x1d\xeb\xb2Pp2\x0d\
\xfa\xd9\x91\xcb\x97/\xff\xff\xd2l\xdb\xe2a1\xfd\xe8\
\x9c\xf7\xa2p\x12^W\x1cP\xb3\xafE\xd4\xf8\xf8\xdf\
x\xfe\xf9O\xa7fG\x06q\x88\xc6\xcb/\xbf\xdc\xf5\
!.\xfd4\x80\xf1\x5c\x80\x01P\xe0\x80\xf6Io\x90\
\xa5\xd9\xd9\xd9\xf7\xc4\x02^jVF\xe8\x94=\xba\xb0\
\xb0p95\xa1\x94\x8e^w\xdd\x93i\xb6ckW\
\xae\x5c\x9ff\x07\xee\xdak\xaf\xfd\xdf\xd2l\xdb\xfa\xd1\
9\x8f\x05\x93\xd7\xbd\xfe\xf5?\x95\x9a\x1d\x1bT\xb2\xa0\
\x17\xdb\x7f/a\x9d<\x9ff;r\xfd\xf5\xd7\xffp\
?\x0aQ\xc9\xa9nSL\x8b\x8b\x8b]\x1d\x82\x03\x14\
\x83\x02\x07\xb4!v\xfeb'05!+\xd3\xd3\xd3\
\xb1\x83P\xc9\x14G\xf8\xdf\xbe75\x816\xc5Nk\
\xe8\x1c\xde\x95\x9amK\x03D\xfeA7\xa7\xfb\x8c\x87\
\xc7\xf4\xb8\xf3\xdc\xf5\xe1)\xe9\x0c7=\x1fs\xa2_\
\xf6J\xac\x5c\xf3\xeak\x9eH\xb3\x1d\x19\x1d\x1d}]\
\x98\xf4%%\x12S,\x9f\xfd\xfd\xdf\xbf\xf5\xdc\xb9s\
\x0fwz\x99\xbb8\xf7+\xe9\xe1\x00\xa0\x1a\xc2\x97\xa7\
\xdb\xc2\x05\xb2533\xf3\xc7aR\xb9\x14G\x5c\xe6\
\xd0Azf}%\xd0/\xb7\xa5\xd5]:g\xcf\x9c\
}\x22-CG\x1e\x7f\xfc\xf1~\x8f\xc1\xb0^dX\
^^^\xa9?cg\xe2r\xa6\x87kK\xf8\xd3x\
\x88H\xc7\x96\x96\x96>\x18\x1f\xe7\xc9'\x9f|0]\
\xd5\xa9\x9e\x9d\xc1%>V\xfd!;\xd7X\xaeA\x08\
O\xd7\xf5\xf6\xdfk?\xbd\xf8\xd4S\x1fKw\xedX\
z\x8d}\x1d\xeb\x03\xa86\x09\x0ehQ\xf8@\x96\xde\
 {R\x1cPN\xf1\x17\xec\xda\xa5\xdabj\x0eT\
\xb7cU4\x0e\xe3\xb8\xf1\xc6\x1b\xbf\xbc~E\x87z\
9\x86B/\xc6\xdf\x18\xe4\xc0\x97q\xfb_\xbat\xe9\
K\xa9\xd9\x91\xbd\xce\x92\xd2\x8b\xc3`\xe2\xe1D\x8b\x8b\
\x8b_P\xe4\x00\xfaE\x81\x03Zw\x22u\xfe k\
\xc6\xe2\x00Z\x15;\xaa\xdd\x8cU\x91\x0eOi\x1c\xc6\
q\xaa\x9b\xc3T^z\xe9\xa5;z\xd5q~\xf6\xb9\
\xe7\xfe\xa34\xdb\x91\xb4\x1c\x03=<\xe5/\xff\xf7\xff\
\xfdc\x8f\x9f}\xfco;\xbd<\xf2\xc8\xc3\xff}z\
\xa8\xbe\x8a\xa7\xf6]ZZ\xfaR\xd8V}\x19\x1c\x16\
\x00\xd8C\xec\xec\xa5\xe8>TEi\x0f'\xe8\xc6\xb9\
s\xe7>\x94\x96\x9f\xdes\x88J\x1f\x85\xa7\xe9\xfa\x10\
\x853_=s:=\x5c\xcb\xc2\x9f\xf5\xe4\xf0\x94\x86\
\x22\x1c\xa6\x12\x1e\xa3\x17\xeb\xf2\xaf\xd3\xc3e#,\xd6\
T\xed\xd2\xa5\xbf\xa9/ao,,,\xfca\x98(\
t\x00=#\xc1\x01\xad\x91\xde\xa0R\xaa\x9a\xe28v\
\xec\xd8\xb94\x0bes2\x9dM\xa4c\xd7\xbc\xfa\x9a\
\xb94\xdb\x92\xd8)]\x5c\x5c|gjv\xe4\xea\xc3\
8\xba=L\xa5\x17\x87\x96\x04\xbdX\x97]\x0d\xc8Y\
D\xf10\x98\xf1\x89\x89\xfbS\xb3'\x0e\x1f>\xfc\x8e\
0ypyi\xe9\xc3\x0a\x1d@/(p\xc0\x1eb\
'\xcf\xd8\x1bTMU\xc7\xe2\x08N\xcf\xcf\xcf?\x90\
\xe6\x81\xdd\x9dL\x1d\xd4\x8e\x5cuxJCW\x87\xa9\
\xec\x1f\x1d-D'y\xdf\xbe}\xcf\xa6\xd9\xdct}\
:\xd6f\x0e\x8d\x8d\xfdd\x98<\xb8P\xab}V\xa1\
\x03\xe8\x86\x02\x07\xecMz\x83J\xaab\x8a#\x0e6\
:99\xf9\xc5\xd4\x84R\x88\x9d\xc1\xd01\xbc35\
;v\xd3M7\xfdI\x9a\x1d\x88}\xfb\xf6=\x18S\
\x01\xa9\xb9n}\xb0\xd4Z\xed\xd3\xa9\xd9\xb6\x94\xbc\x18\
\xfagv\xb7I\x94\xa2\x8a\xdb'\xac\xe3\x0f\xa4f\xcf\
\x8dOL\xdc\x12&\x0f\xae\xad\xad=\x9e\x0eWR\xec\
\x00\xda\xa2\xc0\x01\xbb\x88\x9d;\xe9\x0d\xaaJ\x8a\x03J\
\xe3d\xea\x18\x0eL/\x8a*;\x9de\xa4\xdb\xe2@\
\xadV{\xb7Nq_\x9d\x0a\xeb\xf8\xcf\xd2|_\x8c\
\x8e\x8e\xbe.\xec\x07q<\x95\xab\x8b\x1d\x0a\x1e\xc0\xae\
\x148`w\xd2\x1bT\xda\xec\xec\xec=\xe1\xcb\xa4\x14\
\x07\x14T\xec\xec\xf5\x22\xbd\xd1\x81\xae\x8a*;\x1c\x9e\
\xd2\xd0\xd5a*\x13\x13\x13?\x14&>\xbb\xfb$\xa6\
8\xc2:~w?\x0eUifs\xb1#^j\xb5\
\xda\xef(t\x00;Q\xe0\x80\x1d\xc4N\x9d\xf4\x06U\
7==}<L\xa48\xa0\x80b\x07oqq\xf1\
\xfe^\xa47\xf6(8l\xb3\xbc\xbc|(\xcdv\xa4\
\xd9\xe1)\x0d\xdd\x1e\xa6B\xff\xf5\xfbP\x95\xdd\xa4\x02\
\xd6z\xb2\xe3\xe2SO}L\xb1\x03\xd8L\x81\x03v\
&\xbd\x01\x81\x14\x07\x14K\xec\xcc\xc5N]\x1c\x90\xb1\
\x9bA>7\xdb\xad\xe0p\xb5\xf4\xfc\xbf\x90\x9a\x1d\xd9\
\xe9\xf0\x94\x86n\x0fSY\x5c\x5c\xbc+\xbe\xce\xd4l\
K\x8f\xce\xc4R\x05\xb1 vo}v\xf0b\xb2\xe3\
\xe8u\xd7\xfd\x8b0kpR`\x83\x02\x074\x11>\
 cz\xe3\x9e\xd4\x84J\xabr\x8a#\xbc\x0f\xb4\xfc\
\x8b6\xf4[\xec\xbc\xc5N\x5cLm\x84\xe6\x83\xbd\x1c\
wc\xaf\x82\xc3UN\x8e\x8d\x8d\x1dI\xf3mk1\
-\xd2\xd5a*\x87\x0f\x1f\xfe\xae0\xe9\xe8G\x8a\xb5\
+W\xaeO\xb3\xec\x22\x15\xc4~;\x5c\x86V\xe4h\
h\x0cN\x1a\xf6\xad/(t@\xb5)p@s1\
\xbd\x11;u@P\xd5\x14Gx\x1f\xf8DjB\xc7\
\x0e\x1c80\x99:]\x1d]\x1e\x7f\xfc\xf1\xcf\x9c9\
s\xe6\x8fb$?<\xdc\x83\xbdJm4\x84N\xe1\
\xe7\xc2\xa4\xe5b\xde\xf9\xf3\xe7\xdf\x9af;\xd2JZ\
$\xde\xde\xeda*\x92\x18\xfd\xb7\xa9\xc8q\xc7\xd2\xd2\
\xd2\xa5\xf5+\x87(\x15\xb6$:\x00\xa0!|\x18N\
\xce\xcc\xcc\x9c\x09S`\xab\xdb\xd2\xbfIe\x84e\x8e\
\xef\x07\x7f\x5c_|\xbaT\xda\xfd\xe7\xec\x99\xb3O\xa4\
e\xc8U\x1c\xc0\xb1%\xe1\xbeS\xcf=\xf7\xdc\xf3\xf5\
?\xebXK\xcf\x17\xefW\xbf{g._\xbe<\x1f\
&mwpcA\xa9\xfe\x08]iy\x9d\xe6\x22,\
\xf3\xd4\xa5K\x97\xfe\xb4\xbe\xf8\xc5\xb0\xb0\xb0\xf0\x87a\
\xa2\xc8\x01\x15\x22\xc1\x01\xdbIo@\x13R\x1c\x90\x9f\
\xe5\xa5\xa5\xdf\x0d\x93v\x0e\xc5:\x19\xc7>H\xf3m\
K\xbf\xf2\xb7\xfa|]\x1d\xa6\x92\x0e\xa31\x96\xd6\x80\
\xc44G<\xbb\xca\xf2\xf2\xf2]\xddl\xb7^\x8ai\
\xa7\x95\x95\x95\xbf\x09\x9f]\xd2\x1cP\x11\x0a\x1c\xb0I\
\xec\xbc\x19{\x03\x9a3\x16\x07\xe4%\x16\x1b\x0e\x8d\x8d\
\xdd\xbd\xd7\xe1\x22\x0d\xb1\x83\xd8\xed)i\xbf\xf1\xfc\xf3\
\x9fn\xf5\xf9\xe2\xfd\xba=Leqq\xf1\x9d:\xb6\
\x83\x13\xb7\xd9\xd8\xd8\xd8GGGGoN\xc5\xb3\xa1\
;x\xf0\xe0\x810y\xf0\xca\xda\xda/\xd9\x17 \x7f\
\x0a\x1c\xb0\x95\xf4\x06\xecB\x8a\x03\xf2\x11:\xa2\xf7\xb4\
ZlHNv;\xb0\xe9\xd1\xeb\xae{2\xcd\xb6\xa4\
\xdb\xb3\xa9\xa4\xf1J\xa48\x06,\xeeW\xb1x\x16f\
\xef\xa8\xd5j\x7fV\xbfv\xb8\xf6\x8f\x8e\xfe|\x1c\xa0\
W\x91\x03\xf2\xa6\xc0\x01I\xec\xb4Io\xc0\xee*\x9e\
\xe28\x9b\xe6!\x07\xf1\xcc\x17m%\x93\x96\x97\x97\x0f\
\xa5\xd9\x8e\xb4yxJ\xc3\xa9\x95\x95\x95\xd54O\x89\
\xc4\x22G\xb8<\x14\x0f[\x09\xcd;\x8a\x90\xe8\x88\x05\
/E\x0e\xc8\x9b\x02\x07|\x8b\xf4\x06\xb4`aa!\
~9\xacb\x8a\xe3\xbe\xd4\x84R\xbb\xb2\xb6\xf6\xeba\
\xf2\xdb\xed\xa47b\x87\xf0\xa5\x97^\xba#5;\xd2\
\xce\xe1)\x0d\xf1\xfe\xe1\xf5>\x94\x9a\x1d\x09\x1d\xda\xbb\
\xda\xe9\xd0\x86N\xf0_\xa7Yz n\xc3py\xa8\
\x91\xe8\x88ct\x84m\x12O\x15<\x14\x8a\x1c\x907\
\x05\x0e\x08bgMz\x03Z3>>~m\xadV\
\xbb55\xabD\x8a\x83\x1c\xdc\xbb\x7ft\xf4W\xdb-\
4\x04'C\xc70\x9e\x82\xb3c\xed\x1e\x9e\xd2\xd0\xe9\
\xdf5\xa4\xd7\xdd\xf2a*\x87\x0e\x1dZN\xb3\xf4P\
\xa3\xd0\x11\xc7\xe8\x08\xdb\xe4G\xc2Uw\x9c?\x7f\xfe\
\xa1a\x0cH\x1a\x8b\x1c\xc6\xe4\x80<)p@\x9d\xf4\
\x06\xb4!|I\xbd7\x16\x06S\xb3\x12\xc22Kq\
PZ\xe9\x17\xf3\x98\xc0h+\xb9\xd10w\xf1\xe2\x9b\
\xd2lG:<<\xa5\xe1T\xfa\xfb\x8eu\xfb\xfa\xe9\
\xadF\xb1\xe3Moz\xd3\x1dq@\xd2p\xd5\xc0\xc7\
\xea\x88cr\x84\x89\xf1Y 3\x0a\x1cT\x9e\xf4\x06\
\xb4O\x8a\x03\xca#\x8e}\x10\x7f1\x8f\x1d\xcaN\x8a\
\x1b\xf1W\xee\x03\x07\x0f\xfe\x5cjv\xa4\x93\xc3S\x1a\
\xe2\xdf\xc5\xbfO\xcd\x8e\xbc\xee\xf5\xaf\xff)\xbf\xd6\x17\
S\xdc\xbeq\xdfl\x8c\xd5\x11/\x0b\xb5\xdac\xeb7\
\xf6Y\xbb\x87/\x01\xc5\xa7\xc0A\xe5\xc5N\x9a\xf4\x06\
\xb4/|!\x95\xe2\x80\x02K\xbf\x88\xdf\xd1\xce\xa9`\
wprtt\xf4ui\xbe#\xdd\x1ef\xd2\xed\xdf\
\x8f\x8d\x8d\x1d\x09\x13\xbf\xd6\x17X\xa3\xd0\x11/\xe3\x13\
\x13\xef\x0cW\xad\x17;\xfa9^G\xbb\x87/\x01\xc5\
7\x92\xa6PI\xb1s\xb6\xb0\xb0\xf0X\xfc5:]\
\x05\xb4!t\xa0~\xee\xc8\x91#\xf7\xa7f%\xc4\xf7\
\x8d\xb9\xb9\xb9??z\xf4\xa8_\xfd\xdas{\xe8\xb8\
<\x92\xe6K\xe5\xec\x99\xb3O\xdc|\xfc\xe6\xefI\xcd\
B\x8b\xe3\x19\xac\xae\xac\xfcf*\x08\x9c\xea\xb2\xb0\xb1\
\x9e\xdeX\xa8\xd5>\xdb\xcd\xe9a\x9f{\xee\xb9\x95o\
\xff\xf6o\xff\xef\xc3\xec\xdf\xd5\xaf\xe9\xc8w\x84\xc7\xf9\
o\xc3\xe3\x1cL\xed\xb6\x85\x8e\xf2\xe7B\x87\xf6\xce\xbd\
\xd6IX\xe6\xf7\x86\xc9\x83\xf5Vg\xe6.^\xfc\xf8\
u\xd7_\xff\x81\xd4\xa4\x0bq\x1f\x0c\x93\x93\xcbKK\
o?46\xf6\x93\xf5k{'\x16PR\xc2\xa9\xab\
\xff\x15\xa0\x18\x148\xa8\xb4K\x97.\xdd911\xf1\
\x9b\xa9\x09\xb4iaa\xe1\xf2\xf8\xf8\xf8-\xe1\x8b\xe1\
|\xba\xaa\x12\xbcwtD\x81\xa3O\xe2iT\x97\x96\
\x96~\xef\xc6\x1bo\xfcrhv]\xd4\xd8\xac\x17\x9d\
\xfd\x82\xb9#\xac\x9f]\xcf\xca\xd2\x8be>w\xee\xdc\
\xc37\xdf|\xf3\xbbR\x93\x1e\xe8s\xa1c\xcf\xfd\x02\
(\x07\x87\xa8PY\xe1\x83r2|\x98\xdd\x9b\x9a@\
\x07\xaa:\x16\xc7\xc4\xc4\xc4\xa3\xb1\xb8\x93\x9a\xd0w\xb1\
\x88\xf1\xf8\xd9\xc7\xff\xf6\xec\x99\xb3\x7f\x13;\xcf1!\
\x10\xae^\x8f\xf0\x1f<x\xf0{\xe3`\x8d\xb1\x83\xd6\
\xcb\xe2F\xb4\xbc\xbc|(\xcdV\xc9\xa9\xb8\xbe\xd3|\
G^\xfe\xe6\xcbG\xd3,=\x12\xf7\xed\xb8\x8f7N\
7\x9b\x0e\xc1\xea\x89\xf3\xe7\xcf\xbf5\xcd\x02%'\xc1\
Ae\xf9\x05\x16zC\x8a\x83\x16U6\xc1\x11;b\
a_\xf9\x9d\xd4\xecTO\x93\x19\xad\x88\xbf\x98/.\
.~!\x8dS\x90\x85V\x0fG8\xf3\xd53\xa7\x8f\
\xbf\xf9\xf8?L\xcd\xb6\xc5C\x85\xe2\xd9A\x06\xb9\xcd\
\x1a\x09\x87z\xab#\x03\xdf\xc7\xba\x11\x977\x9e\xea5\
\x9d\x0d\xa5+\xf1,=ccco+\xd3\xf2\x03\xcd\
)pPI1\xbda\xec\x0d\xe8\x9d\xaa\x8e\xc5\xe1}\
\xa4-\x95-p\x94\xf5p\x85\xb0\x8f\xe7vxJ\xc3\
\x9e\x87#<\xf9\xe4\x93\x0f\xdex\xe3\x8dq\xf9\xbb1\
\xd0\xc3\x1e\xce|\xf5\xcc_\x1f\x7f\xf3\xf1\xefM\xcd\xb6\
\x85\xfd\xfc?\xbc\xf9?z\xf3\x89\xd4\xdcP\xe4\xc2I\
|m\xcbKK\x1f\xee\xd1!+\x0eS\x81\x0c8D\
\x85J\x8a\x91z\x9d\x12\xe8\x9d\xd7\xbe\xf6\xb5\x1f\x89\x1d\
\xfe\xd4\xac\x84\xf0Ex>,\xb3\xc3\xdc\xc8\xd6\xdc\xc5\
\x8boJ\xb3Yie\xb9\xd2x&\xa5\x11;\xfaG\
&\x8fL\xa7fG\xaey\xf55sivC|\xdc\
\xb5\xb5\xb5\xc7\xc3l,tuz\xe9\xdbYJb\xe1\
$\x1e\xb2\xd2\xed!E@>\x148\xa8\x9c\xd8\x09\x0b\
\x1f\x88:%\xd0C\x07\x0f\x1e\x1c\x9d\x9f\x9f\xbf\xbbj\
E\x0ecq\x90\xab\xd8\xb1\xdd?:\xdam\x82\xa1\x90\
^\xf7\xfa\xd7\xffT\x5c\xbe\xd4\xec\x9bs\xe7\xce\xfdh\
\x9a\x1d\x84\x93\xe1}\xf8@\x9a\xef\xc8\xbe}\xfb\x9eM\
\xb3\x9bu}\x8a\xe0~\x8bE\x8e+kk\x92\x17\xc0\
:\x05\x0e*Gz\x03\xfacrr\xf2\xfda\xb2-\
\xde\x9c\xb3\x98\xe2X]]\xfd\x8d\xd4\x84\x9ct\xdda\
.\xaa\xb1\xb1\xb1#a\xb2W\xaa\xa0\xeb\x81F\x8f\x1e\
=\xfa\xff\x18D!\xa5W\xfa\x95Z\x19\xc4\x00\x9e\xe9\
\xb4\xc8]\xa9\xe8\x80\xba\x90\x1d\x05\x0e*Ez\x03\xfa\
k~~\xfe\xedUKq\x1c;v\xec\x5c\x9a\x85,\
\xc4Ny\xadV{wjfiqq\xf1\x9d\xbb\x15\
\x1fb* \x9ez75;\x92\x92\x0f};<c\
\xb3>\x1eNt*\x0e\x98\x9a\xe6;\xf2\xe2\x8b/\x96\
\xe2\x8c2a\x9f\xf8\xbe4\x0b\x94\x98\x02\x07\x95\x22\xbd\
\x01\xfdU\xc5\x14Gpz~~\xfe\x814\x0f98\
911\xf1Ci>K\x87\x0f\x1f~G\x98\xecZ\
|\xe8E\xa2!t\x9a\xef\xeaw\x8a#>~\xbf\x0e\
'\x8a\x85\x9e\x8bO]\xbc\x98\x9a\x1d\xb9\xfe\xfa\xeb\x7f\
\xb8\xdf\xeb\x00\xa0A\x81\x83\xca\x08\x1f\xae\xd2\x1b0\x00\
UKq\xc4\xc3T&''\xbf\x98\x9aPz\xa2\xfa\
\x1b\xbaN/\xa4S\xec\xf6;\xc5\xd1\xf5\xe1D\xf1\xf4\
\xb9ar\xaa\xde\xdaj\xe4\x9a\x91\xbfN\xb3\x1d\x19d\
\x92\xa5\x1b;\x8cA\x02\x94\x8c\x02\x07\x95\x10;[q\
\x00D\xe9\x0d\xe8?)\x0e(\xaf\xf8K\xfbK/\xbd\
tGjfm\xaftEL/\xac\xae\xac\xfcfj\
vlii\xe9\xbe\xdd\x9e\xa7\x1b\xf1q\xe3\xe3\xa7f\
\xc7B\xe7\xfe\xc1\xb8\xbc\xa9\xb9\xc5\xe1\xc3\x87\xbb*p\
D\xf1\x90\xa7~\xad\x83^)\xdb\x99s\x80\xe6\x148\
\xa8\x8a\x13\xa9\xd3\x05\x0c\x80\x14\x07\x94\xd6\xc9\x94:\xc8\
^+\xe9\x8a^\x0c^\x19\x075]\x5c\x5c\xbc\xbf\xd7\
\x1d\xfc\xf8x\xf1q\xd3\xa0\xa9]9t\xe8\xd0r\x9a\
\xddf\xb7\xdbZ\x95\x0ey\xeaK\x8a#\xad\x87w\xa6\
&Pq\x0a\x1cd/v\xb2bg+5\x81\x01\x90\
\xe2\x80r\xea\xe3`\x95\x85\xd4\xc2\xf2\x9eZ\xa8\xd5\x1e\
K\xf3\x1d\x8bc~\xf4\xb2\xc8\x11\x1f\xe7\xca\xda\xda/\
\xc5\xc7MWu,\xbc\xae\x1d\x0fOIN---\
]J\xf3\x1d[YY\xf9X\xaf\x96\xff*\xb1(\xd7\
\xf5z\x00\xf20\x92\xa6\x90\xad\xf0az[\x98<\x5c\
o\x01\x83\x12;\xfb\x93\x93\x93\x1f\x8e\xe9\x86tU\xf6\
\xbc\xdf\xec\xea\xf6\xb0/<\x92\xe6K\xe5\xec\x99\xb3O\
\xdc|\xfc\xe6\xefI\xcd\xb6\x9d;w\xee\xe1\x9bo\xbe\
\xf9]\xa9YX\xb1\xf3\x19:\xb2_\xeaA\x22 \x8e\
w5\x88\xff\xfb\x98\x12\xebjl\xad\xd8q\x0f\xcb\xfb\
\xb6\x9d\x0e\xcf\x88\xc2z\x89\x03x>Xou\xa7V\
\xab\xfd\xd9\xc4\xc4\xc4\xef\x84\xd9S\xbb=\xe7n\xe2v\
\x8a\xc5\x92\x1ev\xea\xef\x08\xaf\xe5\xa14\xdf\xd4\xc5\xa7\
\x9e\xfa\xd8\xd1\xeb\xae\xfb\x17\xa9\xd9\xb1XL\x09\xaf\xfb\
#a\xb6\xe3\xe5\xdf,\xad\x8b/\x84\xc7\xec*u\x14\
\xc7Z\x19\x1d\x1d\xbd\xb9\x17\xaf\x09\x00\xfa&|\xf0M\
>\xfd\xf4\xd3\xf1\x17\x13`8b\x87\xbf2\xc2\xf2N\
\xce\xcc\xcc\xfcq}\xd1\xb9Ji\xf7\x85X\xe0H\xcb\
\xd0\x91\xc7\x1f\x7f\xfc3\xe9\xa1\x0a-\xbc\xd4\xf7\xd6_\
q\xe7._\xbe<\x1f&\x03\x19k!>Oz\xbe\
n\xedz\x06\x92p\xfb\xd4\xa5K\x97\xfe\xb4~\xd7\xde\
X\xba|\xf9\xd3a\x12\xd7wK\xeb*\xde/\xde?\
\x16\x1a\x96\x97\x97W\xc2|O\xa4\xc7\xda\xf35\x84\xfb\
t\xbdol\xb6\xf6\xdcs\xbf\x16&\x1d\xef'\xf1o\
\xc3\xe5\xbd\xbdZ\x17g\xce\x9c\xf9\xa3\xf4\xd0@\xc99\
D\x85\xdc\x19{\x03\x86hvv\xf6=\xe1\xbbc\xa5\
\xc6\xe2\x98\x9e\x9e\xfeDjBi\x84\xff\xd3\x9e\x8cc\
\xf0\x8d\xe7\x9f\xff\xf4\xa0~\x05\x8f\xcf\x13\x9f/5;\
v\xfe\xfc\xf9\xb7\xa6\xd9\xa6\xe2\xf3\xa4\xd4E\xcf\x1c\x1a\
\x1b\xfb\xc90y0\xa6\x0fb\xd1\x22\xac\xffX@h\
zy\xf2\xc9'\x1f\x8c\xc9\x9ax\xff\x98\xa2\xe8\xf6\x8c\
)\x9b\x85\xc7\xffH\x8b\xdb\xeb\xd4\xf2\xd2\xd2\xef\xa6\xf9\
\xae\xed\x1f\x1d\xfd\xf9\x95\x95\x95\xbf\xd9\xb4\xecm\x15z\
j\xb5Z\xdc\x1e\x0f\xf6j]\x1c?~\xfc\xd14\x0b\
\x94\x9cCT\xc8V\xf8\x00\x5c?s\x8a\x02\x07\x0c]\
i\x0fM\xe8D|\xef\x99\x9d\x9d\xfd\xd4\xf4\xf4t\xe1\
O\x8b8`\x0eQ)\xb0\xd8i\x0c\x93^\x1c\x86\xb1\
\xe7\xe1\x0e\xbd\xd4\x8b\xd7\xdd\xca\xe1\x09\xe1y\xa6B\x07\
\xff\xc3\xa90\x91\x858\xb6\xc8\xf8\xc4\xc4;[,p\
\xac\xaf\x83\xb0\xae\x1eO\xa7}\xed\xa9\xb8\x0d\x9e\xba\xf0\
\xd4W\xaey\xf55s\xa3\xfb\xf7?\xb5yp\xd7x\
\xda\xe2\xc5\xc5\xc5\xef{\xf9\x9b/\x1f\xbd~\xea\xfa\xb7\
\xf4\xe3\xf9\x83\x81\xee\xb7@\xffHp\x903\xe9\x0d(\
\x00)\x0e\xa8\x864\x10\xe5n\x83U\xf6C\xd7\x03`\
\xa6\x0e\xf3\xae\x05\xc9X\x04846vw\xb7\xcfU\
$\xe3\x13\x13\xf7\xb7Z\xdc\x88\xe2}_|\xf1\xc5\xae\
OI\xdbL\xdc\x06\xc7\xdf|\xfc\x1f\xdet\xd3M\xb7\
\xa7\xb1>b\xd1j\xfdr\xe8\xd0\xa1\x8f\xc4\xeb\xe3\xed\
\xfd(n\xa4d\xca\xa0\xf7[\xa0O\x148\xc8R\xec\
L9s\x0a\x14CJ2T\xee\x8c*\xb3\xb3\xb3\xbe\
0S\x0a\xf1\x97\xf9\xc5\xc5\xc5\xbbR\xb3c\x83<<\
\xa5!>_/\x0eSY\xa8\xd5\xee\x8c\xeb!5\x9b\
\x8a\xcf566vOj\x96\xda\x95\xb5\xb5_\x0f\x93\
\xb6\xdf\xa3\x0e\x1d:\xf4\x99\xb0\xaf|.5Koe\
ee5\x16\xae\x06\xbd\xdf\x02\xfd\xa3\xc0A\xae\xa47\
\xa0@\xa48\xa0\xd0\xe2i6\xbb:\x0bE\xb4\xf9\xb0\
\x82A\xea\xc5\xf3\x8eOL\xdc\x12&\xad\x1cVv*\
\x15\x07J+\x16(\xf6\x8f\x8e\xfej'\x9d\xfa\xf87\
a_\xb93<F<\xb5l\xe9\x85\xcf\xa5V\xc7 \
\x01JB\x81\x83\xecHo@\xf1T8\xc5q6\xcd\
Ca\xcd]\xbc\xf8\xa64\xdb\xb1!\x1d\x9e\xd2\xd0\xf5\
a*Q\x1c\xeb!\xcd\xee(v\x86cq\xa0\xacE\
\x8e8\xeeF,Pt\xd3\xa9OE\x8e\x1f){\x91\
#\x16zb\x22%5\x81L(p\x90#\xe9\x0d(\
\xa0\x8a\xa68\xfar\xbc:\xf4J<,\xe3u\xaf\x7f\
\xfdO\xa5f\xc7\x86qxJC|\xde^\x1c\xa6\x12\
\xd6\xc5/\xc4\xf5\x91\x9a;\x8a\xcfW\xc6\x22G,H\
\xb43\xa8\xe8n\xe2c\x94\xb9\xc8\x11\x8b\x1b\xdd\x16z\
\x80bR\xe0 +\xb1\xf3\x14;Q\xa9\x09\x14\x88\x14\
\x07\x14\xd2\xc9\xb1\xb1\xb1#i\xbec\xc3:<\xa5\xa1\
\x17\xcf\x9f\xd6C+\x87\xa9\x94\xae\xc8\x91:\xf4?\xd2\
\xcb\x0e}\xa3\xc8Q\xab\xd5\xfe,]U\x0a\x8a\x1b\x90\
7\x05\x0ers\x22u\xa2\x80\x02\x92\xe2\x80b9\x7f\
\xfe\xfc[\xd3l\xc7\x86|xJCO\x0eSig\
}\x94\xa5\xc8\x11__\xbf:\xf4\xf11'&&\xde\
]\xb2B\x8f\xe2\x06dL\x81\x83lHo@\xf1I\
q@q\xc4\xc31B\xe7\xb4\xd4\x87\xa74\xc4\xe7\xef\
\xc5a*q}\xb4r\x98JC|\xdeX\xe4\x08\xb3\
w\xc4\xf1-\xea\xd7\x16C*\xf8\xdc\x11__?\xb7\
O\x91\xd7A\xc3\xda\xda\xda7\x96\x97\x97\xefR\xdc\x80\
\xfc)p\x90\x13\xe9\x0d(\x81\x99\x99\x99_\x94\xe2\x80\
B89::\xfa\xba4\xdf\xb1a\x1f\x9e\xd2\xd0\x8b\
\xd7\x91\xd6G[\xdf%b\x879\x5c\x1e\x8a\xe3[\xc4\
Nt\xecL\xa7\x9b\x86fyi\xe9w\xc7\xc6\xc6\xde\
\x16_\xd7 :\xf4\x9b\xd7Ah\xdeQ\xa4\xb19b\
j#l\xd7\x9b\xc3\xfa\xf8\xe8 \xd6\x050\x5c\x0a\x1c\
dAz\x03\xca\xe3\x86\x1bn\xf8\x810\xa9\x5c\x8ac\
nn\xce\x17k\x0a#\xa6\x14\x16j\xb5;S\xb3c\
\x059<\xa5\xa1'\x87\xa9\xc4\xf5\xd2N\x8a\xa3!v\
\x9ec':v\xa6c\x81!]=0\xb1\xb02w\
\xf1\xe2\xc7\xc3\xec\x1d\x87\xc6\xc6\xee\x1eFg\xbeQ\xe8\
\x88cs\x84\xe6P\x0b\x1dil\x90;\xa46\xa0Z\
\x148\xc8\x85\xf4\x06\x94\xc8\xec\xec\xec=UKq\xec\
\xdb\xb7/v<\xa0(N\x8eOL\xdc\x92\xe6;V\
\x84\xc3S\x1a\xe2\xeb\xe8\xc5a*i\xbdt\xfc\x9d\x22\
\xbe\x8eX`\x08\xb3w\xc4DG\xbf;\xf9\xe9\xb0\x90\
;ba\xe5\xba\xeb\xaf\xff@x\xfe\x81\xa46v\x13\
\x9f?\xbe\x8eF\xa1#\x16^zQ|\xdaK\x5c\xd7\
q\x9d\x87\xd9;\xe2\xd8 EX\x17\xc0`\x8d\xa4)\
\x94VJo|J\x81#?\x0b\x0b\x0b\x97\xbf\xf9\xcd\
o>\xe2\xb4\xbf\xd9\xba=|\xf1|$\xcdg/\xbe\
W\x85}\xfa\xb1\xf1\xf1\xf1k\xd3UUS\xda\xed\xfd\
\xa9O~\xf2\x87\x7f\xe0mo\xfb\xe7\xa9\xd9\xb6\xb9\x8b\
s\xbf\xf2c'\x7f\xacPc\x13\xc4\x84\xc2\xf9\xf3\xe7\
\xef~\xe9\xa5\x97\xde\x90\xae\xea\xc8M7\xdd\xf4\xc1\x22\
u \xe3r\x9d;w\xee\xa3\xa9\xd9\x91}\xfb\xf6=\
{\xe3\x8d7~\xb8W\xcb\x15_S\x98\xac\x7fG\x09\
\xaf\xedG\xc3{\xc0?9x\xf0\xe0\x81\xd8\xeeD,\
\x14\xac\xac\xac\xfcax\x8d_NW\x9d*C'\xfe\
\xea\xf5\xf0\xc67\xbe\xf1\x1fu{\x06\x9f\xb8.\x9ey\
\xe6\x99?\x0d\xfb\xe1\x9f\xa4\xabJ\xb1.\x80\xfeQ\xe0\
\xa0\xf4\xc2\x07\xe6ma\xf2p\xbdENj\xb5\xda\xcf\
MLL<\x13fm\xdf\x0c\xc5\x817\xa7\xa7\xa7\x7f\
,|\x19\x9dOWe\xef\xd2\xa5Kw\x86}\xfa7\
S\xb3j*U\xd0\x82\x9dl\xee\xe87\xc4\xb3\xb74\
+6m\xea\xb8o\x96E'\xbe\xd9zX^^>\
\xb4\xb8\xb8\xf8}\xa9\xb9E\xce\xeb\x02\xe8\x1d\x05\x0eJ\
-|8Jod*\xa67\xc6\xc7\xc7\xd7\xe3\xd3\xab\
\xab\xab\xef;p\xe0\xc0\x87\xd6o 7R\x1c\xd5\xa1\
\xc0\x01\x00\xf4\x9518(;cod*t\x00\xe3\
\xa0`\xf3\xf1r\xe0\xc0\x81\xdf\x8a\x05\x8ft\x13\x19\xa9\
\xe2X\x1cay\xefMM\x00\x00zH\x81\x83\xd2J\
\xe9\x0dgN\xc9P<t!LN\xd7[:\x859\
\x9b\x9e\x9e>\x1e&\x95:\xa3\xca\xc4\xc4\xc4\xa3\x0av\
\x00\x00\xbd\xa7\xc0A\x99Iod*l\xd7\xfbbQ\
#5\xd7\xe9\x14\xe6\xab\x8a)\x8e\xd5\xd5\xd5\xdfHM\
\x00\x00zD\x81\x83RJ\xe9\x8d{R\x93\x8c\x5c\x9d\
\xdeh\x90\xe2\xc8W\x15S\x1c\xc7\x8e\x1d;\x97f\x01\
\x00\xe8\x11\x05\x0e\xca*\xa67b\xa7\x88\xcc4Ko\
4Hq\xe4\xabj)\x8e\xe0\xf4\xfc\xfc\xfc\x03i\x1e\
\x00\x80\x1eP\xe0\xa0t\xa47\xf2\xb5Sz\xa3A\x8a\
#_\xb1`Y\xab\xd5nM\xcd\xec\xc5}yrr\
\xf2\x8b\xa9\x09\x00@\x0f(pPF\xd2\x1b\x99\xda-\
\xbd\xd1 \xc5\x91\xaf\xb0\xed\xef\x95\xe2\x00\x00\xa0S\x0a\
\x1c\x94\x8a\xf4F\xbefff\xfe\x22LvLo4\
\xc4\x02H<\x85lj\x92\x91\xb0]\xaf\x95\xe2\x00\x00\
\xa0S\x0a\x1c\x94\x8d\xf4F\xa6n\xb8\xe1\x86\x7f\xb5W\
zc\x93\xd3\xe9p\x162#\xc5\x01\x00@\xa7\x148\
(\x0d\xe9\x8d|\x85\xedz*L\xf6Lo4\xc4B\
H<\x9c%5\xc9\x88\x14\x07\x00\x00\x9dR\xe0\xa0L\
\xa472\x15\xb6\xeb'\xdaHo4Hqd\xaa\x8a\
)\x8eT\xe4\x03\x00\xa0\x0b\x0a\x1c\x94\x82\xf4F\xbe\xda\
Mo4Hq\xe4\xab\x8a)\x8eX\xe4KM\x00\x00\
:\xa4\xc0AYHod\xaa\xc3\xf4F\x83\x14G\xa6\
\xa48\x00\x00h\x97\x02\x07\x85'\xbd\x91\xafN\xd3\x1b\
\x0dR\x1c\xf9\x92\xe2\x00\x00\xa0]\x0a\x1c\x94\x81\xf4F\
\xa6\xbaLo4HqdJ\x8a\x03\x00\x80v(p\
Ph\xb1s\xb3\xb0\xb0p\x7fj\x92\x91n\xd3\x1b\x0d\
R\x1c\xf9\x8a)\x8e\xd5\xd5\xd5\xf7U\xa5\xc8!\xc5\x01\
\x00\xd0\x1d\x05\x0e\x0a-F\xd4c''5\xc9H\x8f\
\xd2\x1b\x0d~\xf9\xce\xd4\x81\x03\x07>\x14&'\xea\xad\
J\x90H\x02\x00\xe8\x90\x02\x07\x85\x15\x7f\xb5\x8d\x11\xf5\
\xd4$#\xf3\xf3\xf3\x0f\x84I\xd7\xe9\x8d\x06\xbf|\xe7\
-\xec/o\xafX\x8aC\x22\x09\x00\xa0\x03\x0a\x1c\x14\
\x96\xf4F\xbe&''\xbf\xd8\xc3\xf4F\x83\x14G\xa6\
\xc2\xfe\xf2\xfe0\x91\xe2\x00\x00`W\x0a\x1c\x14\x92\xf4\
F\xbez\x9d\xdeh\x90\xe2\xc8\x9b\x14\x07\x00\x00{Q\
\xe0\xa0\x90\xa47\xf2\xd5\xa7\xf4F\x83\x14G\xa6\xa48\
\x00\x00\xd8\x8b\x02\x07\x85#\xbd\x91\xaf~\xa57\x1a\xa4\
8\xf2&\xc5\x01\x14Yx\x7f\x9a\x0a\x97\xf7^u\x99\
J7\x030\x00\x0a\x1c\x14\x8e\xf4F\xbe\xfa\x9c\xdeh\
\x90\xe2\xc8T\x15S\x1csss\x17\xd2<Ppg\
\xcf\x9c\xfd\xdd0yp\xf3\xe5\xfc\xf9\xf3w\x87)\x00\
\x03\xa2\xc0A\xa1\xbc\x22\xbd\x91\xad~\xa77\x1a\xa48\
\xf2V\xb5\x14\xc7\xbe}\xfb>\x9e\x9a@\xc1\x85\xff\xd9\
7\xa6\xd9\x0d/\xbd\xf4\xd2\x1b\xd2\xecP\xc4\x04IJ\
\x92\xac_\x1e\x7f\xfc\xf1\xcfl\xbe,--}p\xd3\
\xed\xd2&@\xe9\x8d\xa4)\x14\xc2\xa5K\x97\xee\x9c\x98\
\x98\xf8\xcd\xd4$\x13\x0b\x0b\x0b\x97\xc7\xc7\xc7o\x19@\
zc]\xf8\x926\x19:\xc2w\xa7_\xfc\xc9\xcf\xed\
a_z$\xcdg-\xee\xcb\xe1\xff\xe7\xb1LRm\
\xa5\xdbn\xf7\xdes\xcf\x7fq\xdbm\xb7\xff\xb7\xa9\xd9\
\x96W^\xf5\xca\xd7\xae\xb9\xe6\x9ago\xba\xe9\xa6?\
IW\x9d\x0a\xcb/\x91\x93\xb1\xb3g\xce>q\xf3\xf1\
\x9b\xbf'5\xd7\x9d;w\xee\xe1\x9bo\xbe\xf9]\xa9\
90\xa9Xq\xb2V\xab\xbd;|\xaf\xfa\xa1\xfa\xb5\
\xbb[\xa8\xd5\x1e\x1b\x9f\x98\xb8?\xcc\xdaW\x01\xa0[\
\xf1\x8b|\xf8 ~&L\xc9L,\x5c\xa5\xcd<0\
\xe1io\xab?;\xb9y\xfa\xe9\xa7\xef\x0f\x93J\xa4\
8\xa2\xf8\xffS_\xf2\xd2\xbb--Ri\xc4\x0ek\
z\xed]\xbb|\xf9\xf2|\xfa\xb5\xdc\xaf\xe4\x99j\xb6\
\xbf\xc4\x94D\xbay \xc2S\xae'6\xc2\xfb\xc6\x9f\
\xae\xbf\x80\x0e,,,|-L$:\x80Rr\x88\
\x0a\x85\x10>D'WWW\xdfg\xec\x8d\xfc\xc4\xf4\
\xc6\xc4\xc4\xc4\xa3\xa99H\xa7\xd3a1d\xa6jc\
q\xc4\xff\x9f\xf8\x7f\x94\x9a\x94\xd4\xd8\xd8\xd8\x91C\x87\
\x0e}d\xa1V\xfb\xac\xce#\xfd\x10\xf7\xa9+kk\
\xbf\x14f\x1fl5\xb5\xd1\xcc\xe1\xc3\x87\xbf+L\x1e\
\x8c\x8fe?\x05\xcaF\x81\x83\xa28q\xe0\xc0\x81\x0f\
\xa5y2\x12\xbe\x1c\xdd;\xa8CS6\x8b\xcf\x19\x07\
5MM23;;\xfb\x9e\xb0oUf,\x8e\xf8\
\x7f\x94\x9a\x94\xdc\xf8\xc4\xc4-a\x12\x07\xa0<\xb9~\
\x05\xf4@\xa3\xb8\xb1\x7ft\xf4\xe7\xd3U]\x8b\x8f\xb5\
\xb8\xb8\x18\x13s\x8a\x1c@i(p0t\xb1\x93\x12\
\x07\x0eLM22\xc4\xf4F\x83\x14G\xa6\xa6\xa7\xa7\
c\xe7P\x8a\x83\xa1XYYY}\xfc\xec\xe3\x7f\xbb\
\xd3emm\xed\x1b\xe9\xae;ZZZ\xbaO\xc7\x91\
^h\xa5\xb8\xb1\xb8\xb8\xf8\xf5\xe5\xe5\xe5\xbb\xc2\xec\x1d\
W_\xe2\xd8\x1ba\xda\xd4\xe1\xc3\x87\xdf!\xc9\x01\x00\
m\x08\x1f\x9a\xc6J\xc8\xd40\xc6\xde\xb8Zx\x19\xf6\
\xafL\xcd\xcc\xcc\xfcq\x98Tf,\x8es\xe7\xce}\
\xa8\xbe\xe4\xa5\x95\xc5\x18\x1c\xa1\x93\xb8\x12&\xbbv\xf6\
\xe2\xed\xe1\xb2~f\x8a4\x9eAS\x17\x9fz\xeac\
\xe9O\xc8\xc0\xb0\xc6\xe0\x08O\x13\xf7\xb5\xa6\xe2\xd8/\
a\xb2\xeb!Q\xf1\xb6x\x9f\xdd\xf6\xd5\xe0\xbd\xe9\xee\
\x00\x85&\xc1\xc1P\x85\x0fL\xe9\x8dL\x15 \xbd\xd1\
 \xc5\x91\xa9\xaa\xa58\x8e\x1d;v.\xcd2D\xb5\
K\xb5\xc5\xbd\xce0\x11o\x0f\x97\x87\xe2\xe5\xf0\xe1\xc3\
?\xb2\xb8\xb8\xf8\xb9t\xd3\x16\xfbGG\x8d\xc5AW\
\xe2\xfe\x13\xcf\x94\x92\x9a[\xc4\xd4\xc6\xd8\xd8\xd8\xdb\xd2\
\xbe\xb8\xe3>\xdb\xd8_w\xdbW%\x8e\x80\xb2P\xe0\
`\xd8N8\x95g\x9e\xc2\x17\xa1\xa1\x8c\xbdq\xb5\xf8\
\x1a\xc2>\xf6a\xf1\xfe<Ui,\x8e@\xb1\xae\x84\
b\xe71t\x1c\xef\x8c\x87\xb5\xa4\xab6\x1c<x\xf0\
@\x98\x18\x8b\x83n\x9cl6\xa0h\xdc\xdfb\xc1\x22\
\xee\x7f\xe9\xaa=5\xf6\xd5X\x18IWm\x88\x83\xe4\
.//\x0f\xfct\xb7\x00\xedR\xe0`hb\xa7D\
z#O\xa1\xd3y\xb6 \xe9\x8du\xb1\xc8\x11\x0b.\
\xa9IF\xaa\x94\xe2H\xc5:\x03\xe7\x96P\xec8\x86\
\xf7\xa0\x8f\xa4&\xf4D\xd8\xa7\xa6\x16\x17\x17\xe3\xb8\x1a\
\xdb\x1c<x\xf0\x03\xed\x147\x1aR\x91\xa3\xe9\xbe\x1a\
\x9e\xef\x17\xe2s\xa6&@!\x8d\xa4)\x0c\x5c\xf8\x90\
\x8c\xc7c?\x5co\x91\x99\xdb\xc3\x97\xa4G\xd2|!\
\x84\xfdmraa\xe11\xa7\x22\xce\xcf\xec\xec\xec\xa9\
\xe9\xe9\xe9\x9f\x89\x05\x80tU\xb6\xe2~<??\x7f\
wI\x93o\x85{_\xd8K\x1cS\xe1\xe6\xe37\x7f\
Oj\xae\x8b\x83\x88\x1e\x7f\xf3\xf1c\xa9\xd9\xb2\xb0\xed\
\xe2\x18\x06\xf1\xec)[\xc4\x81\x1f\xc7\xc6\xc6>\x9a\x9a\
-K\x1d\xcd\x93\xe1\xef\x0f\x85N\xee\xf7\xbd\xfc\xcd\x97\
\x8f\x85\xf5\xfb\xfa\xfa\xad\xe1\xf6W\xbd\xf2\xb57|\xfb\
\xb7\x7f\xf5\xe8u\xd7=\x19\x9a\xa7b\xc7\xb5~Kw\
\x1a\xcf{\xfe\xfc\xf9\xb7\xbe\xf8\xc2\x8b\xc7\xc3\xe3\xbe\xb1\
~\xcb\xfam\xcf_\xf3\xeak\x9e\xb8\xe9\xa6\x9b\xfe$\
]5\x98\xe7\xed\xc3\xb2n^\xbf\xb5Z\xed\xed#\xaf\
\x1a\xf9\xee\xfa-\xeb\xb7=\xf3\x867|\xfb\x9f_\xfd\
|\xcd\xf6\x97s\xe7\xce=|\xf3\xcd7\xf7%\xf9\x10\
^G\xd3}*&0\xdaMol\x16\x97=,\xf3\
\xef4K\x86\x04w\x84\xc7}(\xcdo\xd3Xo\xf5\
\xd6\x16\x1b\xeb\xa9q\x9fAmK\x00\xe8\xbb\xf0\xe16\
\xf9\xf4\xd3O\xc7S\x8f\x91\x99\x99\x99\x993aR\xc8\
C\x06\xe2\xa0\xa7\xf5WI\x86J7\x80e\xa7\xe2\xb2\
\xd6\x17\xb9t\xb2\x18d4^\x97nnK\xf8\xd3\xa6\
\x03A\xb6;\x08e\xf8\x93V\x06\x84\xdc\x22\x0e\x8c\xba\
\xb4\xb4\xf4\xc10\x1b;\x96\x1d\x89\x7f\x1b\x1f#>\xd6\
\xfa\x83\xb6 \xbc\xe7\xfei\x98t5\xceH\xfc\xdb\xf8\
\xbci\xb0\xcc=\xa5\xf5\xd2\xf5s\xa6\xd7\xbe\xa7\xcd\xcf\
7\xe8AF\xe3 \xb5\xe9i\xae\xd6\xf5\x80\xa0\xf11\
\xea\x0f\xb5\xd5\x93O>\xb9\xad\xa0\xb2Y\xb8K\xd3\xbf\
\x0b\xd6\xd7Q\x9c\xb6\xba\xef\xa6m\xd0\xf1v\x04\x80\x81\
\x09\x1fX\xcel\x91\xaf\xc2vb\xc2k\x9b\xac\xd5j\
\xcf\xd4_&9\xa9\xd2\x19U\xe2r\x96\xb4@\xac\xc0\
\xd1D\xec\xbc\xa7\xbb\xec)\xdc}*t\x0e\xff\xb0\xfe\
\x97\xed\xeb\xa4\xc3\x18\xef\x1f.m\x15T\xae\xb6\xf6\xdc\
s\xbf\x16&mwT\xe3\xdf\xd4.]\xfa\x9b\xf5\x07\
iSZO\x1d-\xebs\xcf=\xf7||\x8cv,\
]\xbe\xfc\xe9f\xc5\x9f~\x158\xc2C\xc7}a\xa7\
m\xd2\x8b\x02\xc7T\xb3\xe5I\xd7\xed\xb8^\xc3m;\
\x158\xfe?\x9d\xec\xbb{=\x1f\xc0\xd5\x8c\xc1\xc1\xc0\
\x85\x0f*cod*\x8e\xbd\x11&\xa7\xeb\xad\xe2\x19\
1\x16G\xb6\x8c\xc5A\x91\xc5\x0e\xda\xe2\xe2\xe2;S\
s\x8bC\x87\x0e-\xa7\xd9]\xa5\xc7\xf8\xc2\xe1\xc3\x87\
\xdf\x91\xaej[<\xe4 >F\x9b\x1d\xc6\xf8\xbf\xf5\
`x\xde\xef\xaa7\xdb\xb7\x7ft\xf4\xe7\xaf\xac\xad\xfd\
R;\xcf\x1b\xef\xbb\xb4\xb4\xf4\xa5\xf1\x89\x89[\xd2U\
m\x89\xeb),k,\x04\xb6\xbd\xac\xa3\xa3\xa3\xaf\xab\
7[whl\xec'\xd3\xa0\xb1\x83r\xb2\xd96Y\
\xa8\xd5\x1e\x0b\x93S\xf5V\xe7\xe2\xa1!\x0b\x0b\x0b\x7f\
\x9c\x9a\x1b:\x1d\x187l\xcb\xff['\xfbn|\xbe\
\x0e\xf6Y\xa0\xc2\x148\x18\x06gN\xc9T\xe8d\xde\
\x17;_\xa9YHq\xf0\xd3\xf0\xa5\xcd\x19U24\
;;{O\xf8\x12\x5c\x993\xaa\xc4\xb1G\xd2<\xc5\
\x17;\xa3\x1d\x17&b\xe7.\x157v,2\xac\xad\
\xad}#\x8e\x0f\xd2\xecl-\x9b\xc5\xc7X^Z\xfa\
p+\x1d\xc6\xf4\xbcM\x07\xb1l\x88\xcf\xd7\xca\xf3\xc6\
\x22G\x98\xb4\xd41n,o<sG\xbaj\x9b\xc6\
\xf3\xc6\xe5NWm\x13\xd7y;\xcb\x1a\x1e\xf3c\xa9\
\xd9T\xab\xebx\x98\xfe\xfe\xef\xff\xbeg\xe3Vl\x1a\
K\xa5ka[\xfeH\x9a\xdd\x22\xae\xcb\xbd\xd6\xe7\xfa\
>\xeb\x0c.@\x8b\x148\x18\xa8\xf0\x05b\xf2\xc2\x85\
\x0b\xb7\xa6&\x19)zz\xa3A\x8a#_\xd3\xd3\xd3\
\xc7\xc3\xa42)\x8e\xb0\xbc\x9fHM\x0a*v\x9a\xc3\
\xe5\xbd;\x15\x09B\xe7\xfbw\xc3d\xcfB\xd5\xdc\xc5\
\x8bw\xeeT\xdc\xa8\xd5j\x7f\x16&w\x8c\x8e\x8e\xde\
\x1c\x07?=x\xf0\xe0\xf7\xc6v\xbc,--]\x8a\
\xf7\xb9ZL\x1b\x84\xc9\x9e\xc5\x86\xd8\xa9\xdc\xe9y\xaf\
\xac\xad\xfdz\x98\xdc\x11\x9fo\xf3\xf3\xa6ej*\x16\
\x10\xe2:I\xcd\xa6\xe2\xedq\x80\xcbV\x9f7.w\
l\xa7\xf5\xb0M+\xcb\x1a\x9f3l\xa3\xfbcZ \
]\xb5E'\xebxX\xd2\xe0\x9c\x85\xd6X\x9f\xf1\x12\
\xd7e+\xeb3l#gp\x01\xa0x\xc2\x87\x93\xb1\
7\xf2U\x9a\xe3\xeb\xc3k\x9dL\x83\xa1\x92\x99\x22\x0f\
r\xdbkq9\xd3\xd8#e\x91\xc5\x18\x1c\xad\x8c\x09\
\x10o\x0f\x97\xf7\xc6q\x19\xe2\xdf4\x93\xc6Oh)\
Y\xb0\xcb\x98\x101\xb5\xb4\xe3c\xc4\xdbv\x1a\xc3\x22\
t$w\x1d\xfb#\xdcej\x97\x81=w|\xdex\
}\xba}'\xbb\x8e\x0f\x11_W\xba\xdf\x16i}\xad\
\x0fT\x99\xee\xbaE\xbc>\x8d\xf5\xb1\xcd^c\x8f\x84\
\xdbv\x1a7b\xcf\xf1C\xe2m\xbb\x8d-\xd1\xc71\
8vz\xcd]\x8f\xbf\xd1\x10\x1f\xab\xfe\x90[\xed6\
\xd0h\xb8y\xc7u\x19\xb5\xb2>\xd3\xffX3=[\
6 _\x12\x1c\x0cL\xf8`\x9a\x9c\x9d\x9d}Oj\
\x92\x91\x14\x95/|z\xa3!\xfd\xfa}_j\x92\x11\
)\x0e\xfa-\xfe\xca\xbf\xb2\xb2\xf27\xb1\xf8\xb1\xd3e\
mm\xed\xf1p\xd7\x07Sz`\x9b\xc5\xf6N\xe3y\
\xb2\xd9\x98\x10)\xc9\xf0\xdb\xbb=F\xbcm|b\xe2\
\xfe\xd4\xdc\xa2V\xab\xed5\x16\xd6\xc9f\x87\x88\x84\xd7\
\xfe\xb90\xd9\xf1y\xd3\xf5\xbf\x1d.M\x93r\xf1\xd4\
\xa0iv\x9b\xf0=a*\xfc}\xd3\xb4KX_\x1f\
\x09\xb7=\xb4\xdb\xf3\xee\x1f\x1d\xfd\xd5fI\x8et\xba\
\xd3\xa6)\x8e\xf8\x9c\xe1o\xde\x9d\x9a[\xc44J|\
\xcc\x9d\x9e3\x8a\xb7\x85\xd7vg\xb3\xe7\xed\xa7\xdd\xd6\
c\xbf\xbd\xf4\xd2KoH\xb3m\x89\xfbl+\xeb3\
\xfc\x8f} 5\x01\xda\xa6\xc0\xc1 \x9d\x08_\xc6\xdb\
\x1e\x98\x8a\xe2\x8b\x9d\xac\xf0\xa5\xa4\xd0co4\x11\xc7\
0\x88\x87\xd5\x90\x99\xb0]\x8d\xc5A_\xc5\x22\xc7\xcd\
\xc7o\xfe\x9e\x9d.\xbb\x0dR\x19\x0b\x04m\x147v\
\x14:\x8a_m\xf11N\xc5\x82J\x9a\xdf0\xf2\xaa\
\x91\xefN\xb3m\x09\xaf\xfd\xb3{=o\xba\xfd\xb7\x9b\
\x8d\x8f\xb1G\xe7\xf8d\x5c\xb7i~C*\xe6\xec\xb9\
\x9f\xc7\xe7\x9d\x98\x98\xf8\x9d\xd4\xdcbyy\xf9P\x9a\
\xbd\xda\xc9T\x00\xd9\x22\x8e\x0bqhl\xec\xeeV\xd6\
\xf1n\xcf\xdb/\x9d\x16\x19\x86%\x16\x80\xf6*n\xec\
\xe5\xdc\xb9s?\x9af\x01v\xa4\xc0\xc1@Ho\xe4\
\xabl\xe9\x8d\x86\xf0%K\x8a#SR\x1c\x14\xd5\xea\
\xea\xea\xfc\xe1\xc3\x87\xff}j\xb6*\xbe\xc7\xae\x8fO\
p\xd5\xa5\xa5\xc2V\xecP\x86\xce\xfd\x97S\xb3k\xcb\
KKo\x8f\xa9\x87\xd4\xdcQ|\xde\xff\xf9\xf7~\xef\
?\x0d\x9d\xd2\x877_\xe6.\xce\xfdJ\xba\xcb6;\
\xa5\x12\xda(\xe6D\xa7\x9a\x8d\xe3\xd0Bbe\x8b+\
kk;\xa6Evpj\xaf\xc12\xab,\x16\x80\xda\
\xd9\x86\xd6%\xd0)\x05\x0e\x06Ez#S%Mo\
4Hqd\xaa\x82)\x0e\xfbq\x09\x1c8p \xee\
\x93\x1f_\xa8\xd5>\xdbJ\x91 \x8a\x9d\xc2p\x89\x9d\
\xed\xab/\x1d\xff\x12\xde\xa2S\xcd\x12\x18\xe9\xb0\x9b\x9f\
n\xe5\xf5\xff\xcc\xcf\xfe\xec\xbf\xbf\xf9\xe6\x9b\xdf\xb5\xf9\
\xf2c'\x7f,\x9e\xc6t\x9b\xf8xccc?\x91\
\x9a\x1b\xda=\xedi\x5c/\xcf<\xf3\xcc\x9f\xa6\xe6\x86\
#G\x8e\xbc\xad\xd9k\x9e\xbbx\xf1Miv\x8bv\
\x07\xeb\x8c\xcf[\xbbT[LM\xba`]\x02\xddP\
\xe0\xa0\xefb'Cz#OeMo4\x84/Q\
R\x1c\x99\xaa`\x8a\xc3~<@\xf1\xd7\xe5x\xba\xd0\
\x9d.{\xfd\xfa<>1q\xcb\xe2\xe2\xe2\x17Z-\
r\xec%>N\xb8\xc4\xc1\x1d\x9b^Ra\xa5-\xb1\
\x93977\xf7\xbf\xa4\xe6\xd5\xee\xad\xd5j\xbf\xb3\xe9\
9z\xb1\x1cM\x0fO\xf9\x07\xafy\xcd\xbf\x89\xaf%\
5[\xd2\xec\xf4\xa6\xe9\xb1\xb7\xfd\xd0\xb2v\xe5\xca\xf5\
ivC*\xec\xb4\x5cT\x01\xa08\x148\x18\x04\xe9\
\x8dL\x95<\xbd\xd1\xe0\xd7\xefLIq\xd0\x0f\xb1x\
\x11:\xcb\xeb\xa7(\xdd\xe9\x12o\x0fw]?\x94d\
\xa7\xd3\xa6\x1e>|\xf8\xbb\xdaIrl\x16\xff&\x16\
\x16\xe2\x19G\xce\x9c9\xf3G\xe15\xfdM\xb8:\x9e\
\xd9\xa2\xe9\xa5\xd9\x18\x13\xadhV(hH\x8f\xb9\xfe\
\xf8q9.>\xf5T<\x05l/\x0b\x1e\xeb\xc2g\
\xcc]\xcd\x06r\xdd\xed\x12\xd6\xc7\xc7\xd2\x9f\xef\xe9\x95\
\x97_\xf9\xbe4\xbb\xe1\xe2S\x17/\xb6[T\x01\x00\
* |\xc9)\xdbi\x0ciQ\xda\xaeYt\x1e\xc3\
r8}q\xbeJwj\xd2N\xc5e\xad/ra\
eq\x9a\xd8x]\xba\xb9%\xe1O\xd6\x8b\x11;\x9d\
ru\xaf\xd3\xb5n\x16\xee\xbe\xfeX\xe9\x94\xa9]i\
e9\xc2\xddv<\xf5\xean\xd2\xa9i\xdb*t\xa4\
\xfb\xf7\xdb\xb6\xd3\x8c6\xdb\xc6\x9d\x9e\xda\xb5\x97\x8f\xb5\
\x97TPj\xa6\xef\xa7\x89\xddm\x99\xc2\xcd;m\xc7\
\xb6^\xd7 \xd7%\x90\x17\x09\x0e\xfaMz#S\x99\
\xa47\x1a\x9c\x89\x22S\xa1#x\x7f\xf8^,\xc5\xc1\
\xd0\xc4$@\xb8<466vO\xbaj\x8b\xb0\x7f\
\xfeB\xb8\xecY\x08\x88\xf7Y\x5c\x5c\x8c\xa7|}0\
\xa6?\xea\xd7\xf6W|\xed\xf1\xcc\x17a\xf6\x8ef\x03\
w\xee$\x1e\x82\x13&\x0f\xc6dI,\xe0\xb4\xb2|\
\xb4\xa7\xdd1Bzit\xff\xfe\xa7\xd2,@\xe1(\
p\xd07\xb1S\x11\xbel\x1b{#C\x17.\x5c\x88\
\xbf\xa2\x94v\xec\x8d\xab\xc5BM,\xd8\xa4&\x19\x19\
\x1f\x1f\xbf\xb6V\xab\xdd\x9a\x9aYK\xfb\xb1\xb18\x8a\
\xebT\x1a0s\x8b\xb1\xb1\xb1#a\xb2\xeb\x0f\x01\xa9\
\xb8\xf1\x85\xc3\x87\x0f\xbf#]50\x9b\x0a4o[\
^^\xbe\xab\x9dBG\x1c\xf7\xe2\xd0\xa1C\x1f\x09\x7f\
\xf3\xa5\xb0\x0c==t\x85\xe6v9\x1dn\xcf\x0c\xb3\
\xb8\x02\xb0\x17\x05\x0e\xfaIz#SSSS\x8f\xc6\
\xceTj\xe6B\x8a#Sa_\xbd7\x16\x5cS3\
w\xa7\xe7\xe6\xe6\x8c\x1dP@\xb1P0>1\x11\x13\
\x18mI\xc5\x8d\xfbwJm\xc4\x011\xe3\xe9W\xc3\
\xec\xd5\xa7\x91\xdd\xb8\xd4j\xb5?\x0b\xd3\xae\xc4\xd7?\
66\xf6\xd1X\xe8\x08\xcd;\xce\x9f?\xffP\xab\xc5\
\x8eT\xc4\x89\xe3u\xb4\xfd\x9d \x8ey\xd2l \xd7\
v/g\xcf\x9c\xfd\x0f\xe1\xe1\xb2\x7f\x8f\x0f\xfb\xca\xb6\
1E:\xb5\xd3\x19f\x00\xa0rbg\xc2\xd8\x1by\
z\xfa\xe9\xa7\xb3\x8d\xfc\x87\xe52\x16G\xa6.]\xba\
tg\xda\xcc\xd9\x8b\xcb\x9a\x16\xbbh*9\x06\xc7f\
\xe1\xcf\x9b\x8eO\x10\xc7SHw\xd9&\xdc\xbc\xe3\xd8\
\x14i|\x8c=S\x11q\xec\x82\xfa_|K7\xcb\
\xd1\x10\x1ef\xe3\xec-q\x19v\x1ag\xa4ayy\
y%L\x9a\xbe\xdep}O\xc6nhW\xb3m|\
\xe6\xabg:J(6{\xac~\x8d\x1b\x11\x1ez*\
\xad\xcf-v[\xc7\xed\x88\x8f\xb1\xcbX/;n\x93\
x[\xfd.\xdb\x18\x83\x03\x18\x08\x09\x0e\xfaEz#\
S\x93\x93\x93_\xcc0\xbd\xd1 \xc5\x91\xa9*\xa58\
&&&\x1e\x0d\x1d\x93\xcb\xa9I\x094;Ui\xc3\
\xf9\xf3\xe7\xdf\x9af\xafvo\x1c\x1f#&+R{\
\xe0\xe2s\x87\xcbC\xf1r\xdd\xf5\xd7\x7f\xa0\x91\xee\xd8\
)1\x12\x0fY\x09\x1d\xf0w\xa5f!\xbc\xf2\xaaW\
\xbe\x96f7\x1c\x99<\xf2\xe6\xf0~Q\xe8\xc3i\xe2\
\xba\x0f\xff\xe7\x7f\x9c\x9a\x1bv:\x1dn\x07N6K\
\x0d-..~=L|N\x02\x85\xa5\xc0A\xcf\xc5\
ND\xe8$6\x1dL\x8dr\x9b\x9f\x9f\x7f L\xb2\
\x19{\xe3j\xe1\x0b\xa3\xb182U\xb5\xb18\xc2\xfb\
\xf0\xbd\xa9I\x09\x84\x8e\xe4_\xa7\xd9m^|\xe1\xc5\
m\x05\x8e\xd4\xc9\xfc\xed\xd8\xc9\xad_S\x0c\xf1\xf5\x84\
\xcbC\x13\x13\x13\xef\xbe\xb2\xb6\xf6\xeb\xe9\xea-j\x97\
j?\x9ef[\xb2K\x81\xa7'^\xf3\x9a\xd7\xcc\xa5\
\xd9\x0d=,\x12\xf4\xd5N\xa7\xf1]^Zz{\xb7\
\x05\x9a\x9d\xc6\xf2\xd8\xb7o\xdf\x83E\xdb\xef\x006S\
\xe0\xa0\x1fbz\xe3x\x9a'#\x99\xa77\x1a\xa48\
2\x15\xf6])\x0e\x86j\xa71\x0d\x0e\x1d:\xb4\x9c\
f\xb7\x88\x9d\xd4\xeb\xa7\xae?\x96\x9a\x1bB\xe7\xf3\xcb\
\xfd\xecd\xc6\xe7\x8d\x87i\xc4\xc3\x046_Z\xed4\
\xc7\xd7\x16\xd3%\xa9\x10\xb3E\xb8\xed\x8di\xf6j\xa7\
\xe2x\x1bi~\xc3\xd8\xd8\xd8Ot\xdbY\xdf\xcd\x8d\
7\xde\xf8\xe54\xdb\x95\xf8\x1a'\x8eL\x1cN\xcdA\
9\x15\xc7`I\xf3\x1b\x0e\x8d\x8d\xfdd\x98t\x5c\xa0\
\x89\xcb\x12.\xbf\x90\x9a[\xec\xb4\xaf\x02\x14\x85\x02\x07\
=\x15>\x10\xa572\x95{z\xa3!\x16p\xa48\
\xf2$\xc5\xc10\xc5Nc\xe8\xf4\xb7;\x9e\xc4\xc9\xd1\
\xd1\xd1\xd7\xa5\xf9\x8e\xc4\xe7=x\xe0\xc0M\xa9\xd9\xaa\
\x93\xc7\xdf|\xfc\x1f\xde|\xfc\xe6\xef\xd9|9\x7f\xfe\
\xfc\xdd\xe9\xf6=\xc5\x22G,\xc4\xa4\xe6\x9e\xe2\xfd\x97\
\x96\x96~/57\xc44\xc5\x95\xb5\xb5_\x8a\xcb\x91\
\xaejI\xbc\x7f\xb8\xc4\xf1 :*\x8e,..\xde\
\xd5\xe6\xdf\x9eL\xc9\x8f\x81\x89\xeblue\xe57S\
s\x8b\xf0^\xf7\xeeN\x96=\xfeM\x5c\xdfi`\xd8\
-\xd2\xa1G~\x00\x00\x0aM\x81\x83^\x93\xde\xc8T\
E\xd2\x1b\x0d\xa7SA\x87\xcc\x84}X\x8a\x83\x81\x8b\
\x9d\xc6\xe5\xa5\xa5\x0f7\xeb\x00\xa73\x91\xec\xd4il\
\x9aj8t\xe8\xd0[[\xe9\xbc\xa6\xfb\xfc\xf4\xf8\xc4\
\xc4-\xf5kZ\xd6u\x9a\x22\xde\xaf\xdd\xc2\xcaNi\
\x8a\xfd\xa3\xa3?\x1f&-'\x12\xe2s\xc7Nz\x98\
}pqq1\x0e\x8c\xbd\xdbknz\xfa\xde8\xfe\
D\xab\x85\x95x\x9f\xf0<\xefL\xcd\x81:z\xddu\
\xf77Kq\x84\xff\xff\x1fj\xb70\x94\xee\xfb\xd3i\
}o\x13\x1e\xf3wbQ%5\x01\x0aI\x81\x83\x9e\
\x09\x1f\x8c\xd2\x1b\x99Z]]\xfd\xe50\xc9>\xbd\xd1\
\x10\x0b9\xb1\xa0\x93\x9ad\xa4j)\x8e\xf0\xbf\xfb\x1b\
\xa9\xc9\x90\xc4Nc,n\xa4\xc3\x06\xb6\x09\xdb\xe9\xd7\
v\xea4\xc6\xeb/\xcd_:\x93\x9a\x1b\xd2\xe0\x8f?\
\xbd[\xe75\xde\x96:\xf9M\x93<\xf1p\x8a\x9d\xfe\
>>\xefNi\x8a\x16\x0a\x06\x1b\x1d\xe5f\x85\x95f\
\x83znr*\xa5\x04\xb6I\x89\x8a=\x13\x19\xf1\xf6\
\xb8\xdc\x8dNzXW\xef\x08\xcb\xf2\xa5\x9d\xfe..\
\xebN\xa7\xefM\x8f\xd1\xd2z\x8e\xcf\x93\xae\x1a\xa8\xf8\
\xfa_|\xf1\xc5\xfbRs\x8b\xf8\xfa\xdb)\xd2\x84\xc9\
O\x87K\xd3\xfd%\xac\xff\xcf\x85\x89\xf4\x06\x00\xd5\x11\
>\x1c\x9db3C\xe1\xcb\xe63aR\x89_\xbc7\
\x8b\xcb\x9cN\x89Kf\xaa\xb4O\x87\xe5,\xd2\xfbr\
\x16\xa7\x89M\xa7\xe1\x5c?5\xea^\x97x\xea\xd4t\
\xff\xa6\xd2m\xbbv>\xe3c\xd4\xef\xbd]\xb3\xd3\xc4\
\xc6v\xb8\xbc\xf7\xd2\xa5K\x7f\x1a\xef\xb3\x87NN\xf7\
\xf9J\xed\xd2\xa5\xbf\x09\x93x{\xd3\xe7N\xaf\xab\xa9\
\xa5\xa5\xa5\x0f\xa6\xbb7\x15\xee\xb2\xe3\xf3F\xe9\xb1w\
|\xee\xf4\xda\xb6\xd9\xed\x14\xa3\xe1\xe6\xa9\x9d\xfe.\xda\
m=/,,\xfca\xbc\xcfN\x06qj\xd3\xf04\
S\xbbm\xef\xf0\x1a\xe3\xe9^\xb7\xad\xb3(^\x17o\
\xdb\xed\xef\xd3\xe9\x7f\xb7\xfdm3\xe1~;m?\xa7\
\x89\x05\x06b$M\xa1+\xe1s'\xa67>\xef\xf0\
\x94\xfc\x84\xce\xe0\xcf\x1d9r\xa4\xe9\xaf[\xb9\x0b\xfb\
u\xec\x90=\x5co\x91\x93x\x08\xd2\xe4\xe4\xe4\x87G\
2?\xec*\xbe7\x87e\xbd;,\xeb\xfb\xd3U\xc3\
t{X\xdf\x8f\xa4\xf9R\x88\x9d\xac8\xf6Dj\xf6\
\xc3\x1da\x9d<\x94\xe6\x9b\x0a\xdbpjmm\xed\xf1\
\x9d\xc6\xe2\x88\x87'<\xf5\xd4S\xff\xfe\x9ak\xaey\
6\xb6\xc7\xc7\xc7\xffI\x1bcA\xec\xf8\xfc\xf1yw\
K\x9eD\xf10\x96\xcd\xa7*\x8d\x87\xce\xa4tIS\
\xf1p\x9cx*\xd9\x98:HWm\x13\x9fws\x02\
c'\x8b\x8b\x8b_o\x8c\xf1\xf1\xf2\xcb/\xbf!|\
N\xbdm\xa7\xe5\x8e\xeb(\xac\xbf\x9b\xf7x\xde\xd8\x01\
\x7f\xb0\xde\xda\xee\xea\xf5\xfc\xc67\xbe\xf1\x1f5\x1b\xa7\
\xe2j\xe7\xce\x9d{\xf8\xe6\x9bo\xee\xfb\xa9q\xe3z\
\x0b\xeb\xe4\x0b\xbb\xad\xff\xf5e\xb8\xf0\xd4W\xaey\xf5\
5\xebg\x8e\xd9k\xbdm\xb2\xe7~\xda\xb0\xcbzl\
\xf91\xa2f\xff{\x83Z\x97\x00\x10?\xd0\xa472\
T\xd5\xf4FC\x5cv)\x8e\xac\x95.Q\xd0\x89\xb8\
\x9c\xf5\xc5\x1d\xba,\x12\x1c=tO\xb8\xb4\xf4\xabx\
L=\xd4\xff\xa4\xe7v\xfdU=\xdc>\xb5WB\xa1\
M-\xfd\x8a\x1f\xee7\xb5[\x0a\xa4\x03{>o\xb8\
O\xaf\x9fs\xdd S\x07\xe1\xe9vM\xa2\xb4\xeb\xb9\
\xe7\x9e{>L\x9a&?v\x92\xee\xdfLK\xdb\xbe\
A\x82\x03\xe8\x9418\xe8Z\xf8\xcc1\xf6F\xa6\xc2\
\xb6\xbdw\xa4:\x03\x8bn\x13\x97\xddX\x1c\xf9\x9a\x9f\
\x9f\x7f{|\xffJ\xcd\x9c\x194\xb7@\xd2\x80\x96w\
\x84\xcbo\xef\x96(\xd8\xec\xd0\xa1C\x9f\xb9\xb2\xb6\xf6\
\xeb\xa9\xd9\x964Xh\xd3q\x15v:mmC|\
}\x87\x0f\x1f\xbe3\x8d\xbf\xd0\xb1\xf4\x1a\xe22\xb74\
\x86C|\xde\xfd\xa3\xa3\xbf\xda\xe927\xb4\xf3\xbc\xdd\
>gL\x944\x1b\xact\x90\xe22\x8cOL\xbcs\
yi\xe9w\xd3U\x1d\x8b\xcb\x92R/\x0f\xc5\xc7M\
W\x03\x14\x9e\x02\x07\xbd\xe0\xcc)\x19\x8ag_\x88g\
aH\xcd*\xd39\xccT:l\xe3D\xbd\x95\xaf\xd0\
9Q\xa8+\x80Fa#v@\xdb\xed4\xc6\xfb\xc6\
\xcew\x98\xbd\xa3\xd9\xd9Mv\x12\x0b\x13\x07\x0f\x1e\xfc\
\xde0\xdb\xb4P\xfd\xec\xb3\xcf\xfdX\x9a\xddQ|\xee\
X\xe4\x08\xb3w\xc4N|\xfd\xda\xd65^C7\xcb\
\xbc\xd3\xc0\xa3\xbb\x89\x9d\xfcv\x9fw\xf3s\xc6\xc3i\
\xea\xd7\xee->WXG?\xb2\xb2\xbaz.]5\
4q\x19\x0e\x8d\x8d\xc5\xd3\xf9v\xb4\xde\xd26n\xec\
\xa7\x0a\x1b@\xe9\x18\x83\x83\xae\xc4_?\xe7\xe6\xe6\xfe\
\xfc\xe8\xd1\xa3-\xc7\x17)\x87*\x8f\xbdq\xb5\xb8\x9f\
\x87N\xc5\x13\xe1\xcb\xf2h\xba\x8aL\x18\x8bc\xa0J\
7\x06\xc7\xa7>\xf9\xc9\x1f\xfe\x81\xb7\xbd\xed\x9f\xa7f\
\xdbn\xba\xe9\xa6?I\xb3\xd1\xa9^t\x18\xc3\xb6\x8c\
\x9f\xb7'\xcf\x9e={k\xb3\xf1\x13b\xc7\xfc\x1b\xcf\
?\xff\xe9\xa3\xd7]\xf7dh\xae?g\xfc\x9b\xb9\x8b\
\x17\xef\x5c\xbbr\xe5\xfa\xfa\xbd\xea\xfe\xe2K_\xfa\xd7\
?\xf3\xb3?\xfb\xefSsO\x8d\xe7>\x7f\xfe\xfc[\
_|\xe1\xc5\xb7^?u\xfd\xb1\xab\xc7\x06\x89\x05\x98\
K\x97.}ibb\xe2\x8b\x87\x0e\x1dZ\x0eWu\
\xbd\xdc\x8d\xe7\x8d\x89\x93g\x9f}\xee\x07\xc3\xf3\xbe\xa5\
\xdf\xcf\xbby=_\x7f\xfd\xf5?\xbc\xf9\xf9\x1acY\
\xbc\xe1\x0d\xdf\xfe\xe7\x9b\xd7\xf3\xe7O}\xfe\x96\xa3\xd7\
\x1d\xfdo\xea\xf7\xaa\x9b\xbb8\xf7+?v\xf2\xc7\x86\
\x92\xec\xb8z\xbd\x1d\x99<\xf2\xe6\xab\xf7\x97\xb4,O\
\xbc\xe6\xb5\xaf\xf9r:Mo\xd7\xeb-\xec\x1fw\xbf\
\xf4\xd2KoHW\xad\x0b\xff\x0b\x1fl\xe7q\x9b\xfd\
\xef\x0ds]\x02\xe5\xa1\xc0AW\xc2\x97\x89;\xc3\x97\
\x89\xdfLM2\x11\xd3\x1b\xe3\xe3\xe3\xb7\x84/#\x95\
=<\xe5j\xf6\xf5\xac\x95\xae\xe3\xdd\x89\xd0\xf1\x18\xf6\
\xa0\xb9\x95X\xcf\x83\xd4\xe8\xc0\xd6[\x1b\xba.(\xb4\
jX\xcf?\xe8\xe7m\xf2|\x03[\xc7\xbd4\xec\xfd\
\x05`\x10\x148\xe8X\xf8\xa0\x9c\x0c\x1d\xe1\xc7BG\
\xf8\xdat\x15\x99\x90\xde\xd8\xce\xfe\x9e\xaf*\xa58f\
gg?5==}u\x07gP\x148\x00\x80\xbe\
2\x06\x07\x1d\x0b\x9d\xe0[u\xf6\xf2\x13:@g\x8d\
\xbd\xb1]\xec\xfc\x86\x0eb\xd3\x81\xfa(\xb7*\x8d\xc5\
1==\xfd\x89\xd4\x04\x00\xc8\x8e\x02\x07\x1d\x89\xbf\x04\
\x86/\xcb:{\x19\x0a\x1d\xa0\xfbr\xff%\xbbS\xb1\
\xf0\x13\x0f\xdfIM22_\xa13\xaa\xcc\xce\xce\xb6\
t&\x0b\x00\x80\xb2Q\xe0\xa0#\xd2\x1by\x8a\xe9\x8d\
09]oq5)\x8e|Iq\x00\x00\x94\x9f\x02\
\x07m\x93\xde\xc8\x97\xf4\xc6\xde\xa48\xf2u\xe1\xc2\x85\
[\xa58\x00\x00\xcaK\x81\x83\xb6Io\xe4Iz\xa3\
5R\x1c\xf9\x9a\x9a\x9azW\x98Hq\x00\x00\x94\x94\
\x02\x07m\x91\xde\xc8\x97\xf4F\xebb\x8acnn\xce\
i\xf524;;\xfb\x9e\x0a\xa58bQ\x13\x00 \
\x1b\x0a\x1c\xb4Ez#O\xd2\x1b\xed\x89\x85\xa0\xa3G\
\x8f~ 5\xc9\xc8t\xfd\x14\xaaUIq\xdc\x97\x9a\
\x00\x00YP\xe0\xa0e\xd2\x1b\xf9\x92\xde\xe8\x88_\xc0\
3%\xc5\x01\x00PN\x0a\x1c\xb4Lz#O\xa1\x83\
\x13\x07\x1b\x94\xdeh\x93_\xc0\xf3%\xc5\x01\x00PN\
\x0a\x1c\xb4$\xfe\x9a\xf9\xda\xd7\xbe\xf6#\xa9IFB\
\x07\xe7\x13\xd2\x1b\x1d\xf3\x0bx\xa6\xa48\x00\x00\xcaG\
\x81\x83=\xc5/\xf9\xf3\xf3\xf3w\x1f<xp4]\
E&\xa47\xba\xe3\x17\xf0|Iq\x00\x00\x94\x8f\x02\
\x07\xad8199\xf9\xfe4OF\xa47z\xc2/\
\xe0\x99\xaaR\x8a\xc3Y\x81\x00\x80\x1c(p\xb0\xab\x94\
\xdex{j\x92\x11\xe9\x8d\xde\xf0\x0bx\xbe\xaa\x94\xe2\
\xd8\xb7o\xdf\xc7S\x13\x00\xa0\xb4\x148\xd8\x8b\xf4F\
\xa6\xa47z\xea\xf4\xcc\xcc\xcc_\xa4y2R\x95\x14\
\xc7\xc4\xc4\xc4\xa3\x0b\x0b\x0b\x97S\x13\x00\xa0\x94\x148\
\xd8\x91\xf4F\xbe\xa47z+\x16\x8an\xb8\xe1\x86\x7f\
\x95\x9ad\xa4J)\x8e\xf0\x9e\xef4\xe0\x00@\xa9)\
p\xb0\x1b\xe9\x8dLIo\xf4E\x1c\x8b#\x16\x8e\xc8\
L\xd8\xae\xf7Hq\x00\x00\x14\x9f\x02\x07MIo\xe4\
+l\xd7\x07\xc2Dz\xa3\xc7b\xc1(\x16\x8eR\x93\
\x8c\x84\xedz<L\xa48\x00\x00\x0aN\x81\x83\x9dH\
od*l\xd7/Jo\xf4\x8d\x14G\xa6\xa48\x00\
\x00\x8aO\x81\x83m\xa47\xf2%\xbd\xd1_R\x1c\xf9\
\xaaR\x8acuu\xf57R\x13\x00\xa0T\x148h\
Fz#S\xd2\x1b\x03!\xc5\x91\xa9\xaa\xa48\x8e\x1d\
;v.\xcd\x02\x00\x94\xcaH\x9a\xc2\xba\x94\xde\xb8[\
\x81#?1\xbd\x11\xb6\xeb\x87\x158\xfa/\xfc\x1f\xdd\
\x16&\x0f\xd7[d\xe6\xf6\xf0?\xf4H\x9a\xcfR\x1f\
?\x07\xb2_w\xf4N\xd8\x0f\xa7\xc2\xe4\xe4\xf2\xf2\xf2\
\xa1\xc5\xc5\xc5\xef{\xe5\xe5W\xbe\xaf~K\xdd\xc85\
#\x7f=\xba\x7f\xffSG\xaf\xbb\xee\xc9t\xd5\xa9\xb0\
\x7f]H\xf3\xf4Hc;\xd4[[X\xdf\x99\xb1\xad\
\x81,\xc5\x8eY\xb8\x90\xa7\xd8\xe9f\x00\xc2\xba\x9e\x9c\
\x9d\x9d\xfd7\xf5\xd5NNfff\xce\x84I\xf6)\
\x8e\xb0\x8c\xfd\xf8,\xf0\x1e\xc4\x9e\xc2~2\x15.\xef\
]XX\xf8\xda\xfa^\xd3\xa2\xda\xa5K\x7f\xf3\xf9S\
\x9f\xbf%=\x0c=\x12V\xed{\xebkx\x9b\xf7\xa6\
\xbb\x90\x89\xb8M\xeb\x9bv\x1b\xdb\x9aRq\x88\x0a\x1b\
\xc2\x1bX\xec\x94\xbd'5\xc9\x88\xb17\x06kdd\
d~jj\xea\xd1\xd4$#U\x19\x8b#8\x9d\xde\
7hA\xf8\xfc\x5c\xef\x94_u\x89\xbf\x86VF\x5c\
\xde\xc7\x1f\x7f\xfc3g\xcf\x9c}\xe2\xccW\xcf\xfc\xf5\
\xc5\xa7\x9e\xfaX\xbb\xeb \xde\xff\xca\xda\xda/\x85\xd9\
\x07\x0f\x1f>\xfc]\xf5k[3>1q\xcb\xe4w\
N\xfeJj\x16V\x5c\xc6\xb8n\xe2z\x8a\x97'\x9f\
|\xf2\xc1\xaa\xed+\xad\x88\xeb$\x5c*\xfd?U&\
q\xdb\xd8\xaf\x81\xc2\x09oD\xd2\x1b\x19Z^^~\
.L\xb2\xff\xc5\xb9h\xe2:\x7f\xfa\xe9\xa7\xef_\xdf\
\x08dE\x8a\xa3c\xd9&8\xc2\xb2\xc5\xce\xd7\x16\xe1\
\xbdw%L*\xf1\x05?.gZ\xde-b\x87'\
\xddeO\xe1\xeeSk\xcf=\xf7k\xf5\xbf\xec\xcc\xd2\
\xd2\xd2\x07\xd3\xc3\x15Rx\x89S\x97.]\xfa\xd3\xfa\
\xab\xfd\x96\x98>\x09\x93B\xee+\xe1um\xdb\xb7\x93\
\xbe\xfe\xaa\x7f\xe6\xabgN\xa7\xe7\xd9\x10\xafK7\xd3\
\x07a\x15w\xb4\xad\xc3\xed\xa5\xdb\xaf\xc9\x9b\x04\x07\xeb\
\xc2\x1b\x90\xf4F\xa6^x\xe1\x85\xbbb\xa2 5\x19\
\x90\xb8\xce\xe3\xa0\xae\xa9IFb\x8a\xa3V\xab\xdd\x9a\
\x9a9\x93\xe2hA\xfc\x02\xbfP\xab\xdd\x99\x9a\x1b\x0e\
\x1e<x t\xfa\xdf\x95\x9a\xb9;\x19\x977\xcdo\
\xd8?:\xda\xce\xaf\xee'\xc3\xfd\x7f>\xcd7\xb5\xb2\
\xb2\xb2\xfa\xf8\xd9\xc7\xff6N\xd3U[\x1c:th\
9\xcd\x16\xd5\xc9\x89\x89\x89\x1fJ\xf3\x1bb\xfa$L\
\x9a\x8d}PY\xe13\xf4\x8divC\xb3\xeb(\x04\
\xfb5\x85\xa2\xc0A\xc3\x89\xf0\xa5\xdd\x9bPf\x16\x16\
\x16.\x87\x0f\x1d\x87J\x0c\x8f\x0eb\xa6\xc2\x17\xed{\
ca85\xb3\xa4H\xd7\xb2\x93\xe9\x8b\xfc6a\x1f\
\xf9\x856:\xf8C\x11^\xdf\x0d\xe1\xf2\xf3M.7\
\xa4\xbbt,\x15=\xf6\xfcn\x11\x9ek\xaaV\xab\xbd\
;5\xb7H\xc5\x8c;\xe2%<\xde\xf7\x1e\x7f\xf3\xf1\
cq\xda\xb8nyy\xf9\xae\xb3g\xce\xfe\x87X\xf8\
\x08mg\xb0b\xe8\xe2\xfe\x1c.\xb1\xb8\xb7\xf9\x22\xc9\
\x000(\xe1Mwrff\xe6\x8f\xc3\x94\xcc\x5c\xba\
ti\xdb\xaf\x8a\x0cV\xd8\x0c\x0e\xfd\xcaT\x15\xfe\xbf\
\xc2b\xf6\xf2\xf3!\xcbCT\xe2a\x11i\xf9vR\
\xe8\x01\xfa\xc2\xeb\x8b\xc5\x8cfvMSl\x16\xee\x1b\
;p\xdb\xa4\x81B\xf7\xec\xd8\x85\xfb4\xfd\xfb\xdc\x0e\
\xf3\x89\xcb\xd2\xecP\x9e\xa4\x90\xfbI|]\xf5\x97\xb7\
M__o\x1c\xc7!=\xcf\x86x]\xba\xb9\xd0\xe2\
X4\xe9%o(\xc3k\x0f/\xb3\xa3m\x1dn/\
\xdd~M\xde$8\x88\xa472$\xbdQ\x18R\x1c\
\x99\xaaJ\x8a#|>|\x225\xb9J\xd8\xfe\xf1\x97\
\xda_H\xcd\xa6\xce\x9f?\xff\xd64\x9b\xb3S\x8b\x8b\
\x8b\x9fK\xf3\xeb\xd6\xd6\xd6\xbeq\xf8\xf0\xe1\x1f\x09\xfb\
P\xc7\xa7\x97\x0c\xeb\xf6#\xdd\xfc}\xd1\xc4e\x89\xcb\
\x94\x9a\x1b\xae\xac\xad\xfdz\x98H\x9fPJ\xf6k\x8a\
F\x81\xa3\xe2\xc2\x1b\x92\xb172\x15\xb6\xed\xbd\xb1s\
\x92\x9a\x0cI\xdc\x06b\xfey\x1a\x1f\x1f\xbf\xb6*c\
q\x84\xcf\x09_R\x9b;966v$\xcd75\
11\xf1S\xe1\xfd8\xebxz\xec\xe0\x1c>|8\
&\x9a\xd6\x0f\x1b\x89\x97\xd1\xd1\xd1\x9b\xe3\xf5\xf1\xf6\xbd\
\xcc]\xbc\xf8\xa64\xbbE\x09\xc6\xd4h[X\xa6\xcf\
\x84\xc9\xc6z\x8a\x97\xfd\xa3\xa3\xbf\xda\xea\xba\x82\x22\xb2\
_S$\x0a\x1cHodHz\xa3pN\xaf\xae\xae\
\xfer\x9a'#\xe1\xcb\x9b\x14GE\xc5\xa2\xc5\xe2\xe2\
\xe2;SsG\xa1\xa3\xff\xba0\xc9\xfes6vd\
\xc2\xe5\xa1M\x97\x96;6kW\xae\x5c\x9ff\xb3\xd7\
d=\xb5\xb5\xae\xa0\x88\xe2>|\xd5>m\xbffh\
\x148*Lz#_\xd2\x1b\xc5\x12\xb7\xc5\x81\x03\x07\
~+\x16\x9e\xd2UdB\x8a\xa3\xd2N\x1e>|\xf8\
\x1di~\xc3\xd2\xd2\xd2\x17\xd2\xec\x86\xc5\xc5\xc5\xbbr\
Oq\xf4Z\x1a\x5c\xd4>\x07@[\x148\xaaMz\
#C\xd2\x1b\xc5\x14\x8b\x1c\xb1\xf0\x94\x9ad$l[\
)\x0e6\x8c\x8d\x8d\xfde\x9a\xddp\xf8\xf0\xe1\xef\x0a\
\x93\xbe\x7f\xde\xc6\x22J\xb8\xc4\x81\x027_\x14V:\
\x14\xd7\xddU\xeb\xb2\xb0\xeb3\xbe\xae\xab^g\xa1_\
o\x11\xc4us\xd5\xba\xea\xdb\xfa\x9a82q\xb8\xd7\
\x8f\x1d\x1fo\xd3\xeb\xee\xeb\xeb\x1f\x96\xb8<\xc3\x5c\xbe\
&\xcf?\xb0\xd7\x10\x9f\xe7\xaa\xe7\xed\xfbs\xc7\xc7\xbf\
\xea\xf9\x06\xf1\x9c\xcd\xce\xe4\xd5\xd5Y\xbcF\xd2\x94\x8a\
\x09;NLo|J\x81#K\xb7\x87\xce\xc8#i\
\x9e\x02\x89\xffw\x0b\x0b\x0b\x8f\xc5_\xfd\xd3Ud\xa2\
V\xab\xfd\xdc\x91#G\xeeO\xcd,\xa5\xcf\x8d\xcf\x87\
\xcf\x8d\xe3\xe9\xaave\xf3\xde\x14\xd6E<<\xe5\x0b\
\xa9p\xb1!\xec\x07\x7f611q\xd7\xd2\xd2\xd2\xff\
|\xf5\xd8\x1cs\x17/~\xfc\xba\xeb\xaf\xff@j\xb6\
\xed\xf3\xa7>\x7f\xcb\xd1\xeb\x8e\xfe7\xa9\xb9n\xee\xe2\
\xdc\xaf\xfc\xd8\xc9\x1f{,\xbe\x9e\xd0<\x19\x93\x22W\
\xbf\xa6\xcd\xcf\x1b\xeew\xc3\xd7\xce\x7f\xed_\xad\xdf\x90\
\x1c8p\xe0\xe8\xd8\xb5c\xdf\x9f\x9a\x1b\x96./\xfd\
\xd5\xea\xea\xea\x5cj\xae\x9b{z\xee\xbf\xfb\xe1\x1f\xfe\
\xe1\xbfJ\xcd\x0d\xf1\xf9\xcf\x9f?\x7f\xf7K/\xbd\xf4\
\x86t\xd5\xba\xc6\xebK\xcdu\xcd\xee\xfb\xc67\xbe\xf1\
\x1f5\x1b\xcb$\xae\xcf\xf0\x1a\xb6\xa4\x11\xaf~\xcc\xf8\
x\xe7\xce\x9d\xfbhj\xae\xdb\xb7o\xdf\xb37\xdex\
\xe3\x87\xc3\xfe\xd6vD\xbe\xb1.\xc3c\xfehx\xaf\
\xfe'\xe9T\xb7\x1b\xe2\xe0\xa9O]x\xea+\xa1\xc3\
\xfa\x07i\x8c\x90S\xed<\xcf\xa7>\xf9\xc9\x1f\xfe\x81\
\xb7\xbd\xed\x9f\xa7\xe6\xba\xbf\xf8\xd2\x97\xfe\xf5\xcf\xfc\xec\
\xcf\xfe\xfb\xd4l\xd9^\xaf5\x0a\xfb\xe2\xa5\x95\x95\x95\
?\x0c\xeb\xe3\xcb\xa1\xd9\xd6k\x8d\xc2s\xc4\xb3`<\
XomqGx\xac\x87\xd2|\xcf\xc5\xb3\x8e\xdc|\
\xfc\xe6\xefI\xcdu\xf1T\xc0\xf14\xc1\xa9\xd9T\xb3\
\xfdk\xf3\xfe\xd0Xgq\xdc\x97\xd7\xbd\xfe\xf5?u\
\xf5~w\xd5\xf6\xfd\xcc^\xeb\xab\xd9\xf6lu\x7fn\
w?m\xbc\xf6\xe5\xe5\xe5C\xb5K\xb5\x1f\xbf~\xea\
\xfa\xb7\xa4C\xe06\xc4\xed\xfd\x8d\xe7\x9f\xff\xf4\xd1\xeb\
\xae{24\xdb\xda\xde\xddl\xeb^\xef\xd7a\x19\xdf\
\xd5l\x19w\xda>\xcd\xde\x1fo\xba\xe9\xa6\x0f\xb6\xb3\
\xfc\x0d\x8d\xf5|\xf6\xec\xd9[\xc3\xe7\xfa\xdb\xae\xfe\xbf\
\x8a\xe9\xb2\xb0\x9e\x7f\xaf\x93\xff\xa9\xf8\xd8\x83\xdc?[\
\xd1x\xce~\xbd\xe75\x13\x9e3\x160~<|\xa7\
\xf8\xfe\xf0\x99\xf5\xff|}\xb0~C\xf2|0\xff\xf4\
\xfc\xff~\xe3\x9bn\xfc\xfd\xd0\xfc\x83\xf0|3\xf5[\
`\x17a\xc7r\xea\xca\x0c\xcd\xcc\xcc\x9c\x09\x93\xac\x7f\
I.\xbbxj\xd1\xfa\xd6\x22'\xe1\x8b\xeb3a\x92\
\xfd\xff^X\xc6n>;\xb29MlX\x96\xf8\xab\
V3\xeb\xa7D\xbc\xf8\xd4S\x1fK\xed\x0d\xdd\x9e\xf2\
\xb4\xd9\xa9'\xd3uS\xb5K\x97\xfe\xa6~\xcdv\xf1\
>\xe9!\xe2\xeb\xde\xe9\x94\xb0-9\xff\xe4\xf9\xf8e\
s\x9bpS\xd3\xf5\xb1\xf9\xb9\x1b\xc2\xd5;\xad\xbb\x96\
\x5c\xfd\x98\xe1\xaa]\xb7E\xab\xc2\xfd\xa7B\xa7\xe5\x83\
\xbb\x9c\xee\xb2\xa9\xa5\xcb\x97?\x1d&-o\xd7^\x9c\
\xfe4\xfcIG\xafu\xa1~\xda\xde\xb6~\x91M\xf7\
o\xa6\xaf\xa7\xff\xect=\x85\xbb\xed\xf8z\xc3e*\
m\xaf\x96\xa4\xf5\xbb\xeb\xfaj\xf6:\xdb\xd4\xd2z\x0c\
\xf7\x9bZ{\xee\xb9_\xab\xffIk\xc2\xf7\x8d?\x0d\
\x93\x81l\xeb^\xee\xd7\xcf=\xf7\xdc\xf3\xf5G\xd8]\
\xbc_\xbc\x7f\x98\x9d:\xf3\xd53\xa7\xeb\xd7n\xd1\xf6\
{@\xfc\x9bv\xfe\xaf\xda\xfd\x9fJ\xf7m\xa6/\xfb\
\xe7n\xe2\xdf\x0d\xe2=o\xb3\xf0w\xebi\x8d\xf0\xbc\
-\xff\xdf\x5c\x09VWW\xef\x0b\xb3-\xa7:\x1c\xa2\
RAa\x07\x89\xbf\xc2\xdd\x93\x9addzz\xfa\xbe\
\x11co\x14Z<|\xc8X\x1c\xf9\xa9\xd8X\x1cg\
\xd3|e5;\xebG\xfc\x95+L\xd6\xc7\x8cH\xbf\
\x9en\x91~\x15\xebij\xf2\xc0\x81\x03\x931I2\
>1qK\xba\x8a\x0e\x84\xefES\xe1\xff\xf7w\x0e\
\x1d:\xf4\x91f)\x88\xdd\x1c\x1a\x1b\xfb\xc9\xb8\x0d\xe2\
c\xa4\xab\xfa\xaa\x9b\xd7\x9a\xd2=\x0f^Y[\xfb\xa5\
A\xbd\xde\x02\xf9\x8e\xb8\x9d\xe2\xf6J\xed=\xa5\xf5\x1b\
\x13\x0dCM;\xc7m\x15_\xfb\xfe\xd1\xd1\x9fOW\
\xb5$|\xdf\xf8\xa1\xf0\xbe\xf4x\xf8\xfb\x8e;\xc1\x83\
\x92\x96\xf1\xfe\xb8__\x9dJ\xd9I\xbc_\xbc\x7f\xfc\
\xbb#\x93G\xde\x9c\xae\xeeH\xe3\xf9\xc3\xec\x83\xed\xfc\
_\xf5\xf0\x7fj\xa0\xfbg|\xad\x83~\xcf\x0b\xf7\xbf\
\xe1\xca\x95+\xff\xdf0\xfbk\xe1y\xb7\xa4\xb3v\x13\
\xd3\x1d\xdf\xf1\x1d\xdf\xf1\xa1\xa5\xa5\xa5\xff!>F\xba\
zW\x0a\x1c\xd5\x14\xc7\xde\xe84bLA\xa5N\xc7\
\xe9z\x8b\xa2\x8a\x05\xa8\xf0\x06m,\x8e\x0c\xbd\xf6\xb5\
\xaf\xfdH\xd8\xb6U\x18\x8b\xe3\xbe\xd4\xac\xa4\xf8\xa5.\
t4\xb6\xfd2\xb8\xba\xb2\xf2\x9b\x9bb\xbb\xa7\xc2\x17\
\xc0\xaf\xa7\xf9\x0d\xe1\x0b\xe5\xbb\xe3\xdf\xa7f\xd7b\x07\
\xe6\xeaCRhO\xdc\x1e\xf1\xcbz\x5c\x97\xe9\xaa\xb6\
\xc5m\x90:\x92}\xedD\xf6\xe2\xb5F\xa9\xa3\x5c\xa9\
C\x94WWW\x7f\xb1\xd3\xff\x95\xb0mcrb(\
\x05\x82\xf8\xbc\xa1c\xf7\xa5N_{*\x16\x0c\xbdH\
\xb3\x9b\xb4_\xdf\x1f\x96q\xdb\xa0\xcd\xad\x88\x7f\xd7n\
'}\xb3\xf8\xfc\xb1\xb3\xdf\xe9\xf3G\xf1\x7f\xaa\x9b\x22\
\xc7 \xf7\xcf\xb4\xbe\x07\xfa\x9e\x17\xeewCX\xc6_\
\xdd\xbf\x7f\xff\xcf\xa4\xab\xda666\xf6#\xad\x169\
\x148*&\xec\x14\xd2\x1b\x99\x92\xde(\x8f\xf0\xa1\x22\
\xc5\x91\xa1\xf0\x05kt~~\xfe\xee\xf8>\x9b\xae\xca\
U\xd5S\x1c'\x9b}\x99\xde\x9c\xda\x88\x85\x8e}\xfb\
\xf6m;\x96=}\xa1,m\xc7\xf2\xd5\xfb^\xfdw\
i\xb6\x1b\xa7\xc2\x17\xe3\x98v\xe9H<^=\xcdv\
-~9O\x1d\x9b\x1d;\x16\xe1\x0b\xf5\xa5s\xe7\xce\
=\x1c/\xcd\x8aV\x0d\xb1#\x19;\x0d\xf11\xd3U\
=\x15\x1fw\xa1V\xfb\xecn\xaf5\xbe\xbe\xc6k=\
{\xf6\xec\xff\xba\xdbz^YY\x89\x87Q\x0d\xa5\xd3\
>\x0c1\xed\x94f7l^_{m\xdb\xb9\x8b\x17\
\xefL\xcd-\xc2:|&\xcd\xb6-m\x9f\x1d\xcf\x14\
\x14\xb7O\xdc\xa7\x9a\x8d\xe7\x11\xc5\xbf\x8f\xdb\xb9\xb1\x0c\
e\xdd\xde\xcb\xcb\xcb\xef\xda\xad\xb8p\xf5r\xa63,\
\xf5DZ\xc7\xf7\xef\xd6\xd9\xdf\xbc\x9f\xc4\xf7\x83t\xf5\
6\xdd\x14\x0e\xfb\xb5\x7f^-.\xef\xa0\xdf\xf3\xc2\xed\
\xeb\xc9\x8d\xb0\x8c\xff4]\xb5\xcd\xb3\xcf>\xbb\xf4\xb5\
\xf3_\xfbl\xbc\xac,\xaf<\x9d\xae\xde&\x169\xe2\
c\xc5\xc7LW\xc1\xfaNf\xec\x8d\x0c\x19{\xa3|\
\x8c\xc5\x91\xb5l\xc6\x9a\xd8I\x5c\xc6\xfa\xa2\xb6\xa5\xf4\
\xeb%,\xc3T:\xae}\x8bt\x1c\xf6\x96/y\xa1\
\xdd\xf4X\xeb\xf0\xe5\xf1\x83\xe9.mi6\x06\xc7\xd5\
\xe2X\x1c\xf1\xf1\xc3l|\xee\xf7\xc6\xf98\xf8^z\
\x88\xf5/\x9a\xe1r\xf5h\xf5\xdb\xc6\x0bI\xe2\xf5W\
\xdf\xb7\xe9\x97\xcap}\xd3em6\x06G\x14n\xda\
2R\x7f\xb3u\xba\xe9\xf8\xf2\xab/-\xad\xe7`\xcf\
\xe3\xef\xd3\xbaj*l\xd3?\x0c\x93-\xcf\x17\xe7\xe3\
u\xbb\x8d\x85\xb0\xd7\xf6\xedt\xac\x82\xdd^k:&\
\xbe\xd9\xba\xd9u\xdc\x86\xbd^k\x14\xee\xd6\xf1\xfa\xed\
F\xa7\xeb)\xdcm\xa7\xd7\xbb!\xad\x93\xa6\xdb6m\
\xf7m\xd2\xb8\x10[\xd6o\x14\xaf\x0b\x97\xf8X\x1b\x97\
6\xf6\xe7m\x8f\xd7\x10o\xdb\xe3\xb5l\xfb\xfb\xd8\x8e\
\xd7\xef4\xa6\xc2^c'\x84\xdb\xe2c6\xd3\xb71\
8\xc2\xdd\xa6v\x1bs#m\xab\xa6\xcb\xd9l=_\
\xa5\xab\xf7\x80\xdd\xf6\x93\x9d\xc6=j\xf6Y\xb0Y\xb8\
m\xa7u\xbc\xa1\x97\xfb\xe7\xd5\x86\xf1\x9e\x17\xee\x12?\
;\x9a\xba|\xf9\xf2\x9f\x84\xc9\x96\xcf\x968\x1f\xafK\
\xb7\xed\xa4\xad\xc3\xb5\xc8X\xd8\x19&SG\x98\xfcd\
\xdf\xa1\xcaM\xd8f\xfe\x1f3\xf5\xf4\xd3O\xdf\x1f&\
Y\x17\x1c\xe3\xf2]\xbcxqv}\x81[\x97C\x81\
\xa3\xe9\x97\xd3f_\xf0\xc2\xd5M\x07\xff\xdc\xeb\x0b\xf0\
Nv+p\xa4/\xfa[\xbe\x98\xb6*\xfc\xcdN_\
>[\xfe\x02\x19\xee\xdbt\xbd\xecT\xe0\xb8Z\xb3e\
k\xa5s\x14\x85\xbb6}\xee`\xd7\xceM\xb8=\x9e\
\xa9\xa1iG\xb0Y\xa7j\xb3x[\xb8\xdc\x13\xef{\
\xb5\xbd:\x1a\x9dt\x04\xc3]bg7\xee7\xcd\xc4\
\xd7\xb1\xebk\xdd\xa9s\xd2\xca\xbe\x18n\xefh\xfdv\
\xab\x8b\x0e\xf3N\xaf\xb7a\xcf\xf5\xb5\xcb\xa0\xbd--\
s7\xfbsC\xf8\x93\xa6\xcb\x11:}\xf10\xd7\xbd\
\xb6\xd9\x8e\xfbv\xb0\xe32\xc4\xdb\xeaw\xd9f\xcf\xe5\
\xeet{5\x1b\x909\xda\xa9\x88\xb3Y\xbcm\xa7\x0e\
\x7f\xb2\xe7{\xc0.\xc5\x95=\xf7\x93]\x0a,\x9d\xac\
\xe3\x86\xbe\xed\x9f\xe1\xf6\x81\xbf\xe7\x85\xebo\x08\x9f\x8f\
\xdb\xf6\x8dhmm\xed\x93a\xb2c\x12#\xde\x96\xee\
\xb3\xcd\xca\xca\xca\xa3a\xb2\xe3\xdf:D\xa5Z\x8c\xbd\
\x91\xa1\xd0I\xfe\x8b01\xf6F\xc9\x18\xcb _\x93\
\x93\x93\xef\x0f\x93\x13\xf5V\x9e\xe2\xfe\xbbo\xdf\xbe\x8f\
\xa7fe\x84/\x87\x87\xd2\xec\x16\x87\xea\xa7\xce\xdb\x22\
\x1e\xa62>1\xb1\xed\xd4\xc1)\x1a\xdc\xb3\xc3T\x16\
j\xb5\xc7&&&\xde\x1d\x9e\xef\xa1\xf8\x9c\xe9j\xf6\
\x10\xb6\xe5\xbb\x9a\x1dj\xb4\xbc\xb4\xf4\xbb\xfbGG\x7f\
u\xb7u\x99n\xfb\xed+kk\xbf^\xbf\xe6[\xd2\
\x98\x07\xbd>\x0c\xe9d\xb3H\xf9\xe2\xe2\xe2\xe7\xc2\xe4\
\xb7\xf7z\xadqy\x9aE\xcd{\xbd/\x96@\x1c\xff\
j\xcf\xf5\xd5\xec\xff6\xda\xe9\xff\xbf\xd7B\xc7-\x1e\
6qWjn166v\xcfn\xaf?\x8a\xb7\x87\
}\xbb\xe9)\xa9\x07\xb5\x0c\xad\x88\xcby\xe0\xe0\xc1\x9f\
K\xcd-\xc2\xff\xd1/\x84\xe5\xd8\xf5=-\xde\x16\xf6\
\xe1;k\xb5\xda\x9f\xa5\xab\xda\x12\x0f\xebH\xff\xaf[\
\xa4\xff\xeb=\xf7\x93\xf0\xbe\xfb;\xa9\xb9ExO\x8e\
\x09\xdd\x1d\x8b\x05\xbb\xe8\xeb\xfe9\xa4\xf7\xbc\x1fo6\
\xa0h<\x0d\xf9\xfe\xfd\xfb\xff\xbb\xf0\xb8;\x9e\xfe5\
\xde\x16\xef\xd3\xec\x90\x95t\xb8\xcb\x8f\xd7[\xdb)p\
TD\xf8G3\xf6F\xa6n\xb8\xe1\x86\x7f\x15\xde\x04\
\x8c\xbdQN\xceH\x91\xa9\xf9\xf9\xf9\xb7\xc7\xf7\xdd\xd4\
\xccR\xd5\xc6\x92\x89_X_z\xe9\xa5;RsC\
,0\x84\xc9N\xc7\xd17\x1do\xe2\xfc\xf9\xf3oM\
\xb3]\x8b_vw\xfbb\xcav;m\xcb\xe8\xd0\xd8\
\xd8\x17[Y\x9f\xf1>\xb1S\xd0\xef\xed\x9b4\xdd\x8f\
B\xe7\xee\xb3\xad\xbe\xd6fc\xc2TI\xec\xc4\x85\xc9\
\xae\x9d\xc7\xbd,..~_\x9a\xed\xb7\xa6\x05\xad\xb4\
\x0c;\x8e\xd9q\x95\xa6\x03\x1d\xc7\xfd\xbe\xc3\xcew?\
\x9clV`\xd8\xe3=u\x8b\xb8=w*4\xec&\
\xae\x83\xd7\xbd\xfe\xf5?\x95\x9a\x1b\xe2:\xdb\xab\xb3\xbf\
\xc9\xa9\xb4M\xb6Hg\xb5j\xabp\xd8\xef\xfds\x18\
\xefy\xe19cz\xe3\x9d\xa9\xb9\xc5\xd8\xb5c\xffS\
x\xbc\x1d\x8b\x1b\x0d\xf1>\x07\x0f\x1d\xfcXj\xb6L\
\x81\xa3:\xa472\x14:\xc7\xf1\x03@z\xa3\xa4\xc2\
\x1b\xb7\x14G\xa6\xaa\x92\xe2\x08_`\xaatF\xa0\xa6\
\x9d\x8e\xdd\x0a\x0c\xf1\xfaZ\xad\xf6\xe9\xd4\xdc\x10\xbe\x90\
\xffT/:\x19i\xb0\xbdV;<|\xcbn\x89\x88\
\x96\xd7g\xdc\xbesss\xffKjnx\xf1\xc5\x17\
\x8f\xa6\xd9\x9e\x88\xcf\x13:\x827\x87\xd9\xd8A\xd9|\
i\xf9\xb56K\x19UI\xab\x9d\xb8\xe4T/\x07\xb2\
l\xd7N\xbf\xc4\xb7\xb3\x0c\xf1~/\xbe\xf0\xc2\xbfM\
\xcd\x0di\xbf/Djg\xae\xc9\xe9\xb6\xa3\x01\x15m\
O6\x1b\xbc5\x16\x02\xdbY\xc7q\x9b\xa4fW\x06\
\xb0\x7f\x0e\xe3=\xef\xc7\xe3\xa0\xa0i~C\xd8\xbf\xff\
6L\xfe\xa0\xde\xea\xdc\xa5\xf9K7\xa6\xd9m\x148\
* |\x89\x92\xde\xc8T\xe8\x1c\x7f\x22\xbc\xd9Ho\
\x94\x9b\x14G\xa6\xa48\xf2\xd2\xe9\xaf\xf27\xdex\xe3\
\x97\xd3\xec\x86=\x22\xbd-\xab]\xaa-\xb6\xf1\xa5\x98\
=\x84\x0e@K\x89\x88\xcd\xfe\xe2K_\xfa\xd7\x8f\x9f\
}\xfco7_~\xef\x91G\x1eN7\xf7L|]\
\xe1\x12#\xfb\x9b/\xb6}\x1f\xc4\xf5\x1a\xff\xb7Rs\
\xe0j\xb5\xda\xdb\xd3\xec\x86N\x8a\x99\x9b\xcf\xecTD\
\xcf>\xfb\xdc\x0f\xa6\xd9\x81\xdb\xb1\x88T\x82B`/\
\xf7\xcfa\xbc\xe7\x85u\x1c\x0bX{\xa676\xf9\x83\
x\x96\x954\xbf\xe1\xf9\xe7\x9f\xbf>\xcdn\xa3\xc0Q\
\x0d\xd2\x1b\x19J\x9db\xe9\x8d\x92\x0bo\xf2R\x1c\x99\
\x92\xe2\xc8GL[\xc4\xd4Ejnh\xf1\xd7\xafS\
KMN-\x18\xfe\xf6\xae^\xa48h\xdf^\xc7\xaa\
\xb7\xe3g~\xf6g\xff\xfd\xf17\x1f?\xb6\xf9r\xef\
}\xf7\xfd\x8f\xe9\xe6\x81\x88\xfbQ\xb8\xc4\xc1\x0bw\xbc\
\x84\xbb9\xd3Z\x09\x84m5u\xe4\xc8\x91\xb7\xa5\xe6\
\x86\x17^x\xe1\xff\x08\x93\x93Wo\xd7\xdd.\xe1\xfe\
\x85\xdd\xe6\xe1\xf5M\x1d\x99<\xf2\xe6\xd4\xdc\x90\xde+\
\xdb*\xe4t\xa2\xd9\xe1\x1c\xdf\x08\xc2\xe4;\xae^\x8f\
\xbb]\xe2\xfd\xd3\xdfmq\xee\xdc\xb9\x1fM\xb3\x85P\
\xb0\xf7\xbc\xa3a\xdd5\xce\xcc\xb5\xe7%\xdc\xff\xc7\xff\
\xfe\xc5\xbf\x9f\xad\xff\xe9\x16\xffq\x9an\xa3\xc0\x91\xb9\
\xb0cHod\xea\xdb\xbe\xed\xdb\x1e\x88\x9d\x8b\xd4\xa4\
\xdc\xa482%\xc5\x91\x8d\xa6\xc7\x8a\xb7\xf2\xebW\xbc\
\xfd\x1b\xcf?\xbf\xed0\x95\x22E\xc5\xab\xa6Y\xe7\xa6\
l\xc2\xfb\xcazQ#\x9e\xb1cee\xe5o\xc2U\
q\x8c\x8d\xdd.U:\x9c\xac\xccN6\x1b\x082\xbc\
\xcf\xfeP\x984\xdb\xae\xbb]\x8a\xbc\xcd\x9b.\xe73\
\xcf<\xf3\xa7{\xbd\xa7\xf6\xc2+/\xbf\xb2\xed=\xe0\
uA\x98\xc4\xc1\xb3\x9b\xad\xcb\x9d.\x1fO\x7fWh\
\xc3x\xcf\xfb\xda\xf9\xafm;<%\xf9\x17\xe1\xf2k\
\xed\x5c\xc6\xae\x1d\xfb\xfe0m\x99\x02G\xe6j\xb5\xda\
\xad\xd2\x1by\x0a\x1fv\xcf\xa4YJ.\x16\xaa\xa48\
\xf2T\x95\x14\xc7\xea\xea\xeao\xa4fvbG2\xa6\
-RsC;\x91\xf1\x9d\xa2\xe2;\x1d\x83\xce\xe0u\
r\x08\xc00\xc4\xfd1\x9e\x96\xb8Q\xd4\xb8\xe9\xa6\x9b\
no\xd6Q\x04\xd8MY\xde\xf3:\xa1\xc0\x91\xb1\xf8\
\xaba\xf8\xe2\xa9b\x9f!\x87\xa7d)\xa68\xb2\xfc\
\xa0\xa9\xba\xb0]\xdf\x13\xdf\x8fS3K\xc7\x8e\x1d;\
\x97fs\xd4tp\xb6W^~9\x1e\x9e\xd2Rd\
<\xdc\xef;VWW\xb7%\xee\xe2(\xfe\xe1v\x87\
\xa9\x14@\x19\xc63\x89\xfbJ\xadV\xfb\x9dC\x87\x0e\
}DQ\x03\xe8F\xcec8)pd,\xa67\xc6\
\xc7\xc7\xafMM2\xe2\xf0\x94\xfc\xc4\xed\x19\x07\x8dM\
M2\x12\xb6k<\x0c!\xeb\x14Gpz~~\xfe\
\x814\x9f\x95\x9dR\x16\x87\xc6\xc6~2L\x9aE\x96\
\x9b]>~\xe0\xc0\x81mE\xae4\x8a\xbf\xc3T\xd8\
S,n,\xd4j\x9fM\x87*\xec*\xfe2{\xf5\
 \x80\xe9\xd7Z\x80\xec)pd*|\x10Jod\
\xcc\xe1)\xd9\x92\xe2\xc8T\xee)\x8eX\xa0\x9b\x9c\x9c\
\xec\xc9\xe9\xf2\x8a$v*c\xca\x225\xfb\xa2V\xab\
\xbd;>Oj2$\x13G&\x0e\x17u;\xc4\xd7\
\xb5\xbc\xb4\xf4\xe1\xf1\x89\x89[\xd2U[,..~\
}yy9\x1eF\xb5~\xfa\xd8\x83\x07\x0f~\xef\xd5\
\x83\x00\x86\xeb>\xb0~gJ)\xbcO\xfc\xd9\xb9s\
\xe7\x1e\xee\xc5%<\x9c\xef\x19M\xc4\x01N\x9b\xad\xaf\
N.s\x17\xe7~%=la\x0d\xeb=o\xe9\xf2\
\xd2_}\xed\xfc\xd7>\xdb\xed\xe5K_\xfaRLG\
R%\x97.]\xba3\xec\xb4d(|\xc8=\x13&\
Y\xc7\xdd\xab,l\xdb\xdb\xd6749\xba-m\xe6\
,\x85\xe5\x9b|\xfa\xe9\xa7\xef\xaf/jS\xa5[\xfe\
\xf0\x9a\xe3!&\x83\xb0\xe7\x17\xb58\x98d\xba\xef\x86\
\xb3g\xce>\x91n\xeeXx\x988R}3q\xf4\
\xfa\x96\x84\xfb6]O\xf15\xa7\xbb\xec\xaa\x9be\x0b\
w\xddi\x1b\xed\xb8N\x9f|\xf2\xc9\x07\xd3}\xae\xd6\
\xf7/\xccq\xb9\xd2sm\xd8kY\xc3]v\xdb\x0f\
\xef\x09\x97=;)\xe1>m\xaf\xa7(\xde^\xbf\xdb\
6}]W\x9d\xac\xa7(\xdc\xad'\xaf\xb7\xd9\xf3\x0f\
s\x7f\x8e\xe3\xae\xa4\xbb\xf4Mx\x9a\x8e\xd7]\xbb\xdb\
+\xdc<\xb5\xbc\xbc\xbcR\xbf\xe7\xb7\xb4\xba\x8e7\x0b\
\x7f\xd6\xf6\xebn\xf6z\xcf\x9c9\xf3G\xe9\xe6\xbe\x09\
O3\x94\xfds\x18\xefy\xe7\x9f<\xff\xfb\xe99\xae\
\xd6\xf2gK\xa7$82\x14v\x1c\xe9\x8d\x8c\x85\x0e\
\xc4\x1f9<%kR\x1c\x99\x92\xe2(\x97\xb0\xad\xe2\
x\x07\xefN\xcd\xbe\xea\xe5)\xfc\xd8\xdb\x8d7\xde\xf8\
\xe54[jW\xd6\xd6~=L~;\xfc\xefey\
\x1c=\xdf\x92\xc3\x99\x7f6\x8b\xfb\xec\xa5\xf9K\xdbN\
\xfd\xf9\xc67\xbe\xf1\x1f\xc5\xf7\xde\xd4\xec\x9b\xf0\x1c\xdb\
\x92\xd0\xf1\xf4\xbc\x83x\xeea\x18\xc6{\xde\xeb_\xff\
\xfa\xa7\xd2\xec\xc0)pd\xc8\xd8\x1by{\xcb[\xde\
\x12\x07\xb6#S\xb1\x93h,\x8e<\x19\x8b\xa3tN\
6\x1b\xef`\xa1V{,L\xd6\x0f\x05\xe8\xe4\xb2\xb6\
\xb6\xf6\x8d0\xdd\xe2\xa5\x97^\xba#\xd7/\xd6\xb9\x8b\
\xdb-\x5c\xe2\xaf\xb2\x9b/=\xdd\x96\xe7\xce\x9d\xfb\xd1\
4\xbb!\xeeG\xfbGG\x7fUq#;\xa7\xe2\xa1\
\x12i~C\xf8^\xffOz\xbd_\x0d\xdb5\xaf\xbe\
f[\xc2cP\xe3\x12\xbd\xe6\xb5\xaf\xd9vj\xfe4\
p\xaf1\x91\xf6\x10\xf7\xc3M\xefu;\xbe\xe7\x1d\x99\
<r>\xcd\x0e\x9c\x02Gf\xc2\x0e&\xbd\x01\xe5'\
\xc5\x91))\x8e\xf2\xd8)U1>1q\x7fX\xce\
\x87:\xbd\xac\xae\xac\xfcfz\xa8\x0d\xe9,-\xbeX\
\x0f\xd9B\xad\x16\x0f\xefm\xab\x13y\xee\xdc\xb9\x8f\x86\
\xc9\x96Ae\xcf\x9e9\xfb\xfba\xda3/\x7f\xf3\xe5\
\xa3iv\xc3\xc5\xa7.^\x0c\xfb\x93\xe2Ff\xe26\
]YY\xf9\xc3\xd4\xdc\x90c\xe7\xfb\xa6\x9bn\xfa\x93\
4;p;%\x1a\x96\x97\x96\xde\xde\xee{@\x99\x0d\
\xe3=oey\xe5\x03\xe19oH\xcd\xbeP\xe0\xc8\
\x8c\xf4\x06\x94_\xf8\x82#\xc5\x91\xa9\xaa\xa48\xca^\
\xa0\x8b_\xf8b\xaa\x2257\xa4\xf4EW\xcbv\xf4\
\xba\xeb\x9eL\xb3[\xect\xb6\x16\xfa\xe2TJ\xe2l\
\x91\x06\xf1l\xb9\x13\x19\xf7\x93\x18\xa9O\xcd\x0d\xcd~\
\x99\xee\xd2\xfe4\xdd\xd0\xce\x00\x81\xf1~\xb1\xe3\x96\x9a\
\x14\xdcN\x9d\xef\xc5\xc5\xc5\xbbZ\xdd\xe6\x0d\xf1\xfeq\
\xfc\x8e0\xedy\xb2\xa8_:Y\xce^Ig\xc7j\
\xab\x90\x14_k\x5c\xbfi=\x17u\x1d\x0f\xe3=\xef\
\x0fV\x96W\x9eN\xf3\x1b\x0e\x1e:\xf8\x9da\xf2\xff\
\x0a\x8f\xd5V\x91#\xde\x7fuu\xf5\xbeV\xfeN\x81\
##a\x83Kodnaa\xe1r\x98\x9c\xae\xb7\
\xc8\x5c\xb6\xa7\xdd\xac\xba*\xa482(\xd0\x9dL\xa9\
\x8a-j\xb5\xda\xa7{\xf0\xaby\xd3\x08\xfa\x81\x83\x07\
\x7f.\xec\x17\xa5\xe8\x80\x94]\xdc\x861\x89\x93\x9a[\
\xc4qWZ\xd9\x0e\xf1>W\xd6\xd6~)E\xea\xb7\
\xe8\xf5/\xd3\xcd:\x0f\xad\xfe\xa2\x9f\x96\xe5\xa7S\xc7\
\x8d!i\xf3\x8c\x15\xa7\xe2\x99q\xd2\xfc\x86\xf8\x9e\x14\
\xcf\xa6\xd3\xea\xe34\xf6\xd1C\x87\x0e}$4\x1f\x8c\
\xf3m\xbc\x86A\xd8q9[}\xad\xf1>+++\
\x1fK\xcdv\x9c\x0a\xeb\xf2w\xd3\xfc\x16\xed\xa4\x1a\xd2\
\xfd~:\x5c\x1e\x8c\xeb\xb9\x9d\xed3H\xc3x\xcf\x0b\
\xcf9s\xf0\xd0\xc1\x9d\xb6\xcd\xbf\x08\x97\x1f\xaf\xcf\xee\
-<\xf7\x0d+\xcb+\x7f\xf6\x1d\xdf\xf1\x1d\x1fZ\xba\
\xbc\xf4{\xb1\x9dnjJ\x81##\xd2\x1b\xf9\xbbp\
\xe1\xc2\xff\x11;\x0f\xa9I\xc6\xe2v\xce\xf1\xb4\x9bH\
q\x94\xc1Ni\x8a^\x0c\xd4\x16\xbfh\x86\xcb\xaf\xa5\
\xe6\x86\xd1\xd1\xd1\xd7\x85I[\xbf\x1c\xf6\xd3\xea\xea\xea\
\x7f\xb2\xd7\x97\xc8\x92k\xda\xb9\x8a\xe3\xae\x84\xeb\xe3\xd9\
\x80v\xfc\xc2\xdf\xf8\xa2\xbf\x7ftt\xdb\xd9\x00Bg\
k5Lz\xba\xef\x87\x0e\xdf_\xa7\xd9-\xf6\xea\x98\
4^g\x98\xf5\xe3\xd7\x90\xb5s\x88I|\x8f\x08\xdb\
<\x16%\xb6\x89\x85\xaaV:\xd1\xf1\xf6x\xbf\xcd\xfb\
h\x9c?\x7f\xfe\xfc\xdd\xa99t\xbb-gz\xdd?\
\xbd\xd7\xfe\x1d\xfeW\xbf\x90\xd6m[\xe2s\x87u\xd9\
\xf4;VL5\x84\xff\xad\xdfie\x1d_\xfd\xff\x15\
\xb7\xcfB\xad\xf6\xd9\xbd\xfevH\x86\xf1\x9e\xd74\xc5\
\x11=\xfb\xec\xb3\x1f\x0a\x8f\x1b\xcf\xe2\xb5\xe3\xe7L\xbc\
-\xde'\xdc\xf7\xcb)\xf9\xf1\xaa\xb1k\xc7\xbe\xff\xf9\
\xe7\x9f\xff\xean\x7f\xa7\xc0\x91\x89\xb0\x91\xa57*`\
\xdf\xbe}\x17\xd3,\xd5 \xc5\x91\xa9\x99\x99\x99_\x8c\
\xef\xdb\xa9\x99\x9d\xf0yT\xda\x14G\xd8.S1M\
\x91\x9a\x1bR\xea\xa2'\x1d\xd7C\x87\x0e-\xa7\xd9-\
:9\x1e\xba_\x0e\x1c8\xf0O\xc3d=F\x9c.\
\xbb~\x11-\x9b\xdd:W\xe1\xfaw\xc4\x8eSX\xde\
-\x03\xe8\xc5il\xc7\xceO\xb3/\xfaQ\xb8\xfd#\
\xf1\xb1S\xb3'v\xda_R\xc7d\xcb\xebL\x97\xf5\
v\xbcm\xa7\xd7I\xff\x8c\xee\xdf\xdf\xf4\xec\x11a{\
\xbc\xb3\xb1\x9d\xd2U\xbb9\x15\xf6\xb3?K\xf3[\xc4\
Ntx?\xfaRc;7\x1e/Nc;\x1e*\
\x11oo\x96\xday\xf1\x85\x17\x8f\xa7\xd9\xa2hz\xe8\
Dro*\xe64]\xc6\xb5\xb5\xb5\xc7\xc3\xff\xea\xb6\
\xa4]\x1bN\x85N{<\x13\xd16\xf1\x7f+>~\
|\x9ef\xcf\x1f/\xb1\x90\xd1\xec\xff\xab\xdd\xc3>\x06\
e\x18\xefy\xe1\xfa\x1dS\x1cox\xc3\x1b\xc6\xc2\xe4\
\xd7VWW\x7f5<F\xfc|Y\xff\x8cI\x97\xf5\
vX\xff\xffC\xbcO\xba\xef\x86\xd7\x07\x7f\xf7w\x7f\
\x17\x933\xe4*\xec\x00\x93O?\xfdt\xac\xbc\x91\xb9\
\xbf\xfa\xab\xbf\xfa\x1f\xd3f\xa7\x22\xc2f\xbf\xad\xbe\xf5\
\xc9\xd0mi3g),\xdf\xe4\xcc\xcc\xcc\x1f\xd7\x17\
u])\x967\xbc\xce\xf8\xe5n\x9b\x8bO=\xd5I\
\x0c\xba\xa9\xf0pS\x0b\x0b\x0b_\xab?\xf26\xefM\
w\xdb\xe2\xf1\xc7\x1f\xffL\xba}\xc3\xd93g\xbb\x1e\
\xeb!<\xcc\x0d\xcbK\xcbs\xf5G\xdc\xeeJ\x12\xe7\
\xc3\xf6l\xfa\x19\x14nj\xba\xce\xe2kNw\xd9U\
7\xcb\x16\xee\xda\xf4\xb9\x83\xa6\xebq\xb3p\x9f\xa9\xa5\
\xcb\x97?]\xbf\xfb\xce\x96\x97\x97W\xe2\xeby\xee\xb9\
\xe7\x9eOW5\x15\xb6\xe9\x1f\x86\xc9\xae\x9d\xd7\xf88\
\xf5{\x7f\xcb^\xcb\x1a\xee\x12\xf7\x97\xf8\xd8\xbb\x8a\xaf\
3^R\xb3U\xbb\xae\xa7x{\xfdn\xdb\xec\xb9~\
\xbb\xd1\xc9z\x8a\xc2\xddz\xf2z\x9b=\x7f\xab\xfbs\
\xb8\xebN\xafa]\xdcF\xe7\xce\x9d\xbb\x10/\xa1\xb9\
\xe3\xfe\x12o\xdb\xe5}bCc\xfflq\xdb\xef\xb8\
\x1e\xe2m\xf5\xbbl\xb3\xe7\xba\xebt{E\xe1\xae\xbb\
\xae\xaf(\xfe\xef\xb5\xb1\x8c\x0d{\xbe\xeep\x9f\x96\xff\
\xb7Z}\xfe\xb5\xe7\x9e\xfb\xb50i\xba]\xc3\xf5C\
\xdd?\xc3\xdd\x06\xfe\x9e\x17n\xbfamm\xed\x93\xeb\
\x7f\xb0\x87\xf4q\xb3\xfey\xb3\x9b\xcb\x97/\xffI\x98\
Hpd\xee\xc4\xe4\xe4\xe4\xfb\xd3<\x90\x17)\x8eL\
\xcd\xce\xce\xde\x13>\xa0\xa58\x0a$l\x8f\xa9\x98\xa2\
H\xcd-v\x1a\x1c\xb4\x13\xbb\xfd\x926\xe8\xc1Fw\
\xfb\x85-\x8a\xbf\x94Eq\xfe\x9b/}\xf3;\xd6\xaf\
\xccD\xdc\x0e\x87\xc6\xc6\xee^\x5c\x5c\xdc\xf5\xf4\xeb1\
\x02\x7f\xf3\xf1\x9b\xbf'\x1dF\xd4T|\x8c\xb0M\xef\
\x8c\x8f\x99\xae\xea\x99\xb4\xbf\xdc\x19\x9ec[\xbc|\xb3\
\xf8:\xdb\x8d\xeb\x9f?\x7f\xfe\xadi\x96\xdeiz(\
@C\xdcF\xc7\x8e\x1d\xbb>^Bs\xc7_\xfa\xd3\
v\xff\x91V\xb6{\xdc?[\xd8\xf61\xe9]\xc4C\
\x07wLR4\xc4\xff\xbd\x16\x97\xb1-\x9b\xfe\xb7Z\
z\x0f\xd8\xeb\xf9\xe3r\xec/\xf0\xe9\x9b\xe3\xeb\x1a\xf4\
{^\xb8}f\xff\xfe\xfd\xff\xdd\x95+W>\x95\xae\
\xdaQ\xfa\xb8Y\xff\xbc\xd9\xc9\xd2\xd2\xd2\x17\xc6\xc6\xc6\
\xfe\xcb\xf8\xb8\xe9\xaam\x148J.~9\x0e\x9d\x1f\
#cW\xc4\xe4\xe4\xe4_\xa6Y*\x22\xbc\x81\x1b\x8b\
#S\xa1\xf3\x1f\xa3\xc2U\x18\x8b\xe3l\x9a/\x83\x93\
)^\xbcE\xea`\x0c\xa4c\xf0\xba\xd7\xbf\xfe\xa7b\
\xa1%5\x07\xe5\x0f\x96./\xfdU\x9a\xaf\x94\xf8\xe5\
<~I\xdf\xab\x83\xb5\x9b8Xa+_\xf4\xbb\x91\
^\xe7\x9e\x9d\xddfB\x87 \x1e^\xd5\xf40\xe6\xd0\
\x91\xf9\xbf\x0fa\x7f\xcbZ\xdaVM\x0b\x98\xedjl\
\xf7\x9d\x0eWiE\xda\xfe\xf1\xacP\xbf\xdd\xcf}\xb4\
S\xf15\xc5\xa2@\xa7\xff\x83\xa1\xe3\xfcP\x9a\xedH\
Z\xc7w\xc6\xff\xe3tU\xdb\xe2\x19\xb6\x96\x97\x97\xef\
*rq\xa3\xa1\xb1\xbc\x83|\xcf\x0b\xf7k\xb9\xc8\xb1\
\x9b\xd5\xd5\xd5\xdf\xdf\xab\xb8\x11)p\x94\x9f\xf4\x06\xe4\
O\x8a#S\x15Iq\xdc\x97\x9a\x85\x17\xbe\xa0\x1eJ\
\xb3[\xec\xdb\xb7\xef\xc1V\xbf\xc8\xb5\xa1\xe91\xf6i\
\x84\xfa\x81\x1e\xbf\x1d\xbf,\x8e];\xf6\x13U.r\
\xc4\x8eI\x98\xbd\xa3\x9d\x8ed\xba\xef\x1d\xf1\x17\xd1>\
\xec\x1f\xdb\xc4\xe7\x88\x9d\xddv:b\xf1\xbea\x9fz\
[\x98\xfd\xed\xd4\xd1\xddb\x18\xfb[E\x9c\x8a\x1d\xde\
tj\xe9\xae\xc4\xed>11\xf1\xee0{G;\x05\
\xae8\xf8c|\x0dq\xfb\x87\xc7xh\x10\xfbh\xa7\
\xe2kk\xf7\x7f0\xad\x8b;B\xc7\xf9o\xeb\xd7t\
.>\x7f\xfc?\x0e\xb3m\xbd\x07D\xf1\x7fltt\
\xf4\xe6\xb0\x9e?Z\xe4u\xbcY'\xeb;\xea\xe6=\
/\xdc\x7f\xbd\xc8\x11f\x7f!\x16*\xea\xd7\xb6&}\
6\xfd\xc2\x81\x03\x07~)>N\xfd\xda\x9d\x8d\xa4)\
%\x94\xd2\x1bw+pT\xc7W\xbe\xf2\x95\xff\xe9\xfb\
\xbf\xff\xfb\xff\x8b\xd4\xa4B\xe2\xff\xfb\xc2\xc2\xc2c\xce\
\x94\x94\xa5\xdb\xc3\x07\xf6#i>;q\xdf\xfd\xf2\x97\
\xbf|\xff[\xdf\xfa\xd6\xf8kO\xa1\xcf\x02\x95~\xc9\
n\xd6\xd9;\xd5\xee\x97\xb9V\xb4\xf3|;\xdc\xb7\xa7\
\xaf+<G<\xa6\xf9\xc7ggg\xbf\xff\x9b/}\
\xf3\x87\xea\xd7\xbe\xeaU/\xbf\xf2\xf23\xff\xe0\x1f\xfc\
\x83s\xd3\xd3\xd3\xf7\x86\xe7\xdb\xf6\xe5\xb2\xdb\xf5\xd6\xcd\
\xb2u\xfb\xdcW\xdb\xfcx\xe7\xce\x9d\xfb\xd1\x97\xbf\xf9\
\xf2\xb1\xf08\x1b\x91\xe9\x91kF\xfe\xfa\xf0\xe1\xc3\x7f\
\x9d\x06\xfel\xfb9\xbaY\xd6\x86\xdd^c\xb8\xed\xf9\
xZ\xd9M\xa7m\xdcx\xecN\xd6U'\x7f\xd3\x0b\
\x9d\xae\xa7^\xbd\xdeN\x9f\xffj\xf1q\x96\x97\x97\xdf\
U\xbbT\xfb\xf1\xf0\xb7oLWo\xde\x8f>\xd3\xc9\
\xeb\x8a\xc5\xd8\xd0\xc1\xff\xbeW^~\xe5\xfb\xea\xb7\xd4\
\xbd\xf2\xaaW\xbe\xf6\x86o\xff\xf6\xaf\xa6C\xeaz\xb1\
\xccQ\xa7\xeb\xbd\xed\xf5\x155\x1e+\x1e\xae\xf7\xecs\
\xcf\xfdG#\xaf\x1a\xf9\xee\xfa-\xcd\x97/\xdc?\x8e\
_\xf1\xe0\xfa\x1d\xb6\xba#\xdc\xdev\xbac\xf3\xb24\
{\x0f\x08\xb7?\xf3\x9a\xd7\xbe\xe6\xec\xa6\xb3j\xb5\xbc\
\x9c;\xac\xa7\xa8\x17\xdb\xaa\xab\xf5\x1d\xe7\xfb\xf1\x9e\xd7\
Lx\xce\xf5\xcf\x9a8\x1f?o\xfe\xfe\xef\xff\xfe\xa6\
kF\xae\xd9\xf8\xff\x08\x9f9\xcf\x87\xf6\xf9\xef\xbe\xf1\
\xbb\xbf\x90\xae\xfa\x83\xf0\xbc{\x166\x1a\x148J,\
\xec\x1cq\xc0\xb6\x87\xeb-\xaa@\x81\xa3\xda.]\xba\
t\xe7\xc4\xc4\xc4o\xa6&\x99\x88\x87p\x84\x8e\xe3\x8f\
\x85\x0fo\xa7\x80\x06\x806\x84\xfePO\x0b\x1c\x94\x9f\
CTJ*\xfc3\x1b{\x03*fbb\xe2\xd1\x85\
\x85\x85\xcb\xa9I&*2\x16\x07\x00\xf4TL\x1f,\
..\xbe35a\x9d\x02Gy\x19{\xa3\x82^z\
\xe9\xa5\x9b\xd3,\x15\x14\x7f\xe1\x0f\x1f\xe6M\x07\x8a\xa3\
\xdcr\x1f\x8b\x03\x00\x9a\x89E\x8a\xa5\xa5\xa5\x0f\x9e\xf9\
\xea\x99\xd3q>]\xdd\xaa\x93\x87\x0f\x1f~G\x9a\xdf\
\x90\xc6\x9b)\xe2\x19c\x18\x00\x05\x8e\x12\x8a_\x82\xa5\
7\xaaijj\xea\x06\x9d\xa0j\x93\xe2\xc8\x93\x14\x07\
\x00U\x13\x0b\x1aW\xd6\xd6~\xe9\xd0\xa1C\x1f9\xfe\
\xe6\xe3\xffpqq\xf1\x0b\xe1\xba\xf7\xb6R\xe8\x88\xf7\
\xa9\xd5jq\xf0\xd5m\xbe\xf1\xfc\xf3\x9f\xee\xc5X\x11\
\x94\x93\x02G9IoTT\x1a`R'\xa8\xc2\xa4\
8\xf2577\xf7\xb1\xb0m\x150\x01\xa8\x8a\x93\xfb\
GG\x7f>\xcd\xbf\xea\xf0\xe1\xc3\xdf\x15&\x0f\xc6\xa2\
\xc7NE\x8ex}\xb8\xbcw\xa1V\xfb\xec\xc4\xc4\xc4\
\xc6`\xc8\x9b\xa5AH\xa9(\x05\x8e\x92\x89_~\xa5\
7\xa0\xda\xa48\xf2t\xf4\xe8\xd1\xf8k\xd4\xad\xa9\x09\
\x00Y\xdb\xe9\xd4\xdc\xb1\xe8\xb1\xb6\xb6\xf6x\xf0\x99x\
\xf8J,h\xc4\xcb\xc5\xa7\x9e\xfaXLy\x84\xbb<\
8>1qK\xfd\xde[]Y[\xfb\xf50qx\
J\x859\x8bJ\xc9\x84\x7fngN\xa9\xb8\xc7\x1e{\
\xec\xd7\xbe\xf7{\xbf\xf7\xff\x9d\x9aT\x943\xaa\xe4)\
\x16\xae\xc6\xc7\xc7oqF\x15\x00r\x17\xfa5q\x90\
\xd0\xfb\x9b\x8d\xa3\xd1\x89\xf0X\x9f\x0b\x8f\x15OI\xee\
\xf0\x94\x0a\x93\xe0(\x91\x98\xde\x98\x9d\x9d}OjR\
Qccc\xff4\xee\x0b\xa9IE\xc5\x14G<\xbd\
hj\x92\x89x\x18\x9a\x14\x07\x00U\x10\x0b\x11\xb1 \
\xb1\xbc\xb4\xf4\xbb\xe9\xaa\x8e)n\xd0 \xc1Q\x22\xd2\
\x1blr{x\x03\x7f$\xcdSQ\xde\x13\xf2$\xc5\
\x01@\x95\xc4$G\x98\x9c\x5c\x5c\x5c\xbc+\x8d\xc3\xd1\
\xb2\x95\x95\x95\xd5\xf0\xf7\x1f9t\xe8\xd0g\x147\x88\
$8J\x22\xfeb/\xbdAC\x1c\x87%\xee\x13\xa9\
Iu\x9d\x96\xe2\xc8\x8f\x14\x07\x00U\x12\x0b\x13\xe1\xf2\
\xd0\xe1\xc3\x87\x7f$4\xef8\x7f\xfe\xfcC\xb1pQ\
\xbf\xb5\xb9\xc5\xc5\xc5\xaf///\xdfu\xf0\xe0\xc1\xef\
\x1d\x1b\x1b\xfb\xa8\xe2\x06\x0d\x12\x1c%\xe1\x97Z\x9a\x90\
\xe2\xc0{C\xa6\xa48\x00\xa8\xb2\xf0\xfdf=\xd5Q\
o5uJQ\x83f\x148J \xa57>5=\
=\xbd\xdb?9\x15S\xab\xd5~\xee\xc8\x91#\xf7\xa7\
&\x15\x95\xde\x1f>\x1f\xde\x1f\x8e\xa7\xab\xc8\x84\xffq\
\x00\x80\xf68D\xa5\x1cN(np\xb5\x91\x91\x91{\
c\xe765\xa9\xa8\xf8\x0b\x7fx\x7f\xb8/5\xc9\x88\
\xffq\x00\x80\xf6(p\x14\x5c\xfau\xd6\xd8\x1bl\x13\
\x8f\xd3\x9f\x9f\x9f\xbf[\x07\x88\xc0X\x1c\x192\x16\x07\
\x00@{\x1c\xa2Rp\xa1\xf3\xea\xf8z\xf6b,\x0e\
\xbcWd\xcaX\x1c\x00\x00\xad\x93\xe0(0\xe9\x0dZ\
\x11\xf6\x91{\xa48\x08b\x8a\xe3T\x9a'\x13\x92Z\
\x00\x00\xad\x93\xe0(0\xbf\xc8\xd2\xaa\x0b\x17.|f\
jj\xea\xbf\xf6+o\xb5y\xcf\xc8\x9a\xa4\x16\x00\xc0\
\x1e$8\x0aJz\x83vLMM\xbdkuu\xf5\
}~\xe5\xad<)\x8eL\xcd\xcf\xcf\xbf\xdd\xff7\x00\
\xc0\xee$8\x0a\xca/\xb1t\xe8\xbf\x0a\x97\x7f'\xc9\
Q]\xde;\xb2&\xc5\x01\x00\xb0\x0b\x09\x8e\x02\x8a\xbf\
\xd2\xcd\xcc\xcc\xfcbjB;~#\x5c\xfe\x99_z\
+M\x8a#SR\x1c\x00\x00\xbb\x93\xe0( \xbf\xc0\
\xd2\xad\xd5\xd5\xd5_>p\xe0\xc0oIrT\x93\xf7\
\x90\xacIq\x00\x00\xec@\x82\xa3`\xe2\xafs\xf1\xac\
\x18\xa9\x09\x1d9p\xe0\xc0\x87\x9cy\xa1\xd2\xa482\
%\xc5\x01\x00\xb03\x09\x8e\x82\xf1\xcb+\xbd\x14;\xb9\
\xd3\xd3\xd3?#\xc9Q=\xdeK\xb2&\xc5\x01\x00\xd0\
\x84\x04G\x81Ho\xd0k\xd3\xd3\xd3'WVV\x9e\
\xb8t\xe9\xd2\x9d~\xf5\xad\x9c\xd3\xf3\xf3\xf3\x0f\xa4y\
2\x22\xc5\x01\x00\xd0\x9c\x04G\x81\xf8\xc5\x95~Ji\
\x8eO\x84\xd9\xd3\x12\x1d\xd5\xe0=%kR\x1c\x00\x00\
W\x91\xe0(\x08\xe9\x0d\xfa-\xa69\xc2\xe4\xe146\
\xc7m~\x01\xae\x04)\x8eLIq\x00\x00l'\xc1\
Q\x10~ie\xd0b\xc7wrr\xf2\x8baV\xa2\
#c\xde[\xb2&\xc5\x01\x00\xb0\x89\x04G\x01\xc4_\
\xe1\xa47\x18\xb4\xc9\xc9\xc9\xf7\x87\xc9\xc3\x17.\x5c\xf8\
\x97\xb1\x13\xec\xd7\xe0lIqd*|n\xbc\xc7\xff\
-\x00\xc0\xb7Hp\x14\x80_X)\x82\xd0Y:\xfb\
m\xdf\xf6m\x0fLLL<\x13\x9aR\x1d\x19\xf1\x1e\
\x935)\x0e\x00\x80D\x81c\xc8\xe2\xafo\xa1c\xf9\
\xf9\xe9\xe9\xe9\xe3\xe9*\x18:\xc5\x8e\xbc\xc4\xf7\x998\
\xf6JJ\xed\x90\x91\xf0\xbf\xeaT\xd0\x00\x00\x89\x02\xc7\
\x90\xf9e\x95\xa2\x9b\x9b\x9b\xbb\xb0\xb4\xb4\xf4\xfb\xb7\xdc\
r\xcb\x9f\xa7\xab\x14<J\xc8{M\xd6\xa48\x00\x00\
\x02\x05\x8e!\x8a\xbf\xaa.,,<6>>~m\
\xba\x0a\x0a/\x16<\x16\x17\x17\xbf\xf8\x96\xb7\xbc\xe5s\
\xe9\xaaH\xd1\xa3\xe0\xe2\xfb\xcd\xea\xea\xea\xfb\x0e\x1c8\
\xf0\xa1t\x15\x99\x90\xe2\x00\x00\xa8S\xe0\x18\xa2K\x97\
.\xdd911\xf1\x9b\xa9\x09\xa5\xb5\xb0\xb0p\xf9\xa9\
\xa7\x9e:\xfd\xeaW\xbf\xfa\xd9\xab\x0a\x1f\x91\xe2GA\
(\xaafM\x8a\x03\x00\xa8<\x05\x8e!\xd1\xd1\xa0*\
b\xf1cnnn\xf1\x9b\xdf\xfc\xe6\xc2\xbe}\xfb.\
\xc6\xeb^\xfd\xeaW\xafl:\xe4\xa5S\x0a'\x1dP\
X\xcd\x93\x14\x07\x00\x80\x02\xc7\xd0\xe8d@w\x1a\x85\
\x938\xff\xf2\xcb/\xffmL\x8f\xec\xdf\xbf\xffk\xc7\
\x8e\x1d;\xb7~\x87:E\x90\xab(\xaefM\x8a\x03\
\x00\xa84\x05\x8e!\xd0\xc1\x80\xc1\x88E\x90\xa7\x9f~\
\xfa\x8f&''\xff2\x9d\x11&\xaa|\xd1C\x815\
OR\x1c\x00@\xd5)p\x0c\x81\xce\x05\x0cO<\x05\
\xee\x0b/\xbc\xf0pJzT\xb2\xd8\xa1\xc8\x9a5)\
\x0e\x00\xa0\xb2\x148\x06L\xc7\x02\x8aceee\xed\
\xa9\xa7\x9e\xfaD\x1a\x0f\xa4R\xc5\x0e\x85\xd6<\xc5\x02\
\xde\xf4\xf4\xf4\x8fIq\x00\x00U\xa4\xc01`:\x15\
PLU+v(\xb6fM\x8a\x03\x00\xa8$\x05\x8e\
\x01\xd2\xa1\x80r\x98\x9b\x9b\xbb\xb0o\xdf\xbe\x8f\xa7q\
;\xb2-v\x84\xf7\xa4\xdb\xc2\xe4\xe1z\x8b\x5cHq\
\x00\x00U\xa5\xc01@\xd2\x1bP>\xf3\xf3\xf3\x0fL\
NN~1\xccfW\xe8\x88E\xd7\xd0\x19\xfe|\xe8\
\x0c\x1fOW\x91\x0f)\x0e\x00\xa0r\x148\x06Dz\
\x03\xca-\xd7B\x87\x14G\x9e\xa48\x00\x80*\xba&\
M\xe9\xa3X\xdcX]]}\x9f\xe2\x06\x94\xd7\xe4\xe4\
\xe4\xfb\xc3\xe4\xe1\xf9\xf9\xf9\xbb\xe3\xfft\xfd\xda,\x9c\
\x8e\x9d\xe14O&R*\xe7D\xbd\x05\x00P\x0d\x12\
\x1c\x03\xe0\x17R\xc8K\x1c\x90\xf4\x85\x17^\xb8kb\
b\xe2\xd1\x1c~!\xf7\x1e\x95')\x0e\x00\xa0j$\
8\xfa,\xfe\xd2;??\xff\xf6\xd4\x042p\xf0\xe0\
\xc1\xd18\x9eN\x1c\xbf\x22\x16\x072HtHqd\
H\x8a\x03\x00\xa8\x1a\x09\x8e>\xf3\xcb(\xe4/\x8d\xcf\
\xf1\xe12\xffR\xee\xbd*OR\x1c\x00@\x95Hp\
\xf4\x91\xf4\x06TC\x1c\x9fcnn\xee\xcfK\x9e\xe6\
8=33\xf3\x17i\x9eLHq\x00\x00U\x22\xc1\
\xd1G~\x11\x85\xeaY]]\xfd\xe5\x03\x07\x0e\xfcV\
\x19\x7f1\xf7\x9e\x95\xa7\x85\x85\x85\xcb\xe3\xe3\xe3\xb7H\
q\x00\x00\xb9\x93\xe0\xe8\x13\xe9\x0d\xa8\xa6\x03\x07\x0e|\
hvv\xf6S%Mr\xc4\xb18N\xa5y2\x11\
\xcf\xe0U\xab\xd5nMM\x00\x80lIp\xf4\x89_\
B\xa1\xda\xd2\xaf\xe6w\x86\xd9\xd3e\xfa\xe5\xdc{W\
\x9e\xa48\x00\x80*\x90\xe0\xe8\x03\xe9\x0d \xfej\x1e\
&\x0f\xaf\xae\xae\xbe\xafdi\x0e)\x8e\x0cIq\x00\
\x00U \xc1\xd1\x07~\x01\x056+\xdb\xb8\x1c\xde\xc3\
\xf2$\xc5\x01\x00\xe4N\x82\xa3\xc7\xa47\x80\xab\xc5q\
9.\x5c\xb8\xf0/K\x94\xe4\x90\xe2\xc8\x90\x14\x07\x00\
\x90;\x09\x8e\x1e\xf3\xcb'\xb0\x93\x0b\x17.|fj\
j\xea\xbf.\xc3/\xe8\xde\xcb\xf2$\xc5\x01\x00\xe4L\
\x82\xa3\x87\xa47\x80\xddLMM\xbd\xabDI\x0e)\
\x8e\x0cIq\x00\x009\x93\xe0\xe8!\xbfx\x02\xad(\
K\x92\xc3{Z\x9e\xa48\x00\x80\x5cIp\xf4H\xfc\
Evvv\xf6=\xa9\x09\xb0\xa3\x12%9N\xcf\xcf\
\xcf?\x90\xe6\xc9\x84\x14\x07\x00\x90+\x09\x8e\x1e\xf1K\
'\xd0\xae2$9\xbc\xb7\xe5ieee\xed\xe0\xc1\
\x83\xc7\xa48\x00\x80\x9cHp\xf4\x80\xf4\x06\xd0\x89\x98\
\xe4X]]}_\xc1\x93\x1cR\x1c\x19:x\xf0\xe0\
h\xd8\xaew\x97 E\x04\x00\xd02\x09\x8e\x1e\xf0\x0b\
'\xd0\x8d\xd5\xd5\xd5_>p\xe0\xc0o\x15\xf5\xd7t\
\xefqY\xbb=\xecw\x8f\xa4y\x00\x80R\x93\xe0\xe8\
\x92\xf4\x06\xd0\xad\x03\x07\x0e|(LN\xd4[\x85$\
\xc5\x91\xa9x\xe6/)\x0e\x00 \x17\x12\x1c]\xf2\xcb\
&\xd0\x0bE?\xb3\x85\xf7\xba\xacIq\x00\x00Y\x90\
\xe0\xe8\x82\xf4\x06\xd0+\xf1\xcc\x16333\xff\xb6\xc0\
\xbf\xa6KqdJ\x8a\x03\x00\xc8\x85\x04G\x17\xfc\xa2\
\x09\xf4Z,\x22LNN~\xb8\x88I\x8e\xd8\x09^\
XXx,\x16c\xd2U\xe4C\x8a\x03\x00(=\x09\
\x8e\x0eIo\x00\xfd099\xf9\xfe0)\xe4x\x1c\
\xb1\xe8\x12\xde\xfb\xeeMM2\x22\xc5\x01\x00\xe4@\x82\
\xa3C\xd2\x1b@\xbf\x14y<\x0e)\x8e\xacIq\x00\
\x00\xa5&\xc1\xd1\x01\xe9\x0d\xa0\x9fb\xf1 \xbc\xc7|\
\xaa\x88\xbf\xa8Kq\xe4K\x8a\x03\x00(;\x09\x8e\x0e\
\x84/\x80\xd2\x1b@\xdf\xd5j\xb5\x9f;r\xe4\xc8\xfd\
\xa9Y\x18\xb1\x13,\xc5\x91-)\x0e\x00\xa0\xb4$8\
\xda\x14\xbf\xd8\xcf\xce\xce\xde\x93\x9a\x00}\xf3\xda\xd7\xbe\
\xf6#E\xfcE]\x8a#_1\x9dX\xc4}\x0e\x00\
\xa0\x15\x0a\x1c\xed;1==}<\xcd\x03\xf4\xcd\xc1\
\x83\x07G\x8bz\xa8\xca\xc4\xc4\xc4\xa3q\xac\x90\xd4$\
\x13\xe1\xf3\xedd\x98\x14r\x90[\x00\x80\xbd(p\xb4\
Az\x03\x18\xb4\xa2v8\xa58\xf2%\xc5\x01\x00\x94\
\x9518\xda\x10\xbe\xf0\x19{\x03\x18\xb8\xa2\x9eU%\
\x15}?/\xd5\x96%cq\x00\x00\xa5#\xc1\xd1\x22\
\xe9\x0d`X\xe2`\x9e\xf3\xf3\xf3w\x17\xedW\xf5X\
p\x99\x9e\x9e\xbe/5\xc9\x88\x14\x07\x00PF\x12\x1c\
-\x92\xde\x00\x0a\xa0p\xbf\xaaKqdM\x8a\x03\x00\
(\x15\x09\x8e\x16Ho\x00EP\xc4_\xd5\xa58\xf2\
%\xc5\x01\x00\x94\x8d\x02Gk\x9c9\x05\x18\xba\xf0>\
T\xd43\x5c\x9c\x0e\x9d\xe1\xb3i\x9eL\x14x\x7f\x03\
\x00hJ\x81c\x0f\xd2\x1b@\x91Hq0HR\x1c\
\x00@\x99(p\xecMz\x03(\x0c)\x0e\x06I\x8a\
\x03\x00(\x13\x05\x8e]\xc4_\xad\xe6\xe6\xe6>\x96\x9a\
\x00\x85 \xc5\xc1 Iq\x00\x00e\xa1\xc0\xb1\x8bZ\
\xadv\xeb\xd1\xa3G\xa7R\x13\xa0\x10\x0a\x9e\xe28\x95\
\xe6\xc9\x84\x14\x07\x00P\x16\x0a\x1c;\x88\xbfV\x8d\x8c\
\x8c\xdc\x9b\x9a\x00\x85R\xe0\x14\xc7'R\x93\x8c\x84\xfd\
\xed\x1e)\x0e\x00\xa0\xe8\x148v\x10\xd3\x1b\xe3\xe3\xe3\
\xd7\xa6&@\xa1Hq0Ha\x7f\x8bcQIq\
\x00\x00\x85\xa6\xc0\xd1\x84\xf4\x06P\x06\x17.\x5c\xb8U\
\x8a\x83A\x91\xe2\x00\x00\x8aN\x81\xa3\x09\xe9\x0d\xa0\x0c\
\xa6\xa6\xa6\xde\x15&R\x1c\x0c\x84\x14\x07\x00Pt\x0a\
\x1cW\x91\xde\x00\xca\xa4V\xab\xbd1\xcd\x16\x86\x14G\
\xbe\xa48\x00\x80\x22S\xe0\xb8\x8a\xf4\x06P&\xb1 \
[\xd0\x0e\xa7\x14G\x86\xa48\x00\x80\x22S\xe0\xd8D\
z\x03(\x9bT\x90-\x5c\x87S\x8a#_R\x1c\x00\
@Q)pl\x22\xbd\x01\x94\xd1\xcc\xcc\xcc/\x165\
\xc51??\xff@\x9a'\x13R\x1c\x00@Q)p\
$\xd2\x1b@Y\xddp\xc3\x0d?\x10&\x85LqL\
NN~15\xc9\x88\x14\x07\x00PD\x0a\x1c\x89\xf4\
\x06PfE\x1cl4\x91\xe2\xc8PLq\xc4\xcf\xcd\
\xd4\x04\x00(\x04\x05\x8e@z\x03(\xbb\xff\xf3\xff\xfc\
?\xdf_\xc4_\xd4\xa58\xf2\x15?7\xa58\x00\x80\
\x22\xa9|\x81#~9\x9b\x9f\x9f\xbf[z\x03(\xb3\
\x82\x8f\x8b \xc5\x91\xa1\xf8\xb9)\xc5\x01\x00\x14\x89\x04\
G\xe8\x10LNN\xbe?\xcd\x03\x94VQ\x0fS\x91\
\xe2\xc8\x97\x14\x07\x00P$\x95.p\xa4\xf4\xc6\xdbS\
\x13\xa0\xd4\x8az\x98J\x22\xc5\x91!)\x0e\x00\xa0H\
F\xd2\xb4\x92BG\xe0\xb60y\xb8\xde\x02\xc8\xc2\xed\
###\x8f\xa4\xf9B\x89\xc5\x97\x95\x95\x95'\x0e\x1e\
<8\x9a\xae\x22\x03\x0b\x0b\x0b\x97\xc7\xc7\xc7o\x89I\
\x9dt\x15\x00\xc0PT6\xc1!\xbd\x010X\xb1\x03\
\xfc\xc2\x0b/\xdc\x95\x9adB\x8a\x03\x00(\x8a*\x1f\
\xa2b\xec\x0d ;_\xfe\xf2\x97\xff\xf34[H\x13\
\x13\x13\x8f\xc6_\xfcS\x93L\x18\x8b\x03\x00(\x82J\
\x168\xa47\x80\x5c\xddx\xe3\x8d\xff\xb8\xc8\x1d\xcd\x98\
\xe2\x08\xaf\xcfi\xb93#\xc5\x01\x00\x14AU\x13\x1c\
\xd2\x1b@\x96\xd2\xf8\x16E=]\xec:)\x8e<I\
q\x00\x00\xc3V\xb9\x02\x87\xf4\x06\x90\xbb'\x9ex\xe2\
\xa64[HR\x1cy\x8a)\x8e\xd5\xd5\xd5\xf7)r\
\x00\x00\xc3R\xc5\x04\x87\xf4\x06\x90\xb5\xbf\xfb\xbb\xbf\xfb\
\xe14[XR\x1cy:p\xe0\xc0\x87\xc2\xa4\xd0\x09\
\x22\x00 _\x95*pHo\x00U\xf0\xa67\xbd\xe9\
\xadE\xff\x15]\x8a#_\xf1sV\x8a\x03\x00\x18\x86\
\x914\xad\x84\xf0\x85\xeb\xb60y\xb8\xde\x02\xc8\xda\xed\
###\x8f\xa4\xf9B\x8a\x9d\xe0\xb9\xb9\xb9??z\
\xf4\xe8T\xba\x8a|\x14~\xff\x03\x00\xf2S\x99\x04G\
\xfc\x22=;;\xfb\x9e\xd4\x04`\xc8b\x8a\xe3\xe8\xd1\
\xa3\x1fHM2\x22\xc5\x01\x00\x0cC\x95\x0eQ91\
==}2\xcd\x03d\xed\xb1\xc7\x1e\xfb\xc14[t\
\xa7ggg\xcf\xa6y2\x91\xc6\xba2\x16\x07\x000\
P\x95(pHo\x00U\xf3\xc2\x0b/\xfc\xc7i\xb6\
\xd0b\x8aczz\xfa\xbe\xd4$#R\x1c\x00\xc0\xa0\
U%\xc1!\xbd\x01T\xca\xd4\xd4\xd4\xff\xa5D\x9dK\
)\x8e\x0cIq\x00\x00\x83\x96}\x81Cz\x03\xa8\xa2\
\xf1\xf1\xf1k\xc3\xa4\x14\x9dK)\x8e|Iq\x00\x00\
\x83T\x85\x04\x87\xf4\x06@\xf1IqdH\x8a\x03\x00\
\x18\xa4\xac\x0b\x1c\xd2\x1b\x00\xe5 \xc5\x91/)\x0e\x00\
`PrOpHo\x00\x95\xb4\xb2\xb2\xb2\x16&\xa7\
\xeb\xad\xd2\x88)\x8eSi\x9eLHq\x00\x00\x832\
\x92\xa6\xd9I\xe9\x8dO)p\xd0\x0b\xb1\xb3\xf8\xe4\x93\
O>\xbeo\xdf\xbe\xc7_\xfd\xeaW\xaf\xdcr\xcb-\
\x7f\x9en\x82\xa2:\x1dS\x11i\xbe4\xc2{\xf7m\
a\xf2p\xbdE.b\xe1*|\x1e\xffL\x19\xf7I\
\x00\xa0<r.p\xf8\x92L\xc7\xe2X\x00/\xbc\xf0\
\xc2\xc3\xc7\x8e\x1d;\x97\xae*eg\x11\xcaFq:\
k\xb7\x87\xf7\xd1G\xd2<\x00@\xcfeY\xe0\xf0\x05\
\x99v\xcd\xcd\xcd]\xb8r\xe5\xca'\x154`\xf8\x14\
\xa8\xf3$\xc5\x01\x00\xf4[\xae\x05\x0e_\x8e\xd9\xd3U\
E\x0d\x05\x0d(\x08E\xea\xacIq\x00\x00}\x93]\
\x81#}1\xfe|\xf8b|<]\x05[\x5c\xb8p\
\xe13SSS\x8f\x86YE\x0d((\x85\xea<I\
q\x00\x00\xfd\x94c\x81\xc3\x97b\xb6YXX\xb8\x1c\
\xf6\x8d{'&&\x9e\x09M\x85\x0d(8)\x8e\xac\
Iq\x00\x00}\x91U\x81Cz\x83\xabm*l<\
\xaa\xa8\x01\xe5\xa2`\x9d')\x0e\x00\xa0_r+p\
\xf82\xcc:\x85\x0d(\xbfX\xb4\xbep\xe1\xc2\xbf\x9c\
\x9a\x9azW\xba\x8a|Hq\x00\x00=wM\x9a\x96\
^\xfc\x22<;;{OjRa\xf3\xf3\xf3\x0f\x8c\
\x8f\x8f\xdfr\xe4\xc8\x91\xfb\x157\xa0\xbc\xe2\xffo\x1a\
/\x87\xcc\x84\xcf\xeb\xf7\xc4\xcf\xed\xd4\x04\x00\xe8\x89l\
\x0a\x1c\xc1\x09\x87\xa6T[\x8c=\x87\xc9\xed\x93\x93\x93\
\x1fV\xd8\x80l\x9c\x8eE\xcb4O&\xd2\xd8*'\
\xea-\x00\x80\xde\xc8\xa2\xc0!\xbdQm\xf1p\x940\
\xb9=\x1d\xd3\xfd\x88\xe2\x06\xe4#\xfe?ONN~\
15\xc9H\xfc\xdc\x96\xe2\x00\x00z)\x97\x04\x87\xf4\
FE\xc5\xd4F<\x1cEa\x03\xb2&\xc5\x91\xa1\xf4\
\xb9-\xc5\x01\x00\xf4L\xe9\x0b\x1c\xd2\x1b\xd5\xb5\xba\xba\
\xfa\xcb)\xb5\xa1\xb0\x01\x19\x93\xe2\xc8\x97\x14\x07\x00\xd0\
K9$8\xa47*fnn\xeeB\x98\xdc~\xe0\
\xc0\x81\xdfR\xdc\x80\xca\x90\xe2\xc8\x90\x14\x07\x00\xd0K\
\xa5.pHoT\xcf\xcc\xcc\xcc_\x1c=z\xf4\x07\
\x1d\x92\x02\xd5\x22\xc5\x91/)\x0e\x00\xa0WJ]\xe0\
\xa8\xd5j\xb7JoT\xc7\x85\x0b\x17>s\xc3\x0d7\
\xfcg\x0a\x1bPYR\x1c\x19\x92\xe2\x00\x00z\xa5\xb4\
\x05\x8e\xf8kO\xe8\xe8\xde\x9b\x9ad.\x8e\xb715\
5\xf5_+n@u\xa5\x14\xc7\x87\xd3\x99\x93\xc8\x88\
\x14\x07\x00\xd0\x0b\xa5-p\xc4\xf4\xc6\xf8\xf8\xf8\xb5\xa9\
I\xc6bq\xc3x\x1b@\x14\xdf\x07BGXq;\
3R\x1c\x00@/\x94\xb2\xc0!\xbdQ\x1d\x8a\x1b\xc0\
\xd5&&&\x1e\x95\xe2\xc8\x8f\x14\x07\x00\xd0\xadR\x16\
8\xa47\xaaAq\x03hF\x8a#OR\x1c\x00@\
\xb7JW\xe0\x90\xde\xa8\x06\xc5\x0d`7R\x1cy\x9a\
\x9b\x9b\xfb\x98\x14\x07\x00\xd0\xa9\xd2\x158\xa47\xf2\x17\
\xcf\x96\xa2\xb8\x01\xecF\x8a#OG\x8f\x1e\x9d\x8a\x9f\
\xf3\xa9\x09\x00\xd0\x96R\x158\xa47\xf27;;{\
\xca\xd9R\x80VHq\xe4)~\xceKq\x00\x00\x9d\
(U\x81Cz#osss\x17\xa6\xa7\xa7\x7fF\
q\x03h\x85\x14G\x9e\xe2\xe7\xbc\x14\x07\x00\xd0\x89\xd2\
\x148\xa47\xf2w\xf4\xe8\xd1\x0f(n\x00\xed\x88)\
\x8e\xd9\xd9\xd9\xb3\xa9I&\xa48\x00\x80N\x94\xa6\xc0\
!\xbd\x91\xb78\xa8h\x98\x9c\xae\xb7\x00Z\x13\x8b\xa2\
\xd3\xd3\xd3\xf7\xa5&\x99\x90\xe2\x00\x00:Q\x8a\x02\x87\
\xf4F\xde\x0c*\x0at\xe9\xb4\x14G~\xa48\x00\x80\
v\x15\xbe\xc0\x11\xbf\xdc\xcc\xcf\xcf\xdf-\xbd\x91\xa78\
@\xa0AE\x81nHq\xe4I\x8a\x03\x00hW\x19\
\x12\x1c'&''\xdf\x9f\xe6\xc9L\xf8\x02{\xa7\xe2\
\x06\xd0\x03R\x1c\x19\x92\xe2\x00\x00\xdaQ\xe8\x02GJ\
o\xbc=5\xc9L<4%L\x8c\xbb\x01tM\x8a\
#OR\x1c\x00@;\x8a\x9e\xe0\x90\xde\xc8\xd4\xca\xca\
\xca\x9aCS\x80\x1e\x93\xe2\xc8\x90\x14\x07\x00\xd0\xaa\xc2\
\x168\xa47\xf2\xf6\xc2\x0b/\xdc\xa5\xb8\x01\xf4\x92\x14\
G\x9eb\x8a#\x8e\xc5\xa5\xc8\x01\x00\xec\xa5\xc8\x09\x0e\
\xe9\x8dL\xc5_X'&&\x1eMM\x80^\x8a)\
\x8eSi\x9eL\xa4\xef\x03'\xea-\x00\x80\xe6\x0aY\
\xe0\x90\xde\xc8[\xfc\x85Uz\x03\xe8\x87\x94\xe2\xf8D\
j\x92\x91\xf8\xbd@\x8a\x03\x00\xd8MQ\x13\x1c\xd2\x1b\
\x99J\xc7\xc7\x1bX\x14\xe8')\x8e\x0cIq\x00\x00\
{)\x5c\x81Cz#o\xd2\x1b@\xbfIq\xe4K\
\x8a\x03\x00\xd8M\x11\x13\x1c\xd2\x1b\x99\x92\xde\x00\x06H\
\x8a#CR\x1c\x00\xc0n\x0aU\xe0\x90\xde\xc8\x9b\xf4\
\x060(R\x1c\xf9\x92\xe2\x00\x00vR\xb4\x04\x87\xf4\
F\xa6\xd2/\xa9\xd2\x1b\xc0 IqdH\x8a\x03\x00\
\xd8Ia\x0a\x1c\xf1\xd7\x98\xf0E\xf4=\xa9If\xe2\
/\xa9\xd2\x1b\xc0 Iq\xe4K\x8a\x03\x00h\xa6H\
\x09\x8e\x13\xe1\x8b\xe8\xc94OF\xa47\x80!:}\
\xe1\xc2\x85\xcf\xa4y2!\xc5\x01\x004S\x88\x02\x87\
\xf4F\xde\xa47\x80a\x89\xef=SSS\x8f\xa6&\
\x19\xb9p\xe1\xc2\xadR\x1c\x00\xc0fEIpHo\
dJz\x03(\x80\xd3\xf3\xf3\xf3\x0f\xa4y215\
5\xf5\xae0\x91\xe2\x00\x006\x0c\xbd\xc0!\xbd\x917\
\xe9\x0d`\xd8\xe2{\xd0\xe4\xe4\xe4\x17S\x93\x8c\xc4\xef\
\x0fR\x1c\x00@C\x11\x12\x1c\xd2\x1b\x99\x92\xde\x00\x0a\
D\x8a#C\xe9\xfb\x83\x14\x07\x00\xb0n\xa8\x05\x0e\xe9\
\x8d\xbcIo\x00E!\xc5\x91/)\x0e\x00\xa0a\xd8\
\x09\x0e\xe9\x8dLIo\x00\x05$\xc5\x91!)\x0e\x00\
\xa0ah\x05\x0e\xe9\x8d\xbcIo\x00E#\xc5\x91/\
)\x0e\x00 \x1af\x82Cz#S\x17.\x5c\xf8L\
\x98Ho\x00E$\xc5\x91!)\x0e\x00 \x1aJ\x81\
Cz#oSSS\x8fJo\x00E\x94R\x1c\x1f\
^XX\xb8\x9c\xae\x22\x13R\x1c\x00\xc0\xb0\x12\x1c\xd2\
\x1b\x99J\xbf\x8cJo\x00\x85\x15\x8b\x1c\xa1#|o\
j\x92\x09)\x0e\x00`\xe0\x05\x8e\xf8\xeb\xca\xcc\xcc\xcc\
/\xa6&\x99\x89\xc7\xb7Ko\x00E711\xf1\xa8\
\x14G~\xa48\x00\xa0\xda\x86\x91\xe08q\xc3\x0d7\
\xfc@\x9a'#\xd2\x1b@YHq\xe4I\x8a\x03\x00\
\xaam\xa0\x05\x8e\xf8\xab\xca\xec\xec\xec=\xa9If\xa4\
7\x802\x91\xe2\xc8S\xfc\x9e!\xc5\x01\x00\xd54\xe8\
\x04G\x1c{\xe3x\x9a'#\xd2\x1b@\xd9Hq\xe4\
)}\xcf\x90\xe2\x00\x80\x0a\x1aX\x81Cz#o\xd2\
\x1b@\x19Iq\xe4I\x8a\x03\x00\xaai\x90\x09\x0e\xe9\
\x8dLIo\x00e%\xc5\x91')\x0e\x00\xa8\xa6\x81\
\x148\xa47\xf2&\xbd\x01\x94YLq\x84\xcf\xa8\xb3\
\xa9I&\xa48\x00\xa0z\x06\x95\xe0\x90\xde\xc8\x94\xf4\
\x06Pv\xb1@\x1b>\xa3\xeeKM2!\xc5\x01\x00\
\xd5\xd3\xf7\x02\x87\xf4F\xbe\xe2q\xeb\x93\x93\x93\x1f\x96\
\xde\x002pZ\x8a#?R\x1c\x00P-\x83Hp\
Hod*\x1e\xb7\xae\xb8\x01\xe4@\x8a#OR\x1c\
\x00P-}-pHo\xe4+\xa67\xe2q\xeb\xa9\
\x09\x90\x03)\x8e\x0cIq\x00@u\xf4;\xc1!\xbd\
\x91)\xe9\x0d 7R\x1cy\x8a\xdfCj\xb5\xda\xad\
\xa9\x09\x00d\xaco\x05\x8e\xf8k\xc9\xc2\xc2\xc2\xfd\xa9\
IF\xa47\x80\x8cIqdhdd\xe4^)\x0e\
\x00\xc8_\xdf\x0a\x1c\xf1\xd7\x92\xf1\xf1\xf1kS\x93\x8c\
Ho\x00\xb9\x92\xe2\xc8S\xfc>\x22\xc5\x01\x00\xf9\xeb\
K\x81#\xfeJ\x12\x7f-IM2\x22\xbd\x01T@\
Lq\x9cJ\xf3dB\x8a\x03\x00\xf2\xd7\x97\x02\x87\xf4\
F\xbe\xa47\x80\xdc\xa5\x14\xc7'R\x93LHq\x00\
@\xfez^\xe0\x90\xde\xc8\x97\xf4\x06P!R\x1c\x19\
\x92\xe2\x00\x80\xbc\xf5\xbc\xc0!\xbd\x91/\xe9\x0d\xa0*\
\xa48\xf2$\xc5\x01\x00y\xebi\x81Cz#_\xf1\
\xac\x02\xd2\x1b@\xc5HqdH\x8a\x03\x00\xf2\xd5\xd3\
\x02\x87\xf4F\xbe\xe2Y\x05\xa47\x80*\x91\xe2\xc8\x93\
\x14\x07\x00\xe4\xabg\x05\x0e\xe9\x8d|\xc5\xf4F\x98\x9c\
\xae\xb7\x00*E\x8a#CR\x1c\x00\x90\xa7\x9e\x158\
\xa47\xf2%\xbd\x01T\x95\x14G\x9e\xa48\x00 O\
=)pHo\xe4Kz\x03\xe0U\xa7\xe7\xe7\xe7\x1f\
H\xf3d\xe2\xb5\xaf}\xedG\xa48\x00 /]\x17\
8\xe2\x97\x83\xd5\xd5\xd5\xf7Io\xe4Iz\x03\xa8\xba\
\xf8\x1e899\xf9\xc5\xd4$\x13\x07\x0f\x1e\x1c\x9d\x9f\
\x9f\xbf[\x91\x03\x00\xf2\xd1\x8b\x04\xc7\x89\x03\x07\x0e|\
(\xcd\x93\x11\xe9\x0d\x80\x0dR\x1c\x19\x9a\x9c\x9c|\x7f\
\x98\x9c\xa8\xb7\x00\x80\xb2\xeb\xaa\xc0\x11\x7f\xf5\x08_\xf8\
\xde\x9e\x9adFz\x03\xa0N\x8a#_\xf1{\x8c\x14\
\x07\x00\xe4\xa1\xdb\x04\xc7\x89\xf4\xeb\x07\x99\x91\xde\x00\xd8\
F\x8a#CR\x1c\x00\x90\x8f\x8e\x0b\x1c\xd2\x1by\x93\
\xde\x00\xd8J\x8a#_R\x1c\x00\x90\x87n\x12\x1c\xd2\
\x1b\x99\x9a\x9d\x9d=\x15&\xd2\x1b\x00\xdbIqdH\
\x8a\x03\x00\xf2\xd0Q\x81Cz#o\xd3\xd3\xd3\x9f\x90\
\xde\x00\xd8N\x8a#_R\x1c\x00P~\x9d&8\xa4\
72%\xbd\x01\xb0\xa7\xd3\xab\xab\xab\xbf\x9c\xe6\xc9\x84\
\x14\x07\x00\x94_\xdb\x05\x0e\xe9\x8d\xbcIo\x00\xec.\
\xbeG\x1e8p\xe0\xb7\x16\x16\x16.\xa7\xab\xc8\x84\x14\
\x07\x00\x94['\x09\x0e\xe9\x8dLIo\x00\xb4&\x16\
9BG\xf8\xde\xd4$\x13R\x1c\x00Pnm\x158\
\xa47\xf2&\xbd\x01\xd0\xba\x89\x89\x89G\xa58\xf23\
;;\xfb\x1e)\x0e\x00(\xa7v\x13\x1c\xd2\x1b\x99\x92\
\xde\x00h\x8f\x14G\x9e\xa6\xa7\xa7O\x86\x89\x14\x07\x00\
\x94P\xcb\x05\x0e\xe9\x8d\xbcIo\x00\xb4O\x8a#O\
R\x1c\x00PN\xed$8\xa472%\xbd\x01\xd0\x19\
)\x8e<Iq\x00@9\xb5T\xe0\x88\xbfb\xc4_\
3R\x93\xccHo\x00tN\x8a#OR\x1c\x00P\
>\xad&8N\xa4_3\xc8\xcc\x85\x0b\x17>\x13&\
\xd2\x1b\x00\x1d\x92\xe2\xc8\x93\x14\x07\x00\x94\xcf\x9e\x05\x0e\
\xe9\x8d\xbcMMM=*\xbd\x01\xd0\x9d\x98\xe2\x08\x9f\
\x95gS\x93LHq\x00@\xb9\x8c\xa4\xe9\x8e\xc2\x07\
\xfbma\xf2p\xbdEN\xe6\xe7\xe7\x1f\x98\x9c\x9c\xfc\
\xb0\x02\x07@\xf7|^f\xeb\xf6\xf09\xf9H\x9a\x07\
\x00\x0al\xd7\x04\x87\xf4F\xde&''\xbf\xa8\xb8\x01\
\xd03\xa7\xa58\xf2#\xc5\x01\x00\xe5\xb1k\x82\xc3\xaf\
Q\xf9\x92\xde\x00\xe8=\x9f\x9b\xd9\x92\xe2\x00\x80\x12\xd8\
1\xc1!\xbd\x917\xe9\x0d\x80\xbe\x90\xe2\xc8\xd0\xcc\xcc\
\xcc/Jq\x00@\xf1\xedv\x88\x8a3\xa7d*\xa6\
7\xc2\xc4\x99S\x00z,\x16\x8e\xc3g\xe7}\xa9I\
&n\xb8\xe1\x86\x1f\x08\x13gT\x01\x80\x82kZ\xe0\
\x90\xde\xc8\x9b\xf4\x06@_Iqd(l\xd3{\xa4\
8\x00\xa0\xd8vJpHodJz\x03\xa0\xbf\xa4\
8\xf2\x14\xb6\xe9\xf10\x91\xe2\x00\x80\x02\xdbV\xe0\x90\
\xde\xc8\x9b\xf4\x06\xc0@\xc4\x14\xc7\xa94O&\xa48\
\x00\xa0\xd8\x9a%8\xa472%\xbd\x010\x18)\xc5\
\xf1\x89\xd4$\x13R\x1c\x00Pl\xdb\x0a\x1c\x7f\xf9\x97\
\x7f\xf9\xcf\xd3,\x19YXX\xb8\xec\xb4\xb0\x00\x03%\
\xc5\x91!\xdf\x93\x00\xa0\xb8F\xd2t\xc3G?\xfa\xd1\
\x1f\xfa\xc7\xff\xf8\x1f\xff\x97\xa9I&\xbe\xfe\xf5\xaf\x7f\
\xec'~\xe2'\xce\xa4&\x00\x03\x10\x0fg\xf8\xcaW\
\xbe\xf2+\xa9I\x06\x1ey\xe4\x91\xff9|W\xfa\x83\
\xd4\x04\x00\x00\x00\x00\x00\x00\x00\x00\x00\x00\x00\x00\x00\x00\
\x00\x00\x00\x00\x00\x00\x00\x00\x00\x00\x00\x00\x00\x00\x00\x00\
\x00\x00\x00\x00\x00\x00\x00\x00\x00\x00\x00\x00\x00\x00\x00\x00\
\x00\x00\x00\x00\x00\x00\x00\x00\x00\x00\x00\x00\x00\x00\x00\x00\
\x00\x00\x00\x00\x00\x00\x00\x00\x00\x00\x00\x00\x00\x00\x00\x00\
\x00\x00\x00\x00\x00\x00\x00\x00\x00\x00\x00\x00\x00\x00\x00\x00\
\x00\x00\x00\x00\x00\x00\x00\x00\x00\x00\x00\x00\x00\x00\x00\x00\
\x00\x00\x00\x00\x00\x00\x00\x00\x00\x00\x00\x00\x00\x00\x00\x00\
\x00\x00\x00\x00\x00\x00\x00\x00\x00\x00\x00\x00\x00\x00\x00\x00\
\x00\x00\x00\x00\x00\x00\x00\x00\x00\x00\x00\x00\x00\x00\x00\x00\
\x00\x00\x00\x00\x00\x00\x00\x00\x00\x00\x00\x00\x00\x00\x00\x00\
\x00\x00\x00\x00\x00\x00\x00\x00\x00\x00\x00\x00\x00\x00\x00\x00\
\x00\x00\x00\x00\x00\x00\x00\x00\x00\x00\x00\x00\x00\x00\x00\x00\
\x00\x00\x00\x00\x00\x00\x00\x00\x00\x00\x00\x00\x00\x00\x00\x00\
\x00\x00\x00\x00\x00\x00\x00\x00\x00\x00\x00\x00\x00\x00\x00\x00\
\x00\x00\x00\x00\x00\x00\x00\x00\x00\x00\x00\x00\x00\x00\x00\x00\
\x00\x00\x00\x00\x00\x00\x00\x00\x00\x00\x00\x00\x00\x00\x00\x00\
\x00\x00\x00\x00\x00\x00\x00\x00\x00\x00\x00\x00\x00\x00\x00\x00\
\x00\x00\x00\x00\x00\x00\x00\x00\x00\x00\x00\x00\x00\x00\x00\x00\
\x00\x00\x00\x00\x00\x00\x00\x00\x00\x00\x00\x00\x00\x00\x00\x00\
\x00\x00\x00\x00\x00\x00\x00\x00\x00\x00\x00\x00\x00\x00\x00\x00\
\x00\x00\x00\x00\x00\x00\x00\x00\x00\x00\x00\x00\x00\x00\x00\x00\
\x00\x00\x00\x00\x00\x00\x00\x00\x00\x00\x00\x00\x00\x00\x00\x00\
\x00\x00\x00\x00\x00\x00\x00\x00\x00\x00\x00\x00\x00\x00\x00\x00\
\x00\x00\x00\x00\x00\x00\x00\x00\x00\x00\x00\x00\x00\x00\x00\x00\
\x00\x00\x00\x00\x00\x00\x00\x00\x00\x00\x00\x00\x00\x00\x00\x00\
\x00\x00\x00\x00\x00\x00\x00\x00\x00\x00\x00\x00\x00\x00\x00\x00\
\x00\x00\x00\x00\x00\x00\x00\x00\x00\x00\x00\x00\x00\x00\x00\x00\
\x00\x00\x00\x00\x00\x00\x00\x00\x00\x00\x00\x00\x00\x00\x00\x00\
\x00\x00\x00\x00\x00\x00\x00\x00\x00\x00\x00\x00\x00\x00\x00\x00\
\x00\x00\x00\x00\x00\x00\x00\x00\x00\x00\x00\x00\x00\x00\x00\x00\
\x00\x00\x00\x00\x00\x00\x00\x00\x00\x00\x00\x00\x00\x00\x00\x00\
\x00\x00\x00\x00\x00\x00\x00\x00\x00\x00\x00\x00\x00\x00\x00\x00\
\x00\x00\x00\x00\x00\x00\x00\x00\x00\x00\x00\x00\x00\x00\x00\x00\
\x00\x00\x00\x00\x00\x00\x00\x00\x00\x00\x00\x00\x00\x00\x00\x00\
\x00\x00\x00\x00\x00\x00\x00\x00\x00\x00\x00\x00\x00\x00\x00\x00\
\x00\x00\x00\x00\x00\x00\x00\x00\x00\x00\x00\x00\x00\x00\x00\x00\
\x00\x00\x00\x00\x00\x00\x00\x00\x00\x00\x00\x00\x00\x00\x00\x00\
\x00\x00\x00\x00\x00\x00\x00\x00\x00\x00\x00\x00\x00\x00\x00\x00\
\x00\x00\x00\x00\x00\x00\x00\x00\x00\x00\x00\x00\x00\x00\x00\x00\
\x00\x00\x00\x00\x00\x00\x00\x00\x00\x00\x00\x00\x00\x00\x00\x00\
\x00\x00\x00\x00\x00\x00\x00\x00\x00\x00\x00\x00\x00\x00\x00\x00\
\x00\x00\x00\x00\x00\x00\x00\x00\x00\x00\x00\x00\x00\x00\x00\x00\
\x00\x00\x00\xfe\xff\xed\xc11\x01\x00\x00\x00\xc2\xa0\xf5O\
m\x06\x7f\x00\x00\x00\x00\x00\x00\x00\x00\x00\x00\x00\x00\x00\
\x00\x00\x00\x00\x00\x00\x00\x00\x00\x00\x00\x00\x00\x00\x00\x00\
\x00\x00\x00\x00\x00\x00\x00\x00\x00\x00\x00\x00\x00\x00\x00\x00\
\x00\x00\x00\x00\x00\x00\x00\x00\x00\x00\x00\x00\x00\x00\x00\x00\
\x00\x00\x00\x00\x00\x00\x00\x00\x00\x00\x00\x00\x00\x00\x00\x00\
\x00\x00\x00\x00\x00\x00.5\xf7\x07\xe2\x1c\x9as#5\
\x00\x00\x00\x00IEND\xaeB`\x82\
\x00\x00\x11\x5c\
\x00\
\x00hFx\xda\xcd\x1d\xe9r\xe2F\xfa\x7f\xaa\xf2\x0e\
\xbdv\xd5\xc6N\x991`\xcc8\xa4\xf6\x87\x8d\xc9\x0c\
\x15l\x18\xc03Im\xed\x8f\x065\xa0\xb2\x90\x14\xa9\
\x19\xc6I\xf9-\xf6\xb9\xf6\x99\xf6\xebKg\xeb2\x1a\
O\xec\x8a\x07\xa4>\xbe\xfb\xea#\xe7?~\xff\x1d\xfa\
\x11\xdd\x93\xfd\xddd\xda\x9eY\xe6\x92x\xa8\xbf\xf3\xa9\
\xb3E3\xfad\x11\x7fC\x08\xe5m\xf8\x9f\xf9\xc6\xf4\
\x91\x1f\xbc@\xae\xe7|6\x0d\xe2\xa3\xa5c\xfb\xa6O\
\x89M\xd1\xc2\xc3\xb6a\xdak\xb47\xe9\x06\xd1\x0dA\
[l\xda\xe8z8\xc1K\x1fa\xd7\x85Y05\x1d\
\xfb\x0d\x1frH\xd1\xce\x87\x11X\xc3\xd9\xf5\xdd\x00-\
\xf0\xf2q\xed9;\xdb\x80Q-\xc7\x83>\xf0\xf1\xb3\
\xe9\xef\xb0%\xe6F\xd8\x0f\xc7\xf5\x9d\x15\xddc\x8f\x9c\
\xf1\xd1\xf8\x9c\x98\xc1\xb5\x22\xbe\x0f\x93@\x9f\x9b\xd1\xc3\
\x00\xe1\xe5\x92\x01\xc7GD\xferC\xb6\x04\xad\xe0\xa3\
\x81\xbdG6\xd8\x96\xbc\x09\xd1\xec\xf3V\x13l\x11J\
\x09\x9a\x92\x15\xf1\x88\xbd$=\xfe\x12\xa1\x9b\x10\xc2V\
\x0f\x89\x9f\xe3v\xab\xfd\xb6\x8d\xd1\x09\x07*\x82C\x03\
\xc0\xa4\xcb\x0d#\x08\x7f\x05\x048M\x8f\xd3\x0e\xc6i\
\xe1\x16i\xb7\xd0\x89O\x80\xa6\x00\xdd\x93\xa6\xf5E\xd8\
\xba\xd3\xbaj\xc1\xac\x0c\x0d`\x9d\x8bmb\xf9\x9a\x1e\
\x9d\xa0Gs\xd5j\xb7:\xe8d\xe1x\x06\xf1\xfc3\
\xe4\x13\x17{\x98\x02\xa15\xfd.\xc3~\x8b\xa6\xd1$\
0\x13!.\xf1\xa9\xa6m7l{\xd5\xfc\xa9\x09P\
m\x9c\xcf\x00\x94O1%\xc1\xe0s\xf2\x85\xa2\x89g\
n\x01\xb5\xa0\xc3\x8a\xb0_t\xb2\xdf\x98\x94\xc4Z\xce\
\x14\x19D\xdb\xe3\xfe\x0d\xfb\x8d\xb6\xb8\xdbQb\xa8\x91\
\xa0\xc5OW\xec7\xda\xe2\xd6\xf4\xf1\xc2\x0a\x1a\x1dw\
/\xd9\xafl\xa1\xf0\xb0v\x04]\x0b!\xe9\x0b\xb1;\
\xb9\x03\xb8=\x13$\xe8\x96\xf8\xe6\xdaF\xedf\xb3A\
\x1d;)8\xa7J.d\xf7\x18r\xc7\xdd&\xbe\x5c\
\x01-\xf8\x04\x9df\x13\x04\x02\x14\x06\xd3\x1d\xd0\x9c\x18\
|(\x8f`\x03/L\xcb\xa4\x01\xb3\xe5P\xef\x19\x01\
\x03*],\xae\xda\xab\xae\x1c\xea\x92\x0f\x05\xaac \
\x90*%Z\x9c\xd8;_jNb\xb4\xeb%5?\
\x13E\x85\xf6e\xf7\x82,\xe4h\xddf3\xd1\xf8\x16\
\xf0\x0b\xa8z\xdc2:\xc4\xb8\x92\x8d\xdf\x86\x8d\x15\xf5\
\xb80\xa1)6\xcc\x9d/{u\xdc/\xe8$b\x17\
\xb8j\xc6T\xe0\xfc\xfb\xef\xbe\xff\xee\xfcG\xf4\xaf\x03\
~`\x1c\x84\xde\x8d\xc67\xd7#4\x9b\xff>\x1a\xcc\
\xf8\x93C\x86\x94\x80}\xf8d\x1ak\xb0q\x7f\xf1\x01\
#*\xdd\xe0\xc4\xed)\x95\xffY\xbcW\x0f\x85(\xcb\
\x87+\xc7\xa6\x8d\x15\xde\x9a\x16\x88\xc3\x0fSg\xe1P\
\xe7\x873\xf5\xa91%\xeb\x9d\x85=\xf6dF\xd6\x0e\
A\x0fC\xf8\xecc\xdbo\xf8 y\xab\xe8(\xbe\xf9\
'\xb0\xaeu\xe1~\x81\xa7\xcf\x1c\xc0; \xe6'\xd3\
6\x9c}\x19 \x9f\xeb\xa2\xf6\xdd\xe0\xfe\x01\xdd\x5cO\
k#\xf4\x1d\xb1w7\xd8\xcbAB\x18\xad<J\x0b\
s\x06\x04\x02\xa9\xf3\x1d\xcb4\x12\xecq\xb1\xc1\x9cR\
\x0f\xb59\x01\xd9#\xdf\xc5\xcb\xe4#b\x91%\xf3M\
\x0d\x1d%\xb9\xc2\x84\xd4\x17P\xf7V\xce\x12\x14\xee\xaf\
L0\x84\xd6\xa6\xba\xf5\xc0\xd2m\xd3(\xf7\x10\x05\xff\
\x09\xa0\x81\xc7\xa1I\xd8\x99J]\x05\xc0\x8a\xb9\x1a\x9e\
T\xbaN\xf0\x02\xac\xcf\xda\xb49\x10\xfai{\x02O\
0\x1d9r\xa3\xc7V\xf4w=\xf0\xae\xb9\xdd\x03\xac\
\xb5\x1c\xabU\x16g\xb5\x0a\xe2A\xfa\xae\xd8\x7f\x11\xb2\
?&\xba\x99,\xd3\x88\xa7\xe2b\xb3\x9ct\x0a?\x13\
\xe3W\x96\x8c\x05}D\xf4\xa0\x93\xb26\xfb\xc3?$\
\xe5M\xc8vDH\xf3Ql&d\xf0\x05\x02\x98-\
A\xd1\x11\x8bER#\xd1\xb2\xaf!\x03\x04\xd59\xa0\
)\x0f\x14\x12=\x82xI\xb5\xde\x10s\xbd\xa1J\xdd\
\xb2,\x18\x0f\x89\xf2dG\xf1\xbb-(\x9f\x84\x13b\
\xeaet\xd6\xbdi\xd0\x0dL\x1a\x0aL\x00G;)\
V\x0d\x8b\xac\xe0\xc5U8j\x1d\xba7\x1f\x8fG\xe0\
\x06\xeaS\xbf\xb9\xe3X\xf9~ &\xb0\x1a[[Q\
\xd9:i_\x10>\xfa\x03\x92\x08\x97x\xf4\xa9aB\
\x143\x13\xee\x17H\xc8\xffD\xe8\xc8\xa0^\x00\xd4d\
\xbb \x86\xc1\xc31\x1fr\x22\xc4h\x8e\xb6\x8e\xb1\x83\
\x84\xc5p\x96\x8f\x10O\xf2/\x13\x16\xa3\xdf\xc2\x03\x11\
_\x9cr\xec?\x84\x0f\x8e\xb5\xcd\x90\xa2\xceY\xbcq\
V\xb3\xa4C\xb2!n\xcd\xd3\xd0\xa4\x11\xd2\xb8\x93\xa6\
F\xbeu\xee\xaa0\x08)\x8f\xac\xfc\xb0\xa3\x10v\x97\
E<\xd2E\x11ak\xda\x0d\xa9/\xed\x08^\xf0T\
\xe9L;W:t\x0eUN\xa7\xb1\x07J3K\x9b\
\x035<\xb3\xb7\xdd\xe4\x141Dt*\xc1\xf3\xc5\x8a\
\xa1QE=\xe9fP\x22I\xdb+=m\xaf\xb48\
\xf5DvX\xd2\xddJ 3lyd\xd4b?\x10\
 \x9f\xea\xbb\xdc\x90\xe5c\xf9\xb0&\x01S\xe0\x81s\
\x1cVd\xb2\xa4\xd3)g\xee\xf2C\xe2\x84\xc3\x8a\xcc\
\xd6\xdb\x82\x1bi\xa4\xbc\x08d\xaak\x12\xb3\x0e\x92\x97\
\xcdz}\xc5\xf5\xb01\xb9\xee\xcf\xd0\xdd\xf8\xf6a4\
P\xae\x03\x9dPlY\xc4;cv\x92x6/\xef\
\x80\xc4\x9d\x0a\xff\x02\xb2F\xa8(\xf5\x1c\x09;\xe1\xf7\
\x8e\x00\xd7\xed\xc29\xa7\xd2\xeab\xca\xdfS\xc7\xad\xcb\
\x0d\x01\xba,\xb1BbF\xa4&\x02\x1f@\xe11H\
l\x03\x09\xa8\xa5\xc3\x95\x89\xad@`E\x88%\x0c\xba\
\xb4\x0f\xc7\xa2\xee%\x06S\xae\xa2d\xa2S\x94\xd3H\
\x89\x80T\x92:[a\xb5e\xb3\x98(\x16\xdb{\xee\
\xd54\x89Q\xab\xa9U\xe8N\xbe\x93l\xab\x002\x22\
@\x11\xfeYx\x014j\xc0\xbf\xc0^\x8f'\xb7g\
hi\x11p!\x1e\xa2O\xae\xb3\xf6\xb0\xbby\x12T\
\x1c\xb1\xc61\x1a\xf2'\xe5\xf2&\xadbF\x93\xe9\x10\
\x0f\xfet/\xf1\xeb6\x9b9\xf9{\xe3\xc6\xb1\x8c0\
\x89\xd7%\xec\x19\x09\x9b0\x9e\x0dOR1F )\
m\x5c\xb8\x81c_X\xdd0\xd4\x09\x92.\x22\x0a\xfa\
\xf4Y\xfb\x1b\xe7K\x8cD\xfcaY\xb3\xf2\x95\x5c\x06\
\x13\xa9\x8b\xae@?J\xe8\xa8\xbbh\xeb\xc5\xeb\xa2\x1d\
gK\xac\xf2\x91SUI\xb1!7_J\xa4\xe5\xd9\
\x84L\xf8\xa9\xb8\x15\x8e\xfb\x83\x1c\xef\x5c8\x8b\xa6\x8c\
\xa0\xf7,\xf2\x9d\x22b\xc4\xb7\xe6\x8c\x1e\x09!\x8a\x87\
\x16\x06\x85'\x0d\x1a\xab\x11o\xc4\x85Y\x97\xed\x9d\xb3\
2\xba\x12f\x03\xac\x84\xe1\xecm\xb4\x10\xe1\x0c\xf6<\
g_$\xc1\xbd\x1e\xeb\xd6\xe0\xfd$\xf0\xfen\xc1\xec\
\xb0\xe7X\x0d\x07ff\x91\x88\x94\xb8\x9fS\x0d\x5c\xc7\
7\x19\xf3{\xcc9 \x0eg\xdc\xc5\xa5R[\x99&\
\x15\x08=\x8c\x96\xc0\xbaS\x8a6\x9d\x12\xe1s!\x1f\
{\x8c\x1a\x0dA\xber.<\x9a\x196\xf5\x08_\x06\
\x08k\x82y\xa9\xe9b\x80\x12-\x81<<`T$\
\x14\x05\xfb\xd2z\xa6\xc30Bx}\xb5C/k\x96\
\xe9S\xdd\xf2K\xa1\xe5\xfcp\xbd\xf0\x01\xbf%\x1dR\
\xb2\xfdh\x92}-5!]I0I\xb72YZ\
\x8e\x92V\x15DM\xd5\xc9\xd9Q\x88\xc0\xe2\xf2T\xae\
*\x1ao\x99\x11\xffV\xa1z\xbc|\x15\xf3\xa9\x91`\
%#\x8b\xcb$_^6\x9b\xf6\x90/\x85\xba8\xb9\
)Q\xddz\xc1\xb4%\xeaj\xafT\x99\x9d<\xcc\xde\
\xa3\x9b\x87\xf9||__\x85h\xb2\xf37\x7f\x8b\x8c\
\x98G5\xdd\xca\x11\x89FX\x9f\x13\x88\xd5\x99\x16G\
F\xad\x9c\x16G\xfa~\xfd\xb482\xd9\xd7O\x8bA\
\xba\xe5\x12\xad\x0aG>c\xcf\xc46\x15\x8e!\x84\xe5\
\xdf\xf2\xf9\xbf\x8e\x5c\xd1\xfe\xe8?\xafB\x03\xcd\xbc\x85\
R\x91r\x88\x07+\xf0\xac?\x1d\x8fF\xa8\xd6\x0a\xef\
l\x09\x91\x19/\x9b\x016\xd4\x5cb\xab,\x9b\xd3\xe5\
n\x8d!\xd7\xa9\xedsb\xe2\xde\x06\xdb\x86E\xca\x00\
\x10\xd3\xb4X\x86\xd2,\xbf\x08\xd7.\x05Ey\x7f\x91\
\x1a\x09LR\x83\xbbl5\xd6Y\xfc=\x84\xc4\xf1\xf7\
\xc9u\x8b\xa6\x16\xc2\x0d\x04\xd8\x7f\xb2\x9aGi\x16i\
\xd6\x1f\x0e\xe4Q)\x18R\x5c\x92\xa2R\x1f\x93B0\
\xea`S8Z\x16\xa3\xd2h\x7f\x9d\xa2\xdc\xfc\xfa\x06\
}\x1a\xde\xbe\x1b\xcc\xeb[\xc2\xc1\x0bQ\x8f\xef\xf5\xd8\
^\xa4jn\xec\xf0\xa5\x9cg\x05\x04'(\xc5\x8b\xaa\
U\x10\xb1y\xa8\x1aT\xaa\xfe\x96\x0e\xdeY\xc6\x92\x1f\
\xa0\xe7%\x93Y\xc1F\xbc\x8c\xd4\xd6#^j\x85\xb5\
d\xee\x92[aL\xcf,\xf2\xb8\x7f\x94\x00 ?R\
\xabO\xce\x07\xbf\xcd\xd1\xf0~\xf20\xaf\xcf\x93\x8d@\
Q\x07\x86I\xff\x06e\xb6V\xc9\xfd+\x89\x8a\x97\xc2\
@\xbf\x81\xa5\x9d\x95\xad\x16\xd6\xb8\x82q5u\xb3x\
-;n+\x83~%\x22\xc0\xfc(O\x17\x16\xaa\xf5\
6)\xae\xe4\x0bes\x9d\xa1\x0f\x13\x0b\x9b\xb6\xfa\xfe\
\xed\xb9Y\x9d\x91uhH\x7f|w3F7\xe3\xdf\
j\xd3\x0f\x95\xbb~c\x8av\x0b\x8b\x05\xf1T;\xb7\
\xd8\x9b\x10\xd8\xa0Oqq5\xd1!]\xd8\xd4,\xd3\
\xc7\x17\xacS#\x94\xa8\x03\xc6\x8a|\x9d\xd2E\xbe\xce\
\x01E\xbe\xb4\x7f\xba\xd2\x80\xff\xf5+l\xe5\xc4\xa4|\
aK\x17g\xd4\x92d\x8d\x86\xb7\x83:\x13,\xc0\x9e\
\x15Q\x01\x17\x10\xe4\x03\x82\xf8nV\xf0\x1c\xdd\x80\xaa\
f\xab\x12\xae\xc7\xbc\x89\xca\xea\xba\xe9ML\xe9=\x07\
\x0dV}n\xea\xa1\xba*\x03U\xc5$:I\xcc\x17\
\xa6\xac/\xa1d\x89\xa9^N\xc7&\xa7d!\x1dk\
\x11\xef\xc9\xf0\xbeV\xb72sM\x1b\x0c\x08\xf8\xed[\
g\x07A\x82\xfc\xfe\x8d\xbdLb\x997\xcb\xc9H`\
\x85\x18&Q\xa8\xe2yT\x17\x1e\xb9\xa5\x06\xca[I\
L\xc4\x80\xaaKo\xe76D-,5Z\xf8\xaal\
 \x9f\xbd\xe5\xec\xe0\xf55\xe5\x13\x9b\x1a\xaa\x0a\x97\x98\
\x85E\xe4\xe5+\xe1Q\xb0\xf6\x92\x8bJ@\xf3\x0cY\
I5\xc8\xa0CV\xf7T\x93\xd2%\x8dZ\xa2\xcd\xf7\
\x83\xfe\xaf\xcc,\xa0\x7f\xa2\xe9\xf5\xedp,\xd7\x09\xea\
\x0b>Y\xc1Z\x98\x09v$\xc5\x89/\x19h\x8d@\
\xb0\xe7\xe5*g]H\xbbX+\xe7\xca\xd9\xa2\xdbI\
[\xe5\x8evWu%\xebSb\xd9*\x0dZ\xa5\xf8\
V\xd3\xbd\xa6\xa5\x001A\x847\xafD\xbd\xb7\x15\xa8\
\xa7\x87\xae\x0a\x013F\xa8\x93\x86\xb5\xac\xd4M\xc7\xef\
\xa6\x83\xd9\xac\xd63=\x13\xcfY\xb3%\xa7\xd7\xd8\xcf\
\xad\x89u($\xf4\x0dl\x99k\x88w\xd8q6\xe2\
\x15,\xbe\x84\xe0\xf6\x80A;\xfb\xb1\x22{4A]\
-'\xdb\xa6\xe3\x87I\xad\x11\xd4;\xc0\xc5-\x08\x99\
t^\xb02Wd\x1a\xc8S\xc5\x08g\xd4\x91\x84\xe4\
s\xcd\x0e\xbc\xe7\x18\xc0\xbd\x1e5\xa9Er\xb6\x02\x89\
\x19\x8bv\x021\xe7-\xdbH?\xdeNGt\xcd\x88\
\x1f\xd0o\x95*\xaa\x83\xd5\xc1\xfd\xdb1\xf8IQ\xa1\
\xaf/E\x8c\xec\x99\xcfs\x88\x9c\xd8\x0b\x0c\x86\xc7r\
|\xc2\xb7w\xf6\xd0\xce\xb3Nz\xe7Cv\xaa\xf3\x9c\
?\x7f\xe3\xda\xeb\xd3d\x0f\xdb\xf1\xb6\xd8\xd2t\x01j\
\xc1\xe4\xaaO\xf2,@\x82\xc1\xa5\xcf+]\xe9\x8a\xea\
/+\xbb\xa7A\x12\xd8G\xa2\xca\xf0\xd5\xcar0\xcd\
\x8c){\x99\xd5\x93XD\x99\xd8\x82\x93\x0f@$\x9c\
\xd3\x83Qm\xdbI\xf6Z\x5c=\xb9\xdfh8\x9f\x0f\
\xa65\xe6~\x96Ii\x98%\x97\xdf\xcb\x90\xec\x99\xbd\
\xc2\x16O\xd7\x12\xbd\xb2\x16Ps;\x15q\xa4\xfeb\
.\xdb\x5c?\x1fN\xea=\x9757\xdd\x17\xef)\xca\
r#\xd130Z7\x9a:\x94\xd4\xd5\xee\x0cn\xd7\
,\xb8\xf3\xeb\xf9C\xbd\xd1\xd0\x8c\x9f\xca\x7f\xc1\x19\xe7\
\xa2\xf5\xc8\xc4\xc1\xaa`\x9e\xc4\xd1\xcf\xb8\xdd\xa9O\xd2\
\xa6\x83\x01\xfa8\x1c|\x82Dn4\x9c\xcd\xf9\xe7\xfa\
\xc4\xce#\x84\xd5\x86\xc1\xde\x8dL\x9f\xca\x8fs\xb66\
\xf4\xedJ\xc6\xd8\x02\xe5\xb61%\x8d\xa2\xc0\xa9\xcaY\
r\x85\xaa`[\x04\xe1\xe0A\x80v\xf6\xae\xc8\xe2\x03\
\xb8\xf1i\x02o\x12\x9f,x\x9c\x98\xb2\xd0\x92%\xf2\
\xa7\xc4dj98=_\xe4Mr\xca\x9a\x8e\x09\xbf\
'\x18H\x22\xc6\xf5\x05S\x0e\xaa\x18f\x86\x1e\xda\x1d\
\xbc\xc1\xe9\xe02\x9b\x08\xb2\x9ae\x86\xc7\x1a\xdc\xbeA\
Ig6\x1a\xf6\x07\xd3\xc6l2\xe8\x0f\x7f\x19\xf6U\
\xd0\x8aN\xcc\x95\xba\xf2\x078{Z\xe7\x19-q`\
FH\x88#\xaf\xbe\xe1\xaf\xff\x10\xf7\x18\x89\x063\xf9\
\xfe\x85g\x8b\x13\x16\xf3v\xd8\x1f\xdf\xa1\x85\xe7\xec}\
 0\x9blI\x1f\xf9\xc3\x1b\xf9\xac\xc2E\x1c\x1f\xe7\
\xbf\x22\x08\x0e\xd9\xc5){~\x8b\x87\xcfv\xab\x9b\xb6\
\xb9\x95\x17\x1d\xb1M\xeb\xd4\x01\x18(2Y\x0a\xcb\xae\
!\x12{\x14\xa1\xeb\xd8%\xf6\xbb\xd1=fW\xba\x14\
\xdeT\xd2\xe4?\x87\xd8\xbe\xe7z\xe4\xe4~\xf0\x89\xdd\
4\x05\xff\xa9\xa3\x805]\xda\x22\xfc\xd1\x86\xf8D\xde\
O%\xf6\xfd\xf3\xc3\x81\x90\x85\xb2m\xffGl\xd6\xff\
\xfd\xf7\x08\xb9\x8e\xbbs\xd9-<\xecR\x9f\x95\xe3\xf1\
\xbe\xf2\x82\xa9\xe0\xc2\x9a\xe5\x13Z\x10\xba'\xc4\x0e\xef\
\x9ab\xa3\xb0\xcb\xa8\xe4EY\xe2p\xf7\x1b\xde]\x14\
6-\xec\xfb\x81H\xfa\xfcv\x9e\x1e\x7f\x03\x8cu=\
\xa1\xaa=4\x86\xc4`M\xd0\x9aQ\x98]\xa0\xb0\xe1\
\xcf\x11;\x19x\x92>\xad n\xae:\x0d\x87\xb9q\
\x8c'~\xfa\xb9\xc7/\xe9\x01~\x19OR\xfc\xc5\xf5\
W\xe2\x02\x1f\xc1\xc6\xb0\xdb\xd0^9,2@\xbf8\
\x0e\x08\xd3\xb9\x09\xdf\xf9\x9c\xbc\x13\xa4\xcb,\xf7\x92b\
\x17\xf6\xea\x8b\x1cZ\xce'\xbf!eDyW\x102\
\x0b\xbb\xbe\xb9H\xf4\xafI\xcf\x81i\x82p\x00P\x92\
rY\xd4\x12Z\xf2\x8b\x87\xb7\xe48 |\xb5\x8aN\
\xdea\x8c\xdc\xad\x1b\x19'%\xb7\xf8K\xf0\xf82\xea\
\x94\x93P~\x88\x9dp\xcc\xbeVH\x06\xbf\x97\xfa\x0a\
\xca\xdbC\xcf0\x16\x1dR\xd2\x83\xcd\x1e\xcc@\x94\xa2\
\x89\xbcD\xc1[/\xf0I\xfb\xf2\xf2\x0c\x85\x7f\x9ao\
\xaeN58\xb5\xf48uB\xb7'\x05\x83\xa9\x02\xe2\
\xb2\x09\xc2!\x94!\xbc\x8f\x8c\x0b\xa7#$&\xa6\x13\
\x09\xe9\x08\xf4\xe9\x80\xdd\x8ay%\xc1Li\x89b\xa2\
4K!\xd3\x8f*\x95\xd06?\x01wT5_\xef\
\xce\x8c\xf4z2[\xfd\xd4\x0at\x0c\xc0\x8ab\xdd.\
9\xe0\xb1$\xce\x5c#q\xd9\x07\x7f/\x8a\x0e\xfe\xaa\
*\xa5\x0a\xcb:)\x861s\x8aXD\xd1\x90\x06U\
\xc8\x9b\x88\x10\x5c\xcc\xec0\xc8\xe0\x96Pl`\x8a\x13\
\xac\x93\xb6\xf8U\xb9\x96u\x9a\xfb\xa2\xad\xb5Q\x1d-\
K\x15\xe0zn\xc6\xb2U\xbdB\x976+\xf1\x99\x8e\
\x99\xb7\x9a0\xaa\xfe\x95\xb3\xe9/f\xea\x8e@Z\x80\
X\xd8?:c\x9fw\x9e\x09<\xba'\xfb#v\xdb\
\x80\xed\xb0\x05?\x92\xe0\xe9\xb5\xf0jb\xc9\xc6\x0f\xfd\
\x8d\xb4\x1e\xe2$v\xe2\x90\x08\x83U\xf4\xbb\xa1v\xdd\
%\x92\xbcs\xfcY\x5c\xce8\xd4~\x19w\x08\x1a5\
\xcb\xc0\xa9\xfc\xae\x99\xe2\x15\xbf\xac)\xaa^\xde\xa4\x8c\
&\xab\x8d\x9eO!\xe8\xa3\x11\xa6Ma\xa0h\x18\x10\
\x9f\x94\xf7\xc9g\x95\xb1lw\xdbUYEV\x1d\xf8\
\xa9\x91U:\x8a)\xe0\x0by\x12@\x13%\xd7G\xcc\
no\xe4\xfa$\xe8\x84\x8d\x86c[O\x88\x87\x82\x86\
\xe9\xbb\x16\x8e\xdd\xbb\x003\xf2>\xc5\xa6\xfbU\xeej\
\x8a\x04Y\xd9\xe5?\x86\xe8\xc8\xb4\xd9\x02+K\x8a}\
\xc4\x97\xb1\xd9\xc1`q\xecW.jsj\xaa7\xd5\
\x9cRl\xbb@\xf4\xbe\x1e\xdd\xd8\x87-lg\xae`\
\xe4P\xb2\xf4\xb6\x80\x0c0\xeb]\xe3/\x9a\xac\xfcr\
\xba\xe4\xad\xd8)\x976\xce\x9c\xbb\xe2%\x0fB\x0b7\
B\x16\xd0Q\xb3\x11\xb2\xdcI\xc4\xec\xed}Q\xb8^\
\xbce\xb2\xc8K\xa4\xa5\xab\xcc\xfe\xc9\xb7\xd5\x80\xad~\
\x1cQ\xc4\xb8aL+\xb7\xe4\x9c,\xe9c\xe4\xb1x\
z\xaa*+\xa97\x22\x08\x0cG\xa9X\xc4\xd3x\xaa\
z\xb6\xeb\xe7]\x1f\x93\xbe\xb8\xb5\x04f\xc5\xc5\xd6\xf4\
\x1a}\xc6\x92R\x8d\x05>Q\xeb\xef\x8f\xef\xe7\xech\
\xe8`:\x03-T7;Im\x9c\xb3\x1b\x91y\x8f\
1 \xe0\xb1\x8b\xf0\x0c\xb2\xc2;\x8b\xaa\xaa\x89G\x8c\
\xf3\xb5G\x88}\xfeD,\xcb\xd9#\x9f=Gr\xb1\
\xde\x02\xdd\xae\xb1z0K\x8c\xcd\xd4\x83\x95\xcaB\x8a\
2K\xc2\xefr\x16\x15\x14\xd3\xf6)\xf8E\xe4\xac\x84\
\xd4\x80\x1d\xe45\xc5\xbb\xe9\xdd\x88\x0f\xd6\x0f\xc6*\xac\
\xba\x1d\xee\x01\x95\xf6\x04\xb4\x84\xd8\xe6\xfcwN\xb6\xf3\
w\x8c\x86)\xe2\xc9\x1b\xce\x17\xd8\xf3\x0b\x00?\x86\xb1\
\x12/\xcer\xdb\x8by+u\xe10&^\xd5A\xb0\
\xe7,\xf6.\x82(0r\xf34go\x18\xbc\xe7\xf0\
2\x12n\x9d\xe57\xac~7_E\x01\xb8(\xbc\x96\
1<\xea\xda\xd2W\x9f\xa2\x17U\x96C:\xd8MZ\
\x0e\xf5\x1a\xef*(\x09\x9fL\x14\xcaCX\xf5\xde\x03\
\x9dPY*b\x8e\x17\x93\x22\xa6bz\xfe\xee\xfc\xf7\
B\xe1\xd2\x86\xd1\x19\xbb\x8at\xdbGJ\x94\xc8.c\
%2\x81\x89\xb3Z\xb1\x04\xc9\x0f\x02'\x89\x06\xbf\xbc\
^g\xf0\x02\xe3\x01\x8eJ\x84\x00Y\xa6N\x9b\xc3'\
{\xbd\xe8PJQ,\x96\xa5,y\xfb\x0c\xf2\xa1\xfb\
\xea\x11Y\xeeM\xbdA\x90\xd6\xc9\x0e\xd2\xba\xb1\x10\xa2\
$\x16\xd5C5\xf0\x0b;\x10\x1b!/\xea\x92C\xf6\
\xff)\xc0 2\xa6m\xcb\xa5\x0a\x9d\x80H0\xa2\xf7\
\xaejq\x0d\xcbL\xad\xb8\xa3K\xe9\x9e\xef\x9a6K\
\xd1\xd4z\x98v\xd6\xd8\xee\xf63\x1dX\xaf\x7fLD\
c\xbf[1\xfb\xad\xd7\xe6\x88U\xbflj)\xd6\x8e\
\xdf\x02pq\xcb\xf3\x5c\x15\xd8\xc8`&R\x06\x0f\xac\
\xd2|\x03\xde\xf8\x965~\xfd\x18\xa6\x08\x00\x8d\xe3\xcd\
k\xfdJ\xde\xb7\x1c\xe8\x87\x98\xf5\xb8\xdc\x7ff\x8c\x5c\
\xb1\x0ah\x1e\x1fy\xdb\xe2%\xdf\xa4[\x03A)7\
\xbe\xc0\xb5\xc2\x04\xff\x07c\x86K\x1d\
\x00\x00\x00\x8d\
[\
General]\x0d\x0a\x0d\x0a[App\
licationUpdate]\x0d\
\x0aServerUrl=\x0d\x0a\x0d\x0a[\
MainWindow]\x0d\x0aDon\
tConfirmExit=102\
4\x0d\x0aDontConfirmRe\
start=1024\x0d\x0aDont\
ShowDisclaimerMe\
ssage=1024\x0d\x0a\
\x00\x00\x91-\
\x89\
PNG\x0d\x0a\x1a\x0a\x00\x00\x00\x0dIHDR\x00\
\x00\x048\x00\x00\x048\x08\x06\x00\x00\x00\xec\x10l\x8f\
\x00\x00\x00\x01sRGB\x00\xae\xce\x1c\xe9\x00\x00\x00\
\x04gAMA\x00\x00\xb1\x8f\x0b\xfca\x05\x00\x00\x00\
\x09pHYs\x00\x00\x0e\xc3\x00\x00\x0e\xc3\x01\xc7o\
\xa8d\x00\x00\x90\xc2IDATx^\xec\xfd\x0f\x90\
d\xd7]'\xf8\xba\xe4\x1e\x1b\xbb\x0b\xd3\xdd%wU\
\x17-U\x09dZj\xef[\x81\x09\xbf\xc0L3f\
a\xe8\x89\xb7~<\x8ff\x1f\x927\xc0\xb1\x80\xd7\xf2\
<\x8b\x85\x07\xfb\xc6\xd6\xae\xe2Y\x12\x1b^\xfc'\x86\
\x09\xfeH1Hk\x9b]L\x8c%vFx\xc1l\
\xd0^\x1cc\xe8\xc1,~\x18\x14\xebn\xb5P\xdbU\
\xad.Ug\x95\xba\xfe U\xcb+!K\xef\x9c\xca\
\x93\xe5\xaa\xae\xac\xaa\xfc\x9f\xf7\x9e\xfb\xf9Dd\xdc{\
2\xb32\xf3\xfe\xa9\xcc<\xbf\xfc\xdes_\x05\x00\x00\
\x00\x00\x00\x00\x00\x00\x00\x00\x00\x00\x00\x00\x00\x00\x00\x00\
\x00\x00\x00\x00\x00\x00\x00\x00\x00\x00\x00\x00\x00\x00\x00\x00\
\x00\x00\x00\x00\x00\x00\x00\x00\x00\x00\x00\x00\x00\x00\x00\x00\
\x00\x00\x00\x00\x00\x00\x00\x00\x00\x00\x00\x00\x00\x00\x00\x00\
\x00\x00\x00\x00\x00\x00\x00\x00\x00\x00\x00\x00\x00\x00\x00\x00\
\x00\x00\x00\x00\x00\x00\x00\x00\x00\x00\x00\x00\x00\x00\x00\x00\
\x00\x00\x00\x00\x00\x00\x00\x00\x00\x00\x00\x00\x00\x00\x00\x00\
\x00\x00\x00\x00\x00\x00\x00\x00\x00\x00\x00\x00\x00\x00\x00\x00\
\x00\x00\x00\x00\x00\x00\x00\x00\x00\x00\x00\x00\x00\x00\x00\x00\
\x00\x00\x00\x00\x00\x00\x00\x00\x00\x00\x00\x00\x00\x00\x00\x00\
\x00\x00\x00\x00\x00\x00\x00\x00\x00\x00\x00\x00\x00\x00\x00\x00\
\x00\x00\x00\x00\x00\x00\x00\x00\x00\x00\x00\x00\x00\x00\x00\x00\
\x00\x00\x00\x00\x00\x00\x00\x00\x00\x00\x00\x00\x00\x00\x00\x00\
\x00\x00\x00\x00\x00\x00\x00\x00\x00\x00\x00\x00\x00\x00\x00\x00\
\x00\x00\x00\x00\x00\x00\x00\x00\x00\x00\x00\x00\x00\x00\x00\x00\
\x00\x00\x00\x00\x00\x00\x00\x00\x00\x00\x00\x00\x00\x00\x00\x00\
\x00\x00\x00\x00\x00\x00\x00\x00\x00\x00\x00\x00\x00\x00\x00\x00\
\x00\x00\x00\x00\x00\x00\x00\x00\x00\x00\x00\x00\x00\x00\x00\x00\
\x00\x00\x00\x00\x00\x00\x00\x00\x00\x00\x00\x00\x00\x00\x00\x00\
\x00\x00\x00\x00\x00\x00\x00\x00\x00\x00\x00\x00\x00\x00\x00\x00\
\x00\x00\x00\x00\x00\x00\x00\x00\x00\x00\x00\x00\x00\x00\x00\x00\
\x00\x00\x00\x00\x00\x00\x00\x00\x00\x00\x00\x00\x00\x00\x00\x00\
\x00\x00\x00\x00\x00\x00\x00\x00\x00\x00\x00\x00\x00\x00\x00\x00\
\x00\x00\x00\x00\x00\x00\x00\x00\x00\x00\x00\x00\x00\x00\x00\x00\
\x00\x00\x00\x00\x00\x00\x00\x00\x00\x00\x00\x00\x00\x00\x00\x00\
\x00\x00\x00\x00\x00\x00\x00\x00\x00\x00\x00\x00\x00\x00\x00\x00\
\x00\x00\x00\x00\x00\x00\x00\x00\x00\x00\x00\x00\x00\x00\x00\x00\
\x00\x00\x00\x00\x00\x00\x00\x00\x00\x00\x00\x00\x00\x00\x00\x00\
\x00\x00\x00\x00\x00\x00\x00\x00\x00\x00\x00\x00\x00\x00\x00\x00\
\x00\x00\x00\x00\x00\x00\x00\x00\x00\x00\x00\x00\x00\x00\x00\x00\
\x00\x00\x00\x00\x00\x00\x00\x00\x00\x00\x00\x00\x00\x00\x00\x00\
\x00\x00\x00\x00\x00\x00\x00\x00\x00\x00\x00\x00\x00\x00\x00\x00\
\x00\x00\x00\x00\x00\x00\x00\x00\x00\x00\x00\x00\x00\x00\x00\x00\
\x00\x00\x00\x00\x00\x00\x00\x00\x00\x00\x00\x00\x00\x00\x00\x00\
\x00\x00\x00\x00\x00\x00\x00\x00\x00\x00\x00\x00\x00\x00\x00\x00\
\x00\x00\x00\x00\x00\x00\x00\x00\x00\x00\x00\x00\x00\x00\x00\x00\
\x00\x00\x00\x00\x00\x00\x00\x00\x00\x00\x00\x00\x00\x00\x00\x00\
\x00\x00\x00\x00\x00\x00\x00\x00\x00\x00\x00\x00\x00\x00\x00\x00\
\x00\x00\x00\x00\x00\x00\x00\x00\x00\x00\x00\x00\x00\x00\x00\x00\
\x00\x00\x00\x00\x00\x00\x00\x00\x00\x00\x00\x00\x00\x00\x00\x00\
\x00\x00\x00\x00\x00\x00\x00\x00\x00\x00\x00\x00\x00\x00\x00\x00\
\x00\x00\x00\x00\x00\x00\x00\x00\x00\x00\x00\x00\x00\x00\x00\x00\
\x00\x00\x00\x00\x00\x00\x00\x00\x00\x00\x00\x00\x00\x00\x00\x00\
\x00\x00\x00\x00\x00\x00\x00\x00\x00\x00\x00\x00\x00\x00\x00\x00\
\x00\x00\x00\x00\x00\x00\x00\x00\x00\x00\x00\x00\x00\x00\x00\x00\
\x00\x00\x00\x00\x00\x00\x00\x00\x00\x00\x00\x00\x00\x00\x00\x00\
\x00\x00\x00\x00\x00\x00\x00\x00\x00\x00\x00\x00\x00\x00\x00\x00\
\x00\x00\x00\x00\x00\x00\x00\x00\x00\x00\x00\x00\x00\x00\x00@\
)\x8c\xa4)\x00\xd0'\xaf\xbc\xf2\xcad\x98\x9c\xa8\xb7\
\xea\x9ex\xe2\x89\x9b\xae\x5c\xb9\xf2\xdd\xa9\xd9\xd4\xfe\xfd\
\xfb\xbfv\xec\xd8\xb1s\xa9\xd9pzddd>\xcd\
\x03\x00\x90(p\x00@\x0fm.f\xc4\x22\xc6\xb3\xcf\
>\xfb}\xd7_\x7f\xfd\x89\xf1\xf1\xf1k\xe3u\xddZ\
XX\xb8\xfc\xd4SO\x9d~\xc3\x1b\xde\xf0\xd7\x9b\x8a\
\x1f\x8a\x1e\x00@\xe5)p\x00@\x97\x1aE\x8dX\xd0\
\xd8\xbf\x7f\xff\xcf\x1e=zt\xaa~\xcb`\xcc\xce\xce\
\x9e}\xe1\x85\x17\x1eN\x05\x0f\xc5\x0e\x00\xa0\x92\x148\
\x00\xa0\x03\x8d\xa2\xc6c\x8f=\xf6\x83\xd7_\x7f\xfd{\
\x0e\x1e<8Z\xbfe\xb8\xe6\xe6\xe6.\x5c\xb9r\xe5\
\x93\x8a\x1d\x00\x00\x00@S\xb1\xa8\x11.\xb7]\xbat\
\xe9\xce\x8b\x17/\xce\x86\xf9B\x9b\x99\x999\x13&\xb7\
\x85K,\xc6\x00\x00dM\x82\x03\x00\xf6\x90\x0a\x04'\
\xe6\xe7\xe7\xdf>99\xf9\xfe\xfa\xb5\xe5\x11\xc7\xed\x08\
\xcbp\xef\xc4\xc4\xc43\xa1)\xd5\x01\x00\x00\x00U\x12\
\x0b\x1b1\x01\xf1\xf4\xd3O\xdf\x1f\xa6YH\xcb\x22\xd1\
\x01\x00\x00\x00U\x10\x8b\x00+++\xf7\xadW\x052\
S\xab\xd5\x9e\x89\x87\xd9\x84Y\x85\x0e\x00\x00\x00\xc8Q\
\xec\xf4\x87\xcbm\xb1\x08\x10\x8b\x0193F\x07\x00\x00\
\x00d(v\xf4ggg\xffM\xec\xfcW\x89\xc3V\
\x00\x00\x00 \x03\xb1s\x1f.\x95Hm\xec$\x9d\x15\
F\x9a\x03\x00\x00\x00\xca(v\xe8s\x1aD\xb4[i\
\xdc\x11E\x0e\x00\x00\x00(\x8b\xd8\x91\xff\xfa\xd7\xbf\xfe\
\xa5\xf5\x9e=\x1b\xd2a:\x8a\x1c\x00\x00\x00Pd\xb1\
\xf3\x1e.\xb7\xa5\xc32h\x22\x0d@\xaa\xc8\x01\x00\x94\
\xc6H\x9a\x02@%\xa4N\xfb?\x0b\x97\xdfX\xbf\x82\
\x1d\xcd\xcd\xcd]8z\xf4\xe8\x07\xc2\xec\xe9\x91\x91\x91\
\xf9\xfa\xb5\x00\x00\xc5\xa4\xc0\x01@e(nt\xec\xbf\
\x0a\x97\x7f\xa7\xc8\x01\x00\x14\xd95i\x0a\x00Y\x8b\xc5\
\x8d\xd5\xd5\xd5\xf7\x85Y\xc5\x8d\xf6\xc5u\xf6\xcf\x1c\xb2\
\x02\x00\x14\x99\x04\x07\x00\xd9\x93\xdc\xe8\x19I\x0e\x00\xa0\
\xb0$8\x00\xc8\x9a\xe2FO\xc5ux\xa2>\x0b\x00\
P,\x0a\x1c\x00\xe4.v\xc8\x157zdvv\xf6\
\x1e\x87\xaa\x00\x00E\xa4\xc0\x01@\xb6bG<v\xc8\
S\x93\x1e\x98\x9e\x9e>>33\xf3o\x159\x00\x80\
\xa2Q\xe0\x00 K\xa9\xb8\xf1\xa9\xd8!OW\xd1#\
7\xdcp\xc3\x0f\x5c\xb8p\xe1_*r\x00\x00E\xa2\
\xc0\x01@vb\xc7;\x9e1ezz\xfad\xba\x8a\
\x1e\x9b\x9a\x9azW\x5c\xc7\x8a\x1c\x00@Q8\x8b\x0a\
\x00\xd9\x09\x9d\xee\xdb\xc2\xe4\xe1z\x8b>\xbb}dd\
\xe4\x914\x0f\x0004\x12\x1c\x00d%&\x0a\x16\x16\
\x16\xeeOM\xfalff\xe6\x17\xa58\x00\x80\x22P\
\xe0\x00 \x1b\xb1\xa3\x1d\xc7\x86\x18\x1f\x1f\xbf6]E\
\x9f\xc5\xf18\x1c\xaa\x02\x00\x14\x81CT\x00\xc8\x86C\
S\x86\xca\xa1*\x00\xc0PIp\x00\x90\x85\x98 \x98\
\x9b\x9b\xfbXj2`\xb3\xb3\xb3\xef\x91\xe2\x00\x00\x86\
I\x81\x03\x80,\xd4j\xb5[\x8f\x1e=:\x95\x9a\x0c\
X:c\xcd\x89z\x0b\x00`\xf0\x148\x00(\xbd\x98\
\x1c\x18\x19\x19\xb975\x19\x92\xd9\xd9\xd9{\xa48\x00\
\x80aQ\xe0\x00\xa0\xd4b\x87z~~\xfen\x03\x8b\
\x0e\xdf\xf4\xf4\xf4\xf1\x98\xa4IM\x00\x80\x81R\xe0\x00\
\xa0\xecNLNN\xbe?\xcd3d1I#\xc5\x01\
\x00\x0c\x83\x02\x07\x00\xa5V\xab\xd5\xde\x98f)\x80\x94\
\xa41\x16\x07\x000p\x0a\x1c\x00\x94\x96\xb17\x8a\xc9\
X\x1c\x00\xc00(p\x00Pf'\x8c\xbdQ<q\
,\x8e0\x91\xe2\x00\x00\x06J\x81\x03\x80R\x8a\x09\x81\
\x98\x14HM\x0a\xe6\xc2\x85\x0b\xb7Jq\x00\x00\x834\
\x92\xa6\x00P*\xa1\xf3|[\x98<\x5coQP\xb7\
\x8f\x8c\x8c<\x92\xe6\x01\x00\xfaJ\x82\x03\x80Rz\xe2\
\x89'nJ\xb3\x00\x00\xa0\xc0\x01@\xf9\xc4C\x1f\xf6\
\xef\xdf\xff\xb3\xa9IA\xcd\xcc\xcc\xfc\xa2\xc3T\x00\x80\
Aq\x88\x0a\x00\xa5\xe3\xf0\x94Rq\x98\x0a\x000\x10\
\x12\x1c\x00\x94N\xadV{c\x9a\x05\x00\x80u\x0a\x1c\
\x00\x94\xce\xc5\x8b\x17\xffq\x9a\xa5\xe0\x1e{\xec\xb1\x1f\
L\xb3\x00\x00}\xa5\xc0\x01@\xa9\xc41\x1dn\xbc\xf1\
F\x05\x8e\x92\x18\x1b\x1b\xfb\xa7\xc6\xe1\x00\x00\x06A\x81\
\x03\x80\xb29q\xf0\xe0\xc1\xd14O\xc1\x1d=zt\
*LN\xd4[\x00\x00\xfd\xa3\xc0\x01\x00\x00\x00\x94\x9e\
\x02\x07\x00\xa5\xf2\x95\xaf|\xe5\x1di\x96\x920(,\
\x000\x08\x0a\x1c\x00\x94\xcaK/\xbdts\x9a\xa5$\
\xe6\xe7\xe7\xff\xafi\x16\x00\xa0o\x148\x00(\x8d8\
X\xe5\xd4\xd4\xd4\x0d\xa9II(J\x01\x00\x83\xa0\xc0\
\x01@\x99\x9c\x18\x1f\x1f\xbf6\xcdS\x12\xb1(\xe5L\
*\x00@\xbf)p\x00\x00}\x95\x8aR\xce\xa4\x02\x00\
\xf4\x95\x02\x07\x00\x00\x00Pz\x0a\x1c\x00\x00\x00@\xe9\
)p\x00\x00\x00\x00\xa5\xa7\xc0\x01@i<\xf1\xc4\x13\
7\xa5Y\x00\x00\xd8B\x81\x03\x80\xd2\xb8r\xe5\xcaw\
\xa7Y\x00\x00\xd8B\x81\x03\x00\x00\x00(=\x05\x0e\x00\
\x00\x00\xa0\xf4\x148\x00\x00\x00\x80\xd2S\xe0\x00\xa04\
\xde\xf2\x96\xb7|.\xcd\x02\x00\xc0\x16\x0a\x1c\x00\x00\x00\
@\xe9)p\x00\x00\x00\x00\xa5\xa7\xc0\x01\x00\x00\x00\x94\
\x9e\x02\x07\x00\x00\x00Pz\x0a\x1c\x00@_-,,\
\x5c\x0e\x93\xd3\xf5\x16\x00@\x7f(p\x00P&\xa7S\
g\x99\x12\xb9p\xe1\xc2\xff1222\x9f\x9a\x00\x00\
}\xa1\xc0\x01@i\xc4N\xf2SO=%\x09P2\
\xfb\xf6\xed\xbb\x98f\x01\x00\xfaF\x81\x03\x80Ry\xcd\
k^s!\xcdR\x12oy\xcb[>\x97f\x01\x00\
\xfaF\x81\x03\x80R\xb9\xe5\x96[\xfe<\xcd\x02\x00\xc0\
\x06\x05\x0e\x00\xa0oVVV\xd6\xc2\xc4aE\x00@\
\xdf)p\x00P6\x06\x1a-\x91\xf3\xe7\xcf\xffo\x06\
\x18\x05\x00\x06A\x81\x03\x80R\x89\x9d\xe5Z\xad\xf6\xbb\
\xa9I\xc1]w\xddu\xff[\x9a\x05\x00\xe8+\x05\x0e\
\x00J\xc78\x1c\xe5111\xf1L\x9a\x05\x00\xe8+\
\x05\x0e\x00\xa0/\xe6\xe6\xe6\xe2\x19o\x8c\xbf\x01\x00\x0c\
\x84\x02\x07\x00etzff\xe6/\xd2<\x05u\xe5\
\xca\x95O\x1a\x7f\x03\x00\x18\x94\x914\x05\x80Ry\xe5\
\x95Wn\x0b\x93\x87\xeb-\x0a\xea\xf6\x91\x91\x91G\xd2\
<\x00@_Ip\x00\x00=\xe7\xf0\x14\x00`\xd0\x14\
8\x00(\xab\xd3\x17.\x5c\xf8L\x9a\xa7`\xf6\xed\xdb\
\xf7q\x87\xa7\x00\x00\x83\xa4\xc0\x01@)\xc5\xce\xf3\xd4\
\xd4\xd4\xa3\xa9I\xc18{\x0a\x000h\x0a\x1c\x00\x94\
\xd9\xe9\xd9\xd9\xd9\xb3i\x9e\x82H\xc9\x1a\x87\xa7\x00\x00\
\x03e\x90Q\x00J\xcd`\xa3\x85dpQ\x00`\xe0\
$8\x00(;)\x8e\x02\x09\xdb\xe2T\x98Ho\x00\
\x00\x03'\xc1\x01@\xe9Iq\x14\x8a\xf4\x06\x000\x14\
\x12\x1c\x00\xe4\xe0\xf4\xcc\xcc\xcc_\xa4y\x86\xc4\xd8\x1b\
\x00\xc00Ip\x00\x90\x05)\x8eB\x90\xde\x00\x00\x86\
F\x82\x03\x80\x5c\x9cN\x09\x02\x86`uu\xf5\x97\xc3\
Dz\x03\x00\x18\x1a\x09\x0e\x00\xb2\xf1\xca+\xafL.\
,,<6>>~m\xba\x8a\x01\x98\x9b\x9b\xbbp\
\xf4\xe8\xd1\x1f\x1c\x19\x19\x99OW\x01\x00\x0c\x9c\x04\x07\
\x00\xd9\x88\x1d\xecW^y\xe5\xde\xd4d@\x8e\x1e=\
\xfa\x01\xc5\x0d\x00`\xd8\x148\x00\xc8\xca\xc4\xc4\xc4\xa3\
\x0eU\x19\x9c\xf9\xf9\xf9\x07\xc2\xc4\xa1)\x00\xc0\xd09\
D\x05\x80\xec8Te0\xe2\x99kn\xb8\xe1\x86\xff\
Lz\x03\x00(\x02\x05\x0e\x00\xb2\xe4\xac*\x03\xe1\xac\
)\x00@a8D\x05\x80\x5c\x9dNg\xf6\xa0?\xfe\
\xabpqh\x0a\x00P\x18\x0a\x1c\x00d)\x1e6q\
\xe0\xc0\x81\xdf2\x1eG\xef\xa5\xc2\xd1\xbfsh\x0a\x00\
\x00\x00\x0cH\x1c\x8fcvv\xf6\xdf\x84)=\x90\xd6\
\xe5dZ\xbd\x00\x00\x00\xc0\xa0\xc4\x0e\xf9\xcc\xcc\xcc\x99\
\xf5\x1e:\x1dS\xdc\x00\x00\x00\x80!\x8b\x1dsE\x8e\
\xce)n\x00\x00\x00@A\xc4\x0e\xba\x22G\xfb\x147\
\x00\x00\x00\xa0`bG]\x91\xa3u\x8a\x1b\x00\x00\x00\
PP\xb1\xc3\x9e:\xee\xecBq\x03\x00\x00\x00\x0a.\
v\xdc\x159v\xb6\xb2\xb2r_\x98(n\x00\x00\xa5\
1\x92\xa6\x00P9\xb1\x03\xbf\xba\xba\xfa\xbe\x03\x07\x0e\
|(]Uy+++k\x07\x0f\x1e|O\x98=\
=222_\xbf\x16\x00\x00\x00(\xb4X\xe4\x08\x97\
\xdb.^\xbc8\x1b\xa6\x95\xf6\xf5\xaf\x7f\xfdKa\x22\
\xb5\x01\x00\x00\x00e\x15;\xf6U>d\xc5!)\x00\
\x00\x00\x90\x89\xd8\xc1\x0f\x97J\xa59Rj\xe3\xb6p\
Q\xdc\x00\x00\x00\x80\x9c\xc4\xce\xfe\xd3O?}\x7f,\
\x00\xe4jyy\xf9\xb9K\x97.\xdd\x19f\x156\x00\
\x00\x00 W\xb1\xe3\x1f.\xb7\xcd\xcc\xcc\xfcq,\x08\
\xe4$\x15o\x146\x00\x00\x00\xa0*b! \x5c\xb2\
(t\xa4\xc2\x86\xc3Q\x00\x00\x00\xa0\xaabQ \x16\
\x07\xca6\x10i<\x14\xe5\xdc\xb9s\x1f\x0a\xb3\x0a\x1b\
\x00\x00\x00@],\x12\xc4bA\x1c\xbfbff\xe6\
L\x98/\xa4\xf4\xda\x145\x00\x80\xca\x18IS\x00\xa0\
M\xa9xp\xe2\x89'\x9e\xb8i\xff\xfe\xfd?{\xf4\
\xe8\xd1\xa9\xfa-\xc31;;{\xf6\xdb\xbe\xed\xdb\x1e\
\x98\x98\x98x&4O\x8f\x8c\x8c\xcc\xd7o\x01\x00\xc8\
\x9f\x02\x07\x00\xf4@\xa3\xd8\x11\xe7\xbf\xf2\x95\xaf\xbc\xe3\
;\xbf\xf3;\xff\xd3\xf1\xf1\xf1kc\xbb_\x16\x16\x16\
.?\xfd\xf4\xd3\x7f\xf4\x96\xb7\xbc\xe5s\xe9*E\x0d\
\x00\xa0\xb2\x148\x00\xa0\x0f6\x17<b\xc2\xe3\xca\x95\
+\xdf\xfd\xd2K/\xdd<55uC\xbb\x85\x8fX\
\xc8\xb8p\xe1\xc2\xcc\xbe}\xfb\x1e\x9f\x9c\x9c\xfc\xcb\x94\
\xd0\x88\x144\x00\x00\x12\x05\x0e\x00\x18\xa0\xcd\x85\x8f6\
(d\x00\x00\x00\x00\x00\x00\x00\x00\x00\x00\x00\x00\x00\x00\
\x00\x00\x00\x00\x00\x00\x00\x00\x00\x00\x00\x00\x00\x00\x00\x00\
\x00\x00\x00\x00\x00\x00\x00\x00\x00\x00\x00\x00\x00\x00\x00\x00\
\x00\x00\x00\x00\x00\x00\x00\x00\x00\x00\x00\x00\x00\x00\x00\x00\
\x00\x00\x00\x00\x00\x00\x00\x00\x00\x00\x00\x00\x00\x00\x00\x00\
\x00\x00\x00\x00\x00\x00\x00\x00\x00\x00\x00\x00\x00\x00\x00\x00\
\x00\x00\x00\x00\x00\x00\x00\x00\x00\x00\x00\x00@\x8eF\xd2\
\x14\xa0p^y\xe5\x95\xc9Z\xadv\xeb\xc4\xc4\xc4\xa3\
###\xf3\xe9\xeaJ\x8b\xeb\xe4+_\xf9\xca\xaf\xa4\
&\x15499\xf9\x97\xe1\x7f\xe2\x99\xd4l8\xed\x7f\
\x04\x00\xa8:\x05\x0e\xa0\x90bG~vv\xf6\xf3\xd3\
\xd3\xd3\xc7C\xf3\xf6\xd0y{\xa4~K\xb5\x85\xf5r\
[\x98<\x5coA\xdd\xca\xca\xca\xda\x93O>\xf9\xf8\
\xbe}\xfb\x1e\x7f\xcb[\xde\xf2\xb9t\xb5\xa2\x07\x00P\
)\x0a\x1c@!m\xee\xc8\xcf\xcf\xcf?099\xf9\
a\x9d\xb5\x8d\xc2\xcf\xa7\xa6\xa7\xa7O\xa6\xab\xa0\xa9X\
\xf4\x98\x99\x99\xf9w\x0a\x1e\x00@U(p\x00\x85s\
Uz\xa3A\x8a#\x91\xe2\xa0\x13\xe1\x7f\xeaT\xf8\x9f\
\xfaD\x98U\xe8\x00\x00\xb2tM\x9a\x02\x14\xc9\x89\xab\
\x8a\x1b1\xc5\xf1\xf6X\xf8H\xcd\xaa;\x1d;\xabi\
\x1eZ\x92R?\x0f/,,<v\xe9\xd2\xa5;c\
\xa1\xcc\xff\x14\x00\x90\x13\x09\x0e\xa0PvHo4H\
q$R\x1c\xf4B:\xfc\xeb\x8baV\xaa\x03\x00(\
=\x09\x0e\xa0h\xb6\xa57\x1a\xa48\xb6\x90\xe2\xa0k\
\x93\x93\x93\xef\x0f\x93\x87WWW\xdf\xe7\x7f\x0b\x00(\
;\x09\x0e\xa00\xf6Ho4Hq$R\x1c\xf4\xd2\
\xc2\xc2\xc2\xe5\xf1\xf1\xf1;\xc3\xac4\x07\x00PJ\x12\
\x1c@\x91\xec\x98\xdeh\x98\x9d\x9d}\x8f_\x9a7\xc4\
\x14\xc7\xd94\x0f]\x19\x1f\x1f\xbf6L\x1e\xbep\xe1\
\xc2\xbf\xf4?\x06\x00\x94\x91\x04\x07P\x08-\xa67\x1a\
\xa48\x12)\x0e\xfaA\x9a\x03\x00(#\x09\x0e\xa0(\
\xf6Lo4Hql!\xc5A\xcf5\xd2\x1c\xf3\xf3\
\xf3w\xfb_\x03\x00\xcaB\x82\x03\x18\xba\xd8\x81\x9a\x9b\
\x9b\xfb\xf3\xa3G\x8fN\xa5\xabZ!\xc5\x91Hq\xd0\
O\xb3\xb3\xb3\xa7\xa6\xa7\xa7\x7fF\x92\x03\x00(:\x09\
\x0e`\xe8j\xb5\xda\xadm\x167\xa48\xb6\x92\xe2\xa0\
o\xa6\xa7\xa7O\x86\xfd\xeb\xf3\xfe\xdf\x00\x80\xa2\x93\xe0\
\x00\x86*v\x9a\x16\x16\x16\x1eK\x91\xf8vIq$\
R\x1c\xf4\x9bq9\x00\x80\xa2\x93\xe0\x00\x86*\xa67\
:,nHqluznn\xeeB\x9a\x87\x9ek\
\x8c\xcb\x11.\xff\xcc\xff\x1d\x00PD\x0a\x1c\xc0\xd0\xc4\
N\xd2\xc8\xc8\xc8\xbd\xa9\xd9\xb6\x18\x9d\x0f\x93\x13\xf5V\
\xb5\xc5_\xd4\xf7\xed\xdb\xf7\xf1\xd4\x84~\xfa\x8dp\xf1\
\x7f\x07\x00\x14\x8e\x02\x0704\xdd\xa47\x1a\xa48\xbe\
ebb\xe2\xd1x\x18AjB\xdf\xcc\xcd\xcd}\xcc\
\xff\x1d\x00P4\x0a\x1c\xc0Pt\x9b\xdeh\x90\xe2\xf8\
\x96\x98\xe2\x08\xeb\xb5\xebu\x0a{\x89\x83\x02\x1bx\x14\
\x00(\x1a\x05\x0e`(z\x91\xdeh\x98\x99\x99\xf9E\
\x1d\xad:)\x0e\x06ezz\xfa\xf8\x85\x0b\x17\xfe\xa5\
\xff=\x00\xa0(\x148\x80\x81\xebUz\xa3\xe1\x86\x1b\
n\xf8\x810\x91\xe2\x08\xa48\x18\xa4\xa9\xa9\xa9w\xad\
\xae\xae\xbeO\x91\x03\x00(\x02\x05\x0e`\xe0z\x99\xde\
h\x98\x9d\x9d\xbdG'\xabN\x8a\x83A:p\xe0\xc0\
\x87\xc2D\x81\x11\x00\x18:\x05\x0e`\xa0z\x9d\xdeh\
\x88q\xf90\xd1\xc9\x0ab\x8acuu5\x9e\xe9\x02\
\x06baa\xe1~\x05F\x00`\xd8\x148\x80\x81\xea\
Gz\xa3A\x8a\xe3[\x8e\x1d;v.\xcdB\xdf\xc5\
\xffi\xe3q\x00\x00\xc3\xa6\xc0\x01\x0cL\xec\xfc\xbc\xf6\
\xb5\xaf\xfdHj\xf6\x9c\x14\xc7\x16\xa7\xe7\xe7\xe7\x1fH\
\xf3\xd0wq<\x8e0\xf1\xff\x07\x00\x0c\x8d\x02\x070\
\x10\xb1\xb8\x11:\xdcw\x1f<xp4]\xd5\x17R\
\x1cu\xf10\x95\xc9\xc9\xc9/\xa6&\x0c\x84\xff?\x00\
`\x98\x148\x80A9\x11:\xdc\xefO\xf3}#\xc5\
\xb1\x85\x14\x07\x03\x15\xff\xff\xe2ah\xa9\x09\x000P\
\x0a\x1c@\xdf\xa5\xf4\xc6\xdbS\xb3\xef\xfc\x8a\x5c'\xc5\
\xc10\xc4A\x84\xfd\xff\x01\x00\xc3\xa0\xc0\x01\x0c\xc2@\
\xd2\x1b\x0dR\x1c[Hq0Pq\xc0Q)\x0e\x00\
`\x18\x148\x80\xbe\x1atz\xa3A\x8a\xa3N\x8a\x83\
a\x90\xe2\x00\x00\x86A\x81\x03\xe8\xb7\x81\xa67\x1a\x8c\
\x05\xb0\xc5\xe9\xd9\xd9\xd9Si\x1e\xfa.\x9d\x0aZ\x8a\
\x0a\x00\x18(\x05\x0e\xa0o\x86\x95\xdeh\xf0+r]\
LqLOO\x7f\x225a \xa4\xa8\x00\x80AS\
\xe0\x00\xfai(\xe9\x8d\x06c\x01l!\xc5\xc1@\x19\
\x0b\x07\x00\x184\x05\x0e\xa0/\x86\x9d\xdeh\x90\xe2\xa8\
\x93\xe2`\x18\x9ex\xe2\x89\x9b\xd2,\x00@\xdf)p\
\x00\xfd2\xd4\xf4F\x83\x14\xc7\x16R\x1c\x0c\xd4\xe1\xc3\
\x87\xff\x85\x02#\x000(\x0a\x1c@\xcf\x15%\xbd\xd1\
 \xc5Q'\xc5\xc1\xa0\x1d<xp4L\x1c\xa6\x02\
\x00\x0c\x84\x02\x07\xd0\x0f\x85Ho4Hql\x11S\
\x1cg\xd3<\xf4\x9d\xc3T\x00\x80AQ\xe0\x00z*\
&%B\x07\xfa=\xa9Y\x18R\x1cu)\xc5q_\
jB\xdf\xed\xdf\xbf\xffg\xfd\xef\x01\x00\x83\xa0\xc0\x01\
\xf4\xda\x89\xd0\x81>\x99\xe6\x0bC\x8ac\x0b)\x0e\x06\
\xe6\xe8\xd1\xa3Sa\xe20\x15\x00\xa0\xef\x148\x80\x9e\
)jz\xa3A\x8a\xa3N\x8a\x03\x00\x80\x1c)p\x00\
\xbdT\xc8\xf4FCLq\xcc\xcf\xcf\xdf\xad\xc8\xb1N\
\x8a\x83\x811\x0e\x07\x000\x08\x0a\x1c@O\x14=\xbd\
\xd1\x90\x06?\xad|\x5c^\x8a\x83A\xbar\xe5\xcaw\
\xa7Y\x00\x80\xbeQ\xe0\x00z\xa5\xd0\xe9\x8d\xcd\xe2)\
l\xa58\xd6\x9d\x9e\x9b\x9b\xbb\x90\xe6\xa1o\xbe\xf3;\
\xbf\xf3?\xf5?\x07\x00\xf4\x9b\x02\x07\xd0\xb5\xb2\xa47\
\x1a\xa48\xeab\x8ac\xdf\xbe}\x1fOM\xe8\x9bx\
xX\x98\x18h\x14\x00\xe8+\x05\x0e\xa0\x17J\x93\xde\
h\x90\xe2\xa8\x9b\x98\x98xtaa\xe1rj\x02\x00\
@i)p\x00])[z\xa3A\x8a\xa3.\xa68\
\xc26\xbc75\x01\x00\xa0\xb4\x148\x80n\x95.\xbd\
\xd1 \xc5Q'\xc5\x01\x00@\x0e\x148\x80\x8e\x955\
\xbd\xd1 \xc5Q'\xc5\x01\x00@\x0e\x148\x80n\x94\
6\xbd\xd1 \xc5Q'\xc5\x01\x00@\xd9)p\x00\x1d\
I\xe9\x8d{R\xb3\xb4\xa48\xeab\x8acuu\xf5\
7R\x13\x00\x00JG\x81\x03\xe8TLo\x1cO\xf3\
\xa5&\xc5Qw\xec\xd8\xb1si\x16\x00\x00JG\x81\
\x03h[.\xe9\x8d\x06)\x8e\x0d\xa7\xe7\xe7\xe7\x1fH\
\xf3\x00\x00P*\x0a\x1c@'\xb2Io4\xc4\xc1R\
\xab\x9e\xe2\x88\x87\xa9LNN~15\x01\x00\xa0T\
\x148\x80\xb6\xe4\x96\xdehH\x83\xa5JqHq\x00\
\x00PR\x0a\x1c@\xbb\xb2Ko4HqHq\x00\
\x00P^\x0a\x1c@\xcbrMo4Hql\x90\xe2\
\x00\x00\xa0t\x148\x80vd\x9b\xdeh\x90\xe2\x90\xe2\
\x00\x00\xa0\x9c\x148\x80\x96\xe4\x9e\xdeh\x90\xe2\xd8p\
:l\xefSi\x1e\x00\x00\x0aO\x81\x03hU\xf6\xe9\
\x8d\x06)\x8ez\x8a#l\xefO\xa4&\x00\x00\x14\x9e\
\x02\x07\xb0\xa7\xaa\xa47\x1a\xa486Hq\x00\x00P\
\x1a\x0a\x1c\xc0\x9ej\xb5\xda\xadUIo4HqH\
q\x00\x00P.\x0a\x1c\xc0\xaeb'?tt\xefM\
\xcd\xca\x90\xe2\xd8 \xc5\x01\x00@)(p\x00\xbb\x8a\
\xe9\x8d\xf1\xf1\xf1kS\xb3R\xe2a9R\x1cR\x1c\
\x00\x00\x94\x83\x02\x07\xb0\xa3\xaa\xa67\x1a\xd2a9R\
\x1c\xf5\x14\xc7\xd94\x0f\x00\x00\x85\xa4\xc0\x01\xec\xa8\xca\
\xe9\x8d\x06)\x8e\x8d\x14\xc7}\xa9\x09\x00\x00\x85\xa4\xc0\
\x014U\xf5\xf4F\x83\x14\xc7\x06)\x0e\x00\x00\x0aM\
\x81\x03hJz\xe3[\xa48\xa48\x00\x00(>\x05\
\x0e`\x1b\xe9\x8d\xad\xa486Hq\x00\x00PX\x0a\
\x1c\xc06\xd2\x1b\xdbIqHq\x00\x00Pl\x0a\x1c\
\xc0\x16\xd2\x1b\xcdIql8=77w!\xcd\x03\
\x00@a(p\x00[Ho\xecL\x8a\xa3\x9e\xe2\xd8\
\xb7o\xdf\xc7S\x13\x00\x00\x0aC\x81\x03\xd8 \xbd\xb1\
;)\x8e\xba\x89\x89\x89G\x17\x16\x16.\xa7&\x00\x00\
\x14\x82\x02\x07\xb0.\x167\xe6\xe7\xe7\xef\x96\xde\xd8]\
\xe8\xd8\xdf/\xc512\x1f\xd6\x81B\x18\x00\x00\x85\xa2\
\xc0\x014\x9c\x98\x9c\x9c|\x7f\x9ag\x07\xb1\x00\x14\x0f\
\xe3I\xcd\xca\x92\xe2\x00\x00\xa0h\x148\x80Fz\xe3\
\xed\xa9\xc9\x1e\xe2a<R\x1cR\x1c\x00\x00\x14\x8b\x02\
\x07\x10Io\xb4A\x8a\xa3N\x8a\x03\x00\x80\x22Q\xe0\
\x80\x8a\x93\xde\xe8\x8c\x14G=\xc5\xb1\xba\xba\xfa\x1b\xa9\
\x09\x00\x00C\xa5\xc0\x01Hot@\x8a\xa3\xee\xd8\xb1\
c\xe7\xd2,\x00\x00\x0c\x95\x02\x07T\x98\xf4Fw\xa4\
8\xd6\x9d\x0e\xfb\xd0\x03i\x1e\x00\x00\x86F\x81\x03\xaa\
Mz\xa3\x0bR\x1c\xf5\xc3T\xc2>\xf4\xc5\xd4\x04\x00\
\x80\xa1Q\xe0\x80\x8a\x92\xde\xe8\x0d)\x8euR\x1c\x00\
\x00\x0c\x9d\x02\x07T\x97\xf4F\x0fHqHq\x00\x00\
P\x0c\x0a\x1cPA\xd2\x1b\xbd%\xc5\xb1N\x8a\x03\x00\
\x80\xa1R\xe0\x80j\x92\xde\xe8\xa1\x98\xe2\x08\x9d\xfb\xbb\
\xab\x5c\xe4\x90\xe2\x00\x00`\xd8\x148\xa0bb'|\
vv\xf6=\xa9I\x8f\xa4\x82\xd1\x89z\xab\xb2N\x87\
}\xebT\x9a\x07\x00\x80\x81R\xe0\x80\xea91==\
}2\xcd\xd3C\xf1\xb0\x9f\xaa\xa78\xc2\xbe\xf5\x89\xd4\
\x04\x00\x80\x81R\xe0\x80\x0a\x91\xde\xe8/)\x8euR\
\x1c\x00\x00\x0c\x85\x02\x07T\x8b\xf4F\x9fIqHq\
\x00\x000\x1c\x0a\x1cP\x11\xd2\x1b\x83!\xc5\xb1N\x8a\
\x03\x00\x80\x81S\xe0\x80\xea\x90\xde\x18\x10)\x0e)\x0e\
\x00\x00\x06O\x81\x03*@zc\xb0\xa48\xd6\xc5\x14\
\xc7\xd94\x0f\x00\x00}\xa7\xc0\x01\xd5 \xbd1`R\
\x1c\xeb)\x8e\xfbR\x13\x00\x00\xfaN\x81\x032'\xbd\
1\x1cR\x1c\xeb\xa48\x00\x00\x18\x18\x05\x0e\xc8\x9f\xf4\
\xc6\x90\xc4\xc2\x92\x14\x87\x14\x07\x00\x00\x83\xa1\xc0\x01\x19\
\x93\xde\x18\xaeTX\x92\xe2\x90\xe2\x00\x00`\x00\x148\
 o\xd2\x1bC&\xc5!\xc5\x01\x00\xc0`(p@\
\xa6Rz\xe3\x9e\xd4dH\xa48\xd6\x9d\x9e\x9b\x9b\xbb\
\x90\xe6\x01\x00\xa0/\x148 _1\xbdq<\xcd3\
DR\x1c#\xf3\xfb\xf6\xed\xfbxj\x02\x00@_(\
p@\x86\xa47\x8aE\x8a\xe3U\xaf\x9a\x98\x98xt\
aa\xe1rj\x02\x00@\xcf)p@\x9e\xa47\x0a\
F\x8acd>,\xff\xbd\xa9\x09\x00\x00=\xa7\xc0\x01\
\x99\x91\xde(&)\x0e)\x0e\x00\x00\xfaK\x81\x03\xf2\
#\xbdQPR\x1cR\x1c\x00\x00\xf4\x8f\x02\x07dD\
z\xa3\xd8\xa48\xa48\x00\x00\xe8\x1f\x05\x0e\xc8\x8b\xf4\
F\xc1Iq\x8c\xcc\xaf\xae\xae\xfeFj\x02\x00@\xcf\
(p@&\xa47\xcaA\x8a\xe3U\xaf:v\xec\xd8\
\xb94\x0b\x00\x00=\xa3\xc0\x01\xf9\x90\xde(\x89X\x88\
\xaar\x8a#8=??\xff@\x9a\x07\x00\x80\x9eP\
\xe0\x80\x0cHo\x94K*DU6\xc5\x11\x0fS\x99\
\x9c\x9c\xfcbj\x02\x00@O(p@\x1e\xa47J\
F\x8aC\x8a\x03\x00\x80\xdeR\xe0\x80\x92\x8b\x9d\xe4\x85\
\x85\x85\xfbS\x93\x92\x90\xe2\x90\xe2\x00\x00\xa0\xb7\x148\
\xa0\xe4j\xb5\xda\xad\xe3\xe3\xe3\xd7\xa6&%\x22\xc5!\
\xc5\x01\x00@\xef(p@\x89\xc5\xce\xf1\xc8\xc8\xc8\xbd\
\xa9I\xc9HqHq\x00\x00\xd0;\x0a\x1cPb\xd2\
\x1b\xe5'\xc5\xf1\xaa\xd3a\x1d\x9cJ\xf3\x00\x00\xd01\
\x05\x0e()\xe9\x8d<Hq\x8c\xcc\x87u\xf0\x89\xd4\
\x04\x00\x80\x8e)p@IIo\xe4C\x8aC\x8a\x03\
\x00\x80\xee)p@\x09Io\xe4%\xa68b\xc1*\
5+G\x8a\x03\x00\x80^P\xe0\x80\x12\x92\xde\xc8O\
,XIqHq\x00\x00\xd09\x05\x0e(\x19\xe9\x8d\
<\xc5\x82\x95\x14\x87\x14\x07\x00\x00\x9dS\xe0\x80\x92\x91\
\xde\xc8\x97\x14\xc7z\x8a\xe3l\x9a\x07\x00\x80\xb6(p\
@\x89Ho\xe4M\x8ac=\xc5q_j\x02\x00@\
[\x148\xa0$bqcuu\xf5}\xd2\x1by\x93\
\xe2\x90\xe2\x00\x00\xa03\x0a\x1cP\x1e'\x0e\x1c8\xf0\
\xa14O\xa6\xa48\xa48\x00\x00\xe8\x8c\x02\x07\x94@\
\xfcE\x7f~~\xfe\xed\xa9I\xe6\xa48\xa48\x00\x00\
h\x9f\x02\x07\x94\xc3\x89\xc9\xc9\xc9\xf7\xa7y2'\xc5\
!\xc5\x01\x00@\xfb\x148\xa0\xe0\xa47\xaaI\x8a\xe3\
U\xa7\xe7\xe6\xe6.\xa4y\x00\x00\xd8\x93\x02\x07\x14\x9f\
\xf4F\x05\xc5\x14G\x1cT\xb6\xaaE\x8e\x98\xe2\xd8\xb7\
o\xdf\xc7S\x13\x00\x00\xf6\xa4\xc0\x01\x05&\xbdQm\
iP\xd9\x13\xf5V\xf5LLL<\xba\xb0\xb0p9\
5\x01\x00`W\x0a\x1cPl\xd2\x1b\x15\x17\x0b\x5cU\
Nq\x84e\xbf75\x01\x00`W\x0a\x1cPP\xd2\
\x1bD\xa9\xc0%\xc5\x01\x00\x00{P\xe0\x80\xe2\x92\xde\
`\x9d\x14\x87\x14\x07\x00\x00{S\xe0\x80\x02\x92\xde`\
3)\x0e)\x0e\x00\x00\xf6\xa6\xc0\x01\xc5$\xbd\xc1\x16\
UOq\xac\xae\xae\xfeFj\x02\x00@S\x0a\x1cP\
0\xb1\x13{\xe1\xc2\x85[S\x13\xd6U=\xc5q\xec\
\xd8\xb1si\x16\x00\x00\x9aR\xe0\x80\xe29155\
\xf5\xae4\x0f\x1b\xaa\x9c\xe2\x08N\x87\xe5\x7f \xcd\x03\
\x00\xc06\x0a\x1cP \xb1\xf3:;;\xfb\x9e\xd4\x84\
-\xaa\x9c\xe2\x88\x87\xa9\x84\xe5\xffbj\x02\x00\xc06\
\x0a\x1cP,'\xa6\xa7\xa7O\xa6y\xd8F\x8aC\x8a\
\x03\x00\x80\xe6\x148\xa0 \xa47h\x85\x14\x87\x14\x07\
\x00\x00\xcd)p@qHo\xd0\x92X\x08\x93\xe2\x00\
\x00\x80\xad\x148\xa0\x00\xa47hG*\x84Iq\x00\
\x00\xc0&\x0a\x1cP\x0c\xd2\x1b\xb4\xa5\xea)\x8e\xb0\xfc\
\xa7\xd2<\x00\x00\xacS\xe0\x80!\x93\xde\xa0\x13UO\
q\x84\xe5\xffDj\x02\x00\xc0:\x05\x0e\x18>\xe9\x0d\
:\x22\xc5!\xc5\x01\x00\xc0\xb7(p\xc0\x10Io\xd0\
\x0d)\x0e)\x0e\x00\x00\xbeE\x81\x03\x86Kz\x83\xae\
HqHq\x00\x00P\xa7\xc0\x01C\x22\xbdA/H\
qHq\x00\x00P\xa7\xc0\x01\xc3#\xbdAOHq\
\xcc\x9eM\xf3\x00\x00T\x98\x02\x07\x0cAJo\xdc\x93\
\x9a\xd0\x15)\x8e\xe9\xfbR\x13\x00\x80\x0aS\xe0\x80\xe1\
\x88\xe9\x8d\xe3i\x1e\xba\x16\x0bfR\x1c\x00\x00T\x99\
\x02\x07\x0c\x98\xf4\x06\xfd\x90\x0afR\x1c\x00\x00T\x96\
\x02\x07\x0c\x9e\xf4\x06}!\xc5!\xc5\x01\x00Pe\x0a\
\x1c0@\xd2\x1b\xf4\x93\x14\x87\x14\x07\x00@\x95)p\
\xc0`Io\xd0WUOq\xcc\xcd\xcd]H\xf3\x00\
\x00T\x8c\x02\x07\x0c\x88\xf4\x06\x83P\xf5\x14\xc7\xbe}\
\xfb>\x9e\x9a\x00\x00T\x8c\x02\x07\x0c\x8e\xf4\x06\x03Q\
\xe5\x14\xc7\xc4\xc4\xc4\xa3\x0b\x0b\x0b\x97S\x13\x00\x80\x0a\
Q\xe0\x80\x01\x90\xde`\x90\xaa\x9e\xe2\x08\xffo\xf7\xa6\
&\x00\x00\x15\xa2\xc0\x01\x83!\xbd\xc1@IqHq\
\x00\x00T\x8d\x02\x07\xf4Y\xecd\xce\xcd\xcd},5\
a \xa48\xa48\x00\x00\xaaf$M\x81>\xb9t\
\xe9\xd2\x9d\x13\x13\x13\xbf\x99\x9a00\xf1\x8c\x22G\x8f\
\x1e\xfd\xc1\xd8\xe1OWUF,,.,,<6\
>>~m\xba\x8a\xe1\xbb=\xec\x8b\x8f\xa4y\xa8\xac\
\xf0\xfe4\x15&'\xeb\xad\xf0^}\xf1\xe2\x9b\xd6\xae\
\x5c\xb9>5\xb79|\xf8\xf0_\x1f:th95\
\xa3S\xe1\x7f\xa9\xf4g\x8c\xb2\x1e\x80~P\xe0\x80>\
\xd2\xc9b\xd8j\xb5\xda\xcf\x1d9r\xe4\xfe\xd4\xac\x94\
s\xe7\xce}\xe8\xd8\xb1c\xf7\xa5&\xc3W\xda\x02\xc7\
\xa7>\xf9\xc9\x1f\xfe\x81\xb7\xbd\xed\x9f\xa7\xe6\xd0\xdct\
\xd3M\x7f\x92f\x1bJ\xd3\xc1\x8b\x9d\xd9\xf0?\xf9\xd1\
\xd4l\xcb\xbe}\xfb\x9e\xbd\xf1\xc6\x1b?\x5c\xd6\xce\xec\
\xe6\x8e|X\x07?\x1a\xbe\x13\xfc\x93\x83\x07\x0f\x1e\x88\
\xedN\xac\xac\xac\xac\x86\xef\x16\x7f\xbci\x7f(\xc5~\
\xd0X\x0f\xb1\x90\xf1\xec\xb3\xcf\xfd\xe0\xf5S\xd7\xbfe\
tt\xf4u\xf5[\xdbW\xd6\xf5\x00\xf4\x97\x02\x07\xf4\
\x91\xf4\x06\xc3\x16\xc7\xa2\x08_\xa6o\x09_\xfa\xaa\x98\
\xe2\xb8-L\x1e\xae\xb7(\x80\xd2\x168\xce\x9e9\xfb\
\xc4\xcd\xc7o\xfe\x9e\xd4,\x8c\xa5\xa5\xa5K\xa1\x93\xf7\
\x87\xa1\xf3\xff\xe5tUa;xO>\xf9\xe4\x83\xe1\
u\xbe75\xdb\xb6\xbc\xbc|\xd7\xd8\xd8XG\x05\x92\
ait\xe8\x17j\xb5;\xc7'&n\xa9_\xdb{\
\x8b\x8b\x8b_\xdf\xb7o\xdf\x83)\xddP\xa8}\xa0\xb1\
\x0e\xce\x9f?\xff\xd6\xf0}\xe8\xa7\xba)h\xec%\xae\
\x87\xc3\x87\x0f\x7f$\xcc*t@\x85)p@\x9f\x84\
\x0fu\xe9\x0d\x0a\xa1\xaa)\x8e\xf8?8??\x7f\xf7\
\xe4\xe4\xe4\xfb\xd3U\x0c\x97\x02G\x9f\x85\x8e\xf4c\xa1\
#\x1d\xff\xd7\x0b\xd7\xc9][[{\xbc\x9b\xcem\xea\
\xbc\xfeH\x19:\xaeqy\x97\x97\x97\xdf\x15\xa6\xbf0\
66v$]=\x10\xcbKK\xbf{hl\xec\x8b\
av\xa8\xfb\xc00\xd7ALv\x5cY[{\xe8\xe8\
u\xd7\xdd\xaf\xd0\x01\xd5c\x90Q\xe8\x93\xd0\xa9\xbcU\
q\x83\x22\x08_\xf0\xee\x0d_2+wF\x95\xb0\xdc\
\xf3\x93\x93\x93\xf1\x8b>TBJ\x09<\xb8\xb4\xb4\xf4\
\xa5p\xf9`\xecd\xd6o\x19\xba\x93\xdd\xfer\x7f\xf8\
\xf0\xe1\xef\x0a\x93\x8d\xf1\x1a\x8a(\xae\xefpy\xef\xe2\
\xe2\xe2\x17\x0e\x1d:\xf4\x91Aw\xec\xa3Ccc?\
\x19&\x0f./-}x\x18\xdb?>g\xdc\xf7V\
VV\xfefX\xeb \x1e\xfes\xf4\xba\xeb\xfeE|\
\x0d\x05\xfb?\x00\x06@\x81\x03\xfa |\x98N\xc6N\
ej\xc2P\xc5B[,\xb8\xa5f\xd5\x9c\x9e\x9f\x9f\
\x7f \xcdC%\xc4Ne\xec\x5c\xc6BG\xecp\x0f\
\xb3\x83\x17\x9f;\x1e\xa2\x91\x9a]\x89c7\xa4\xd9\xc2\
\x89\xcb\xb9\xb8\xb8\x18\xd33\x0f\xa6b\xccP\xc5B\xc7\
 \xb7\x7f|\x8e\xf8\x5ca[\x7f6\xee{\xdd\x8c1\
\xd2+\xf15\xc4\xd7\x12_\xd3\xa0\xd6\x030|\x0a\x1c\
\xd0\x07\xd2\x1b\x14\x8d\x14\x07TO\xfa\xf5\xfc\xc1\xd8\xf1\
\x1eb\xe7\xeed\xaf\xc6\x9f\xd8?:Z\xb8Nj|\
=\xe1\xf2\xdeXL8|\xf8\xf0;\xd2\xd5\x85\xd0\xd8\
\xfeW\xd6\xd6~\xa9\x9f\xeb->v|\x8e0\xfb`\
?\xc7\x1a\xe9T#\xd9\xd4\xef\xf5\x00\x14\x83\x02\x07\xf4\
X\xf8\xf0\x94\xde\xa0p\xa48\xa48\xa8\xae\xd8\xf1\x1e\
V\x9acyy\xf9P\x9a\xedZJ\x05\x14\xe60\x95\
\xb4.\x7f:\x5c\x1e\x1c\xc6\xa1\x18\xad\xda?:\xfa\xf3\
\xfd*r\xc5\xc7\x8c\x85\x83\xf8\x1c\xe9\xaa\xc2\x8a\xafQ\
\x91\x03\xf2\xa7\xc0\x01=&\xbdAQIq@u5\
~\xcd\x0f\x97\x9f\x1eT\x07/>\xcfK/\xbdtG\
j\xf6D\xf8\x8c}w\x11:\xa8\xf15\xa4\xd4B)\
~\xd0\x88E\xae^\x179\x1a\xeb\xa0\x0c\xc5\x8d\x06E\
\x0e\xc8\x9f\x02\x07\xf4P\xf8\xc0\x94\xde\xa0\xb0\xaa\x9e\xe2\
\x98\x9d\x9d=\x95\xe6\xa1\xca\xe2g\xd4\xa0\x8a\x1c'{\
=\x1e\xc5\xc4\xc4\xc4\x0f\x85\xc9PS\x1ci\xdd\xfdt\
\x99:\xf6Q/\x8b\x1c\xf11\xcaV\xdchP\xe4\x80\
\xbc)p@\x0fIoPtUNqLOO\x7f\
\x225\xa1\xeab\x91\xa3\xefE\x82~\x0d\x0a\xda\xcb\xc3\
^:\x14\xd7])\x7f\xcc\x88E\x8e\x1e\x9da\xe5d\
\x19\x8b\x1b\x0d\xe9\xb5\x17\xfa\xac<@g\x148\xa0G\
b\xa7\xf1\xb5\xaf}\xedGR\x13\x0a)\x16\xe0\xe6\xe7\
\xe7\xef\xaeb\x91#\x90\xe2\x80dee\xe5c\xfd\xfc\
\x05;>\xf6\x81\x83\x07\x7f.5{*\x1e\xf6\xd2\xcf\
\xd7\xbe\x9b\xf8\xbcq\xdd\xa5f)\xa5S\xc9v\xdc\xb9\
\x8f\xeb`ii\xe9\xbe\xd4,\xad\xb8\x0c\xc3\xda\x8f\x80\
\xfeQ\xe0\x80\x1e\x08\x1f\x90\x93\xb1\xd3x\xf0\xe0\xc1\xd1\
t\x15\x14\xd6\xe4\xe4\xe4\xfb\xc3\xe4D\xbdU\x1dR\x1c\
\xf0-q\xc0\xceZ\xad\xf6;}\xec\xe0\x9d\x1c\x1d\x1d\
}]\x9a\xef\xa9t\xd8\xcb\xc0\x7f}\x8f\xeb*\xae\xb3\
\x22\x9c\x02\xb5[kkk\xbf\xd6\xc9\xb6\x8f\x7f\x13\x13\
 E\x1eT\xb5Uq\x19z\x94f\x01\x0aD\x81\x03\
z\xe3D\xea4B)\xcc\xcf\xcf\xbf=|\xa9\x93\xe2\
\x80\x0a\xeb\xd7x\x16\xa9\x10\xf0\xee\xd4\xec\x8b~\x1d\xfe\
\xb2\x9b\xe5\xe5\xe5w\xa5uVz\xb1\xf8\xd4a\x81\xeb\
dJ\x80\xf4\xdc\xca\xca\xca\xea\xd93g\xff\xc3\xb9s\
\xe7\x1e\xde|9{\xf6\xec\xff\x1aoKw\xeb\xa9n\
\xd3,@\xf1\x8c\xa4)\xd0\xa1\xd8I\x8c\xe9\x0d\x05\x0e\
J\xe8\xf6\x91\x91\x91G\xd2|e\x84\xff\xd9\xdb\xc2\xe4\
\xe1z\x8b\x01*\xed\xfe\x16:]O\xdc|\xfc\xe6\xef\
I\xcd\x8e\xc4\x0eZ\xedRm15[6qd\xe2\
p?\x13\x03\xf1u\x85\xc7\xff\xde\xb0m.\xa4\xab\xba\
\x16\xfe\xc7\xde\x1b&\xf1\x8c-}\xd3\x8f\xd7\xbd\x9bX\
\x08X[[{\xbc\xd7\xa9\x94\xc5\xc5\xc5\xaf\xbf\xf8\xc2\
\x0b\xff\xf6\xe8u\xd7=\x99\xae\xda&\x8e9\xf2\xf7/\
\xbe\xf8\x9f\x8fOL\xdc\x92\xae\xea\xa5;\xc2:|(\
\xcd\xefiii\xe9\x83\x87\x0e\x1d\xea\xd9\xe1\xb8q\xf9\
\xf7\xed\xdb\xf7`x\xcc\xe5\xd0<\xb5\xd3\xf6L\x85\x98\
\x93q]\xc4C\x94z9x\xed\xf2\xd2\xd2\xef\x1e\x1a\
\x1b\xbb{P\xfb\x12\x00\x14Z\xec,\x85\x0b\x94\xce\xd3\
O?\x1dG\xd3\xaf\x5c\x8a#.\xf3\xcc\xcc\xcc\x99\xf5\
\x95\xc0 \xc5\xc2R)\xc5\x02GZ\x86\x8e\x5c\xbat\
\xe9O\xc3\xa4\xa3\x18|\xfc\xbbpyo\xbc\x5c|\xea\
\xa9\x8f]\xbe|y>\xcc\xf7T\xec\xb4\xa6\xa7\xeb\x89\
\xf8x\xe9\xa1\xfb-\x16R\xfa.<\xcf\xd4\xd2\xe5\xcb\
\x9f\xae?eo\xa4\xc7\x8b\xdb\xb5\xa5\xfd\x22\xde/\xdd\
\xff\xbd\xbd\xdc\x07\xda\xd97\xe3\xfdz\xf9\xdck\xcf=\
\xd7\xf1a2q\x1f{\xee\xb9\xe7\x9e_\x7f\xa0\xde\x18\
\xc8\xbe\x04\x00\x85\x16>\x10'S'\x11\xca\xaa\xb4\x9d\
\xcen\xc4\xe5\xae/>\x03T\xd9\x02\xc7\xe3\x8f?\xfe\
\x99\xf4P]\x0b\x0f\xb7\xde\xd1]^^^Y\x7f\xf0\
\x1eH\x9d\xd6\x8e\x0a0W\x8b\x8f\xb3\xb0\xb0\xf0\xb5\xf5\
\x07\xee\xb3n\x0aG\xed\x08\xcf\x11\x0b\x0b=\x91\xd6M\
\xcb\x85\x8df\xe2\xdf\xa6\xe2@\xaf\xb4\xd4\xb9\x8f\xf7\xab\
\xdf\xbd;\xbdX\x07Q\xfc\xfb\x1e\xeek\x0a\x1c\x90\x09\
cp@w\x8c\xbdA\xa9U|,\x8e\xb3i\x1eJ\
#\xc6\xe8\xe3!\x05\xf1\xf0\x8c\x85Z\xed\xb1tuW\
\xd2\x80\x91\xbd\x1a\x87\xe0d/\x0f\x1f\xd8M\xbf\xc6\x10\
\xd9,\xbc?\xc6A5\xdf\x9e\x9a]Y\x5c\x5c\xfc\x5c\
X7?\x12\xb7_7\x87C\xc4\xbf\xdd?:\xfa\xab\
W\xd6\xd6~=]\xd5\x95\xf0\xba\xde\x19\x9735\xfb\
.\xac\x83\x8ft\xbb\x0e\xa2\xf8\xf7q}\xae\xad\xad}\
#]\xd5\xb1\xb3g\xcf\xde\x9af\x81\x92S\xe0\x80\x0e\
\xc5Na\xec\x1c\xa6&\x94R\xc5\xcf\xa8R\xfa\xd3\x1c\
R]\xb1s7>1\xf1\xce^\x159\xce\x9f?\xff\
\xd64\xdb\x95A\x0f\xfe\x19\xc7dH\xb3\xfd\xd2\x93A\
5\xe3X\x13\xa13~g\xb7\x9d\xfa\x86\xf88\xbd*\
r\x84\xd7\xf5\x8e0\xd9\xb3P\xd4\x8b}$\xbd\xde\x9e\
\x0d\xf4\x1c\xd7\xc3\x8b/\xbe\xd8\xf5{\xf9\x91#G\xde\
6\xc8\x22\x0f\xd0?\x0a\x1c\xd09\xe9\x0d\xb2 \xc5\x01\
\xe5\xd4(r\xf4\xe2\x0c\x13ccc?\xd1m\x07/\
\xfe}\xe8t\x0f4\xea\x1f\x07\x9c\xecg\xc7\xb4\x17\x05\
\x94\x980H\xc9\x8d\x9e\x0eb\xd9(r\xc4\xe2I\xba\
\xaa\xaf\xc2\xba~C\x9a\xedXx\xbd_\xed\xf5z8\
t\xe8\xd0g\xba]\x07i _gS\x81\x0c(p\
@\x07bgPz\x83\x5cHq@y\xc5\xceb\xf8\
L\xea\xfa\xac\x16=\xea\xe0\x9dL\x8f30\x87\xeb\x87\
\xc3\xf4\xa5c\x1a\x0b'\xe1\xf2\x0b\xa9\xd9\xb1\x980\xe8\
u\xa7\xbe!>nX\x07]o\xffs\xe7\xce\xfdh\
\x9a\xdd\xd1+/\xbf\xf2}i\xb6#KKK\x97\xc2\
\xa4\xe7\xa7\xe9\x8e\xeb \x9e\x89%5\x81\x8aS\xe0\x80\
\xceHo\x90\x95\x0b\x17.\xdc\x1a\x0bw\xa9Y%\xa7\
\xe7\xe6\xe6\xfa\xd2\xf1\x80A\x89\xbf`\xf7\x22\xc5\xd1\x8d\
X\x0c\xa8\xd5j\xefN\xcd\x81\xea\xe3a1'\xd3\xf8\
$\x1d\x8b\xdb%n\x9f\xd4\xec\x97S\xa9x\xd0\xb1\xf1\
\xf1\xf1\x7f\x12\xb7aj\xf6\xc53\xcf<\xf3\xa7\xfd*\
\xf4\xa4\xd3\xcc\x02(p@\xbbb'Pz\x83\xdcL\
MM\xbd+L*\x99\xe2\xd8\xb7o\xdf\xc7S\x13J\
)v\x1a\xaf\xac\xad=\x94\x9a\x1d\xeb\xb2Pp2\x0d\
\xfa\xd9\x91\xcb\x97/\xff\xff\xd2l\xdb\xe2a1\xfd\xe8\
\x9c\xf7\xa2p\x12^W\x1cP\xb3\xafE\xd4\xf8\xf8\xdf\
x\xfe\xf9O\xa7fG\x06q\x88\xc6\xcb/\xbf\xdc\xf5\
!.\xfd4\x80\xf1\x5c\x80\x01P\xe0\x80\xf6Io\x90\
\xa5\xd9\xd9\xd9\xf7\xc4\x02^jVF\xe8\x94=\xba\xb0\
\xb0p95\xa1\x94\x8e^w\xdd\x93i\xb6ckW\
\xae\x5c\x9ff\x07\xee\xdak\xaf\xfd\xdf\xd2l\xdb\xfa\xd1\
9\x8f\x05\x93\xd7\xbd\xfe\xf5?\x95\x9a\x1d\x1bT\xb2\xa0\
\x17\xdb\x7f/a\x9d<\x9ff;r\xfd\xf5\xd7\xffp\
?\x0aQ\xc9\xa9nSL\x8b\x8b\x8b]\x1d\x82\x03\x14\
\x83\x02\x07\xb4!v\xfeb'05!+\xd3\xd3\xd3\
\xb1\x83P\xc9\x14G\xf8\xdf\xbe75\x816\xc5Nk\
\xe8\x1c\xde\x95\x9amK\x03D\xfeA7\xa7\xfb\x8c\x87\
\xc7\xf4\xb8\xf3\xdc\xf5\xe1)\xe9\x0c7=\x1fs\xa2_\
\xf6J\xac\x5c\xf3\xeak\x9eH\xb3\x1d\x19\x1d\x1d}]\
\x98\xf4%%\x12S,\x9f\xfd\xfd\xdf\xbf\xf5\xdc\xb9s\
\x0fwz\x99\xbb8\xf7+\xe9\xe1\x00\xa0\x1a\xc2\x97\xa7\
\xdb\xc2\x05\xb2533\xf3\xc7aR\xb9\x14G\x5c\xe6\
\xd0Azf}%\xd0/\xb7\xa5\xd5]:g\xcf\x9c\
}\x22-CG\x1e\x7f\xfc\xf1~\x8f\xc1\xb0^dX\
^^^\xa9?cg\xe2r\xa6\x87kK\xf8\xd3x\
\x88H\xc7\x96\x96\x96>\x18\x1f\xe7\xc9'\x9f|0]\
\xd5\xa9\x9e\x9d\xc1%>V\xfd!;\xd7X\xaeA\x08\
O\xd7\xf5\xf6\xdfk?\xbd\xf8\xd4S\x1fKw\xedX\
z\x8d}\x1d\xeb\x03\xa86\x09\x0ehQ\xf8@\x96\xde\
 {R\x1cPN\xf1\x17\xec\xda\xa5\xdabj\x0eT\
\xb7cU4\x0e\xe3\xb8\xf1\xc6\x1b\xbf\xbc~E\x87z\
9\x86B/\xc6\xdf\x18\xe4\xc0\x97q\xfb_\xbat\xe9\
K\xa9\xd9\x91\xbd\xce\x92\xd2\x8b\xc3`\xe2\xe1D\x8b\x8b\
\x8b_P\xe4\x00\xfaE\x81\x03Zw\x22u\xfe k\
\xc6\xe2\x00Z\x15;\xaa\xdd\x8cU\x91\x0eOi\x1c\xc6\
q\xaa\x9b\xc3T^z\xe9\xa5;z\xd5q~\xf6\xb9\
\xe7\xfe\xa34\xdb\x91\xb4\x1c\x03=<\xe5/\xff\xf7\xff\
\xfdc\x8f\x9f}\xfco;\xbd<\xf2\xc8\xc3\xff}z\
\xa8\xbe\x8a\xa7\xf6]ZZ\xfaR\xd8V}\x19\x1c\x16\
\x00\xd8C\xec\xec\xa5\xe8>TEi\x0f'\xe8\xc6\xb9\
s\xe7>\x94\x96\x9f\xdes\x88J\x1f\x85\xa7\xe9\xfa\x10\
\x853_=s:=\x5c\xcb\xc2\x9f\xf5\xe4\xf0\x94\x86\
\x22\x1c\xa6\x12\x1e\xa3\x17\xeb\xf2\xaf\xd3\xc3e#,\xd6\
T\xed\xd2\xa5\xbf\xa9/ao,,,\xfca\x98(\
t\x00=#\xc1\x01\xad\x91\xde\xa0R\xaa\x9a\xe28v\
\xec\xd8\xb94\x0bes2\x9dM\xa4c\xd7\xbc\xfa\x9a\
\xb94\xdb\x92\xd8)]\x5c\x5c|gjv\xe4\xea\xc3\
8\xba=L\xa5\x17\x87\x96\x04\xbdX\x97]\x0d\xc8Y\
D\xf10\x98\xf1\x89\x89\xfbS\xb3'\x0e\x1f>\xfc\x8e\
0ypyi\xe9\xc3\x0a\x1d@/(p\xc0\x1eb\
'\xcf\xd8\x1bTMU\xc7\xe2\x08N\xcf\xcf\xcf?\x90\
\xe6\x81\xdd\x9dL\x1d\xd4\x8e\x5cuxJCW\x87\xa9\
\xec\x1f\x1d-D'y\xdf\xbe}\xcf\xa6\xd9\xdct}\
:\xd6f\x0e\x8d\x8d\xfdd\x98<\xb8P\xab}V\xa1\
\x03\xe8\x86\x02\x07\xecMz\x83J\xaab\x8a#\x0e6\
:99\xf9\xc5\xd4\x84R\x88\x9d\xc1\xd01\xbc35\
;v\xd3M7\xfdI\x9a\x1d\x88}\xfb\xf6=\x18S\
\x01\xa9\xb9n}\xb0\xd4Z\xed\xd3\xa9\xd9\xb6\x94\xbc\x18\
\xfagv\xb7I\x94\xa2\x8a\xdb'\xac\xe3\x0f\xa4f\xcf\
\x8dOL\xdc\x12&\x0f\xae\xad\xad=\x9e\x0eWR\xec\
\x00\xda\xa2\xc0\x01\xbb\x88\x9d;\xe9\x0d\xaaJ\x8a\x03J\
\xe3d\xea\x18\x0eL/\x8a*;\x9de\xa4\xdb\xe2@\
\xadV{\xb7Nq_\x9d\x0a\xeb\xf8\xcf\xd2|_\x8c\
\x8e\x8e\xbe.\xec\x07q<\x95\xab\x8b\x1d\x0a\x1e\xc0\xae\
\x148`w\xd2\x1bT\xda\xec\xec\xec=\xe1\xcb\xa4\x14\
\x07\x14T\xec\xec\xf5\x22\xbd\xd1\x81\xae\x8a*;\x1c\x9e\
\xd2\xd0\xd5a*\x13\x13\x13?\x14&>\xbb\xfb$\xa6\
8\xc2:~w?\x0eUifs\xb1#^j\xb5\
\xda\xef(t\x00;Q\xe0\x80\x1d\xc4N\x9d\xf4\x06U\
7==}<L\xa48\xa0\x80b\x07oqq\xf1\
\xfe^\xa47\xf6(8l\xb3\xbc\xbc|(\xcdv\xa4\
\xd9\xe1)\x0d\xdd\x1e\xa6B\xff\xf5\xfbP\x95\xdd\xa4\x02\
\xd6z\xb2\xe3\xe2SO}L\xb1\x03\xd8L\x81\x03v\
&\xbd\x01\x81\x14\x07\x14K\xec\xcc\xc5N]\x1c\x90\xb1\
\x9bA>7\xdb\xad\xe0p\xb5\xf4\xfc\xbf\x90\x9a\x1d\xd9\
\xe9\xf0\x94\x86n\x0fSY\x5c\x5c\xbc+\xbe\xce\xd4l\
K\x8f\xce\xc4R\x05\xb1 vo}v\xf0b\xb2\xe3\
\xe8u\xd7\xfd\x8b0kpR`\x83\x02\x074\x11>\
 cz\xe3\x9e\xd4\x84J\xabr\x8a#\xbc\x0f\xb4\xfc\
\x8b6\xf4[\xec\xbc\xc5N\x5cLm\x84\xe6\x83\xbd\x1c\
wc\xaf\x82\xc3UN\x8e\x8d\x8d\x1dI\xf3mk1\
-\xd2\xd5a*\x87\x0f\x1f\xfe\xae0\xe9\xe8G\x8a\xb5\
+W\xaeO\xb3\xec\x22\x15\xc4~;\x5c\x86V\xe4h\
h\x0cN\x1a\xf6\xad/(t@\xb5)p@s1\
\xbd\x11;u@P\xd5\x14Gx\x1f\xf8DjB\xc7\
\x0e\x1c80\x99:]\x1d]\x1e\x7f\xfc\xf1\xcf\x9c9\
s\xe6\x8fb$?<\xdc\x83\xbdJm4\x84N\xe1\
\xe7\xc2\xa4\xe5b\xde\xf9\xf3\xe7\xdf\x9af;\xd2JZ\
$\xde\xde\xeda*\x92\x18\xfd\xb7\xa9\xc8q\xc7\xd2\xd2\
\xd2\xa5\xf5+\x87(\x15\xb6$:\x00\xa0!|\x18N\
\xce\xcc\xcc\x9c\x09S`\xab\xdb\xd2\xbfIe\x84e\x8e\
\xef\x07\x7f\x5c_|\xbaT\xda\xfd\xe7\xec\x99\xb3O\xa4\
e\xc8U\x1c\xc0\xb1%\xe1\xbeS\xcf=\xf7\xdc\xf3\xf5\
?\xebXK\xcf\x17\xefW\xbf{g._\xbe<\x1f\
&mwpcA\xa9\xfe\x08]iy\x9d\xe6\x22,\
\xf3\xd4\xa5K\x97\xfe\xb4\xbe\xf8\xc5\xb0\xb0\xb0\xf0\x87a\
\xa2\xc8\x01\x15\x22\xc1\x01\xdbIo@\x13R\x1c\x90\x9f\
\xe5\xa5\xa5\xdf\x0d\x93v\x0e\xc5:\x19\xc7>H\xf3m\
K\xbf\xf2\xb7\xfa|]\x1d\xa6\x92\x0e\xa31\x96\xd6\x80\
\xc44G<\xbb\xca\xf2\xf2\xf2]\xddl\xb7^\x8ai\
\xa7\x95\x95\x95\xbf\x09\x9f]\xd2\x1cP\x11\x0a\x1c\xb0I\
\xec\xbc\x19{\x03\x9a3\x16\x07\xe4%\x16\x1b\x0e\x8d\x8d\
\xdd\xbd\xd7\xe1\x22\x0d\xb1\x83\xd8\xed)i\xbf\xf1\xfc\xf3\
\x9fn\xf5\xf9\xe2\xfd\xba=Leqq\xf1\x9d:\xb6\
\x83\x13\xb7\xd9\xd8\xd8\xd8GGGGoN\xc5\xb3\xa1\
;x\xf0\xe0\x810y\xf0\xca\xda\xda/\xd9\x17 \x7f\
\x0a\x1c\xb0\x95\xf4\x06\xecB\x8a\x03\xf2\x11:\xa2\xf7\xb4\
ZlHNv;\xb0\xe9\xd1\xeb\xae{2\xcd\xb6\xa4\
\xdb\xb3\xa9\xa4\xf1J\xa48\x06,\xeeW\xb1x\x16f\
\xef\xa8\xd5j\x7fV\xbfv\xb8\xf6\x8f\x8e\xfe|\x1c\xa0\
W\x91\x03\xf2\xa6\xc0\x01I\xec\xb4Io\xc0\xee*\x9e\
\xe28\x9b\xe6!\x07\xf1\xcc\x17m%\x93\x96\x97\x97\x0f\
\xa5\xd9\x8e\xb4yxJ\xc3\xa9\x95\x95\x95\xd54O\x89\
\xc4\x22G\xb8<\x14\x0f[\x09\xcd;\x8a\x90\xe8\x88\x05\
/E\x0e\xc8\x9b\x02\x07|\x8b\xf4\x06\xb4`aa!\
~9\xacb\x8a\xe3\xbe\xd4\x84R\xbb\xb2\xb6\xf6\xeba\
\xf2\xdb\xed\xa47b\x87\xf0\xa5\x97^\xba#5;\xd2\
\xce\xe1)\x0d\xf1\xfe\xe1\xf5>\x94\x9a\x1d\x09\x1d\xda\xbb\
\xda\xe9\xd0\x86N\xf0_\xa7Yz n\xc3py\xa8\
\x91\xe8\x88ct\x84m\x12O\x15<\x14\x8a\x1c\x907\
\x05\x0e\x08bgMz\x03Z3>>~m\xadV\
\xbb55\xabD\x8a\x83\x1c\xdc\xbb\x7ft\xf4W\xdb-\
4\x04'C\xc70\x9e\x82\xb3c\xed\x1e\x9e\xd2\xd0\xe9\
\xdf5\xa4\xd7\xdd\xf2a*\x87\x0e\x1dZN\xb3\xf4P\
\xa3\xd0\x11\xc7\xe8\x08\xdb\xe4G\xc2Uw\x9c?\x7f\xfe\
\xa1a\x0cH\x1a\x8b\x1c\xc6\xe4\x80<)p@\x9d\xf4\
\x06\xb4!|I\xbd7\x16\x06S\xb3\x12\xc22Kq\
PZ\xe9\x17\xf3\x98\xc0h+\xb9\xd10w\xf1\xe2\x9b\
\xd2lG:<<\xa5\xe1T\xfa\xfb\x8eu\xfb\xfa\xe9\
\xadF\xb1\xe3Moz\xd3\x1dq@\xd2p\xd5\xc0\xc7\
\xea\x88cr\x84\x89\xf1Y 3\x0a\x1cT\x9e\xf4\x06\
\xb4O\x8a\x03\xca#\x8e}\x10\x7f1\x8f\x1d\xcaN\x8a\
\x1b\xf1W\xee\x03\x07\x0f\xfe\x5cjv\xa4\x93\xc3S\x1a\
\xe2\xdf\xc5\xbfO\xcd\x8e\xbc\xee\xf5\xaf\xff)\xbf\xd6\x17\
S\xdc\xbeq\xdfl\x8c\xd5\x11/\x0b\xb5\xdac\xeb7\
\xf6Y\xbb\x87/\x01\xc5\xa7\xc0A\xe5\xc5N\x9a\xf4\x06\
\xb4/|!\x95\xe2\x80\x02K\xbf\x88\xdf\xd1\xce\xa9`\
wprtt\xf4ui\xbe#\xdd\x1ef\xd2\xed\xdf\
\x8f\x8d\x8d\x1d\x09\x13\xbf\xd6\x17X\xa3\xd0\x11/\xe3\x13\
\x13\xef\x0cW\xad\x17;\xfa9^G\xbb\x87/\x01\xc5\
7\x92\xa6PI\xb1s\xb6\xb0\xb0\xf0X\xfc5:]\
\x05\xb4!t\xa0~\xee\xc8\x91#\xf7\xa7f%\xc4\xf7\
\x8d\xb9\xb9\xb9??z\xf4\xa8_\xfd\xdas{\xe8\xb8\
<\x92\xe6K\xe5\xec\x99\xb3O\xdc|\xfc\xe6\xefI\xcd\
B\x8b\xe3\x19\xac\xae\xac\xfcf*\x08\x9c\xea\xb2\xb0\xb1\
\x9e\xdeX\xa8\xd5>\xdb\xcd\xe9a\x9f{\xee\xb9\x95o\
\xff\xf6o\xff\xef\xc3\xec\xdf\xd5\xaf\xe9\xc8w\x84\xc7\xf9\
o\xc3\xe3\x1cL\xed\xb6\x85\x8e\xf2\xe7B\x87\xf6\xce\xbd\
\xd6IX\xe6\xf7\x86\xc9\x83\xf5Vg\xe6.^\xfc\xf8\
u\xd7_\xff\x81\xd4\xa4\x0bq\x1f\x0c\x93\x93\xcbKK\
o?46\xf6\x93\xf5k{'\x16PR\xc2\xa9\xab\
\xff\x15\xa0\x18\x148\xa8\xb4K\x97.\xdd911\xf1\
\x9b\xa9\x09\xb4iaa\xe1\xf2\xf8\xf8\xf8-\xe1\x8b\xe1\
|\xba\xaa\x12\xbcwtD\x81\xa3O\xe2iT\x97\x96\
\x96~\xef\xc6\x1bo\xfcrhv]\xd4\xd8\xac\x17\x9d\
\xfd\x82\xb9#\xac\x9f]\xcf\xca\xd2\x8be>w\xee\xdc\
\xc37\xdf|\xf3\xbbR\x93\x1e\xe8s\xa1c\xcf\xfd\x02\
(\x07\x87\xa8PY\xe1\x83r2|\x98\xdd\x9b\x9a@\
\x07\xaa:\x16\xc7\xc4\xc4\xc4\xa3\xb1\xb8\x93\x9a\xd0w\xb1\
\x88\xf1\xf8\xd9\xc7\xff\xf6\xec\x99\xb3\x7f\x13;\xcf1!\
\x10\xae^\x8f\xf0\x1f<x\xf0{\xe3`\x8d\xb1\x83\xd6\
\xcb\xe2F\xb4\xbc\xbc|(\xcdV\xc9\xa9\xb8\xbe\xd3|\
G^\xfe\xe6\xcbG\xd3,=\x12\xf7\xed\xb8\x8f7N\
7\x9b\x0e\xc1\xea\x89\xf3\xe7\xcf\xbf5\xcd\x02%'\xc1\
Ae\xf9\x05\x16zC\x8a\x83\x16U6\xc1\x11;b\
a_\xf9\x9d\xd4\xecTO\x93\x19\xad\x88\xbf\x98/.\
.~!\x8dS\x90\x85V\x0fG8\xf3\xd53\xa7\x8f\
\xbf\xf9\xf8?L\xcd\xb6\xc5C\x85\xe2\xd9A\x06\xb9\xcd\
\x1a\x09\x87z\xab#\x03\xdf\xc7\xba\x11\x977\x9e\xea5\
\x9d\x0d\xa5+\xf1,=ccco+\xd3\xf2\x03\xcd\
)pPI1\xbda\xec\x0d\xe8\x9d\xaa\x8e\xc5\xe1}\
\xa4-\x95-p\x94\xf5p\x85\xb0\x8f\xe7vxJ\xc3\
\x9e\x87#<\xf9\xe4\x93\x0f\xdex\xe3\x8dq\xf9\xbb1\
\xd0\xc3\x1e\xce|\xf5\xcc_\x1f\x7f\xf3\xf1\xefM\xcd\xb6\
\x85\xfd\xfc?\xbc\xf9?z\xf3\x89\xd4\xdcP\xe4\xc2I\
|m\xcbKK\x1f\xee\xd1!+\x0eS\x81\x0c8D\
\x85J\x8a\x91z\x9d\x12\xe8\x9d\xd7\xbe\xf6\xb5\x1f\x89\x1d\
\xfe\xd4\xac\x84\xf0Ex>,\xb3\xc3\xdc\xc8\xd6\xdc\xc5\
\x8boJ\xb3Yie\xb9\xd2x&\xa5\x11;\xfaG\
&\x8fL\xa7fG\xaey\xf55sivC|\xdc\
\xb5\xb5\xb5\xc7\xc3l,tuz\xe9\xdbYJb\xe1\
$\x1e\xb2\xd2\xed!E@>\x148\xa8\x9c\xd8\x09\x0b\
\x1f\x88:%\xd0C\x07\x0f\x1e\x1c\x9d\x9f\x9f\xbf\xbbj\
E\x0ecq\x90\xab\xd8\xb1\xdd?:\xdam\x82\xa1\x90\
^\xf7\xfa\xd7\xffT\x5c\xbe\xd4\xec\x9bs\xe7\xce\xfdh\
\x9a\x1d\x84\x93\xe1}\xf8@\x9a\xef\xc8\xbe}\xfb\x9eM\
\xb3\x9bu}\x8a\xe0~\x8bE\x8e+kk\x92\x17\xc0\
:\x05\x0e*Gz\x03\xfacrr\xf2\xfda\xb2-\
\xde\x9c\xb3\x98\xe2X]]\xfd\x8d\xd4\x84\x9ct\xdda\
.\xaa\xb1\xb1\xb1#a\xb2W\xaa\xa0\xeb\x81F\x8f\x1e\
=\xfa\xff\x18D!\xa5W\xfa\x95Z\x19\xc4\x00\x9e\xe9\
\xb4\xc8]\xa9\xe8\x80\xba\x90\x1d\x05\x0e*Ez\x03\xfa\
k~~\xfe\xedUKq\x1c;v\xec\x5c\x9a\x85,\
\xc4Ny\xadV{wjfiqq\xf1\x9d\xbb\x15\
\x1fb* \x9ez75;\x92\x92\x0f};<c\
\xb3>\x1eNt*\x0e\x98\x9a\xe6;\xf2\xe2\x8b/\x96\
\xe2\x8c2a\x9f\xf8\xbe4\x0b\x94\x98\x02\x07\x95\x22\xbd\
\x01\xfdU\xc5\x14Gpz~~\xfe\x814\x0f98\
911\xf1Ci>K\x87\x0f\x1f~G\x98\xecZ\
|\xe8E\xa2!t\x9a\xef\xeaw\x8a#>~\xbf\x0e\
'\x8a\x85\x9e\x8bO]\xbc\x98\x9a\x1d\xb9\xfe\xfa\xeb\x7f\
\xb8\xdf\xeb\x00\xa0A\x81\x83\xca\x08\x1f\xae\xd2\x1b0\x00\
UKq\xc4\xc3T&''\xbf\x98\x9aPz\xa2\xfa\
\x1b\xbaN/\xa4S\xec\xf6;\xc5\xd1\xf5\xe1D\xf1\xf4\
\xb9ar\xaa\xde\xdaj\xe4\x9a\x91\xbfN\xb3\x1d\x19d\
\x92\xa5\x1b;\x8cA\x02\x94\x8c\x02\x07\x95\x10;[q\
\x00D\xe9\x0d\xe8?)\x0e(\xaf\xf8K\xfbK/\xbd\
tGjfm\xaftEL/\xac\xae\xac\xfcfj\
vlii\xe9\xbe\xdd\x9e\xa7\x1b\xf1q\xe3\xe3\xa7f\
\xc7B\xe7\xfe\xc1\xb8\xbc\xa9\xb9\xc5\xe1\xc3\x87\xbb*p\
D\xf1\x90\xa7~\xad\x83^)\xdb\x99s\x80\xe6\x148\
\xa8\x8a\x13\xa9\xd3\x05\x0c\x80\x14\x07\x94\xd6\xc9\x94:\xc8\
^+\xe9\x8a^\x0c^\x19\x075]\x5c\x5c\xbc\xbf\xd7\
\x1d\xfc\xf8x\xf1q\xd3\xa0\xa9]9t\xe8\xd0r\x9a\
\xddf\xb7\xdbZ\x95\x0ey\xeaK\x8a#\xad\x87w\xa6\
&Pq\x0a\x1cd/v\xb2bg+5\x81\x01\x90\
\xe2\x80r\xea\xe3`\x95\x85\xd4\xc2\xf2\x9eZ\xa8\xd5\x1e\
K\xf3\x1d\x8bc~\xf4\xb2\xc8\x11\x1f\xe7\xca\xda\xda/\
\xc5\xc7MWu,\xbc\xae\x1d\x0fOIN---\
]J\xf3\x1d[YY\xf9X\xaf\x96\xff*\xb1(\xd7\
\xf5z\x00\xf20\x92\xa6\x90\xad\xf0az[\x98<\x5c\
o\x01\x83\x12;\xfb\x93\x93\x93\x1f\x8e\xe9\x86tU\xf6\
\xbc\xdf\xec\xea\xf6\xb0/<\x92\xe6K\xe5\xec\x99\xb3O\
\xdc|\xfc\xe6\xefI\xcd\xb6\x9d;w\xee\xe1\x9bo\xbe\
\xf9]\xa9YX\xb1\xf3\x19:\xb2_\xeaA\x22 \x8e\
w5\x88\xff\xfb\x98\x12\xebjl\xad\xd8q\x0f\xcb\xfb\
\xb6\x9d\x0e\xcf\x88\xc2z\x89\x03x>Xou\xa7V\
\xab\xfd\xd9\xc4\xc4\xc4\xef\x84\xd9S\xbb=\xe7n\xe2v\
\x8a\xc5\x92\x1ev\xea\xef\x08\xaf\xe5\xa14\xdf\xd4\xc5\xa7\
\x9e\xfa\xd8\xd1\xeb\xae\xfb\x17\xa9\xd9\xb1XL\x09\xaf\xfb\
#a\xb6\xe3\xe5\xdf,\xad\x8b/\x84\xc7\xec*u\x14\
\xc7Z\x19\x1d\x1d\xbd\xb9\x17\xaf\x09\x00\xfa&|\xf0M\
>\xfd\xf4\xd3\xf1\x17\x13`8b\x87\xbf2\xc2\xf2N\
\xce\xcc\xcc\xfcq}\xd1\xb9Ji\xf7\x85X\xe0H\xcb\
\xd0\x91\xc7\x1f\x7f\xfc3\xe9\xa1\x0a-\xbc\xd4\xf7\xd6_\
q\xe7._\xbe<\x1f&\x03\x19k!>Oz\xbe\
n\xedz\x06\x92p\xfb\xd4\xa5K\x97\xfe\xb4~\xd7\xde\
X\xba|\xf9\xd3a\x12\xd7wK\xeb*\xde/\xde?\
\x16\x1a\x96\x97\x97W\xc2|O\xa4\xc7\xda\xf35\x84\xfb\
t\xbdol\xb6\xf6\xdcs\xbf\x16&\x1d\xef'\xf1o\
\xc3\xe5\xbd\xbdZ\x17g\xce\x9c\xf9\xa3\xf4\xd0@\xc99\
D\x85\xdc\x19{\x03\x86hvv\xf6=\xe1\xbbc\xa5\
\xc6\xe2\x98\x9e\x9e\xfeDjBi\x84\xff\xd3\x9e\x8cc\
\xf0\x8d\xe7\x9f\xff\xf4\xa0~\x05\x8f\xcf\x13\x9f/5;\
v\xfe\xfc\xf9\xb7\xa6\xd9\xa6\xe2\xf3\xa4\xd4E\xcf\x1c\x1a\
\x1b\xfb\xc90y0\xa6\x0fb\xd1\x22\xac\xffX@h\
zy\xf2\xc9'\x1f\x8c\xc9\x9ax\xff\x98\xa2\xe8\xf6\x8c\
)\x9b\x85\xc7\xffH\x8b\xdb\xeb\xd4\xf2\xd2\xd2\xef\xa6\xf9\
\xae\xed\x1f\x1d\xfd\xf9\x95\x95\x95\xbf\xd9\xb4\xecm\x15z\
j\xb5Z\xdc\x1e\x0f\xf6j]\x1c?~\xfc\xd14\x0b\
\x94\x9cCT\xc8V\xf8\x00\x5c?s\x8a\x02\x07\x0c]\
i\x0fM\xe8D|\xef\x99\x9d\x9d\xfd\xd4\xf4\xf4t\xe1\
O\x8b8`\x0eQ)\xb0\xd8i\x0c\x93^\x1c\x86\xb1\
\xe7\xe1\x0e\xbd\xd4\x8b\xd7\xdd\xca\xe1\x09\xe1y\xa6B\x07\
\xff\xc3\xa90\x91\x858\xb6\xc8\xf8\xc4\xc4;[,p\
\xac\xaf\x83\xb0\xae\x1eO\xa7}\xed\xa9\xb8\x0d\x9e\xba\xf0\
\xd4W\xaey\xf55s\xa3\xfb\xf7?\xb5yp\xd7x\
\xda\xe2\xc5\xc5\xc5\xef{\xf9\x9b/\x1f\xbd~\xea\xfa\xb7\
\xf4\xe3\xf9\x83\x81\xee\xb7@\xffHp\x903\xe9\x0d(\
\x00)\x0e\xa8\x864\x10\xe5n\x83U\xf6C\xd7\x03`\
\xa6\x0e\xf3\xae\x05\xc9X\x04846vw\xb7\xcfU\
$\xe3\x13\x13\xf7\xb7Z\xdc\x88\xe2}_|\xf1\xc5\xae\
OI\xdbL\xdc\x06\xc7\xdf|\xfc\x1f\xdet\xd3M\xb7\
\xa7\xb1>b\xd1j\xfdr\xe8\xd0\xa1\x8f\xc4\xeb\xe3\xed\
\xfd(n\xa4d\xca\xa0\xf7[\xa0O\x148\xc8R\xec\
L9s\x0a\x14CJ2T\xee\x8c*\xb3\xb3\xb3\xbe\
0S\x0a\xf1\x97\xf9\xc5\xc5\xc5\xbbR\xb3c\x83<<\
\xa5!>_/\x0eSY\xa8\xd5\xee\x8c\xeb!5\x9b\
\x8a\xcf566vOj\x96\xda\x95\xb5\xb5_\x0f\x93\
\xb6\xdf\xa3\x0e\x1d:\xf4\x99\xb0\xaf|.5Koe\
ee5\x16\xae\x06\xbd\xdf\x02\xfd\xa3\xc0A\xae\xa47\
\xa0@\xa48\xa0\xd0\xe2i6\xbb:\x0bE\xb4\xf9\xb0\
\x82A\xea\xc5\xf3\x8eOL\xdc\x12&\xad\x1cVv*\
\x15\x07J+\x16(\xf6\x8f\x8e\xfej'\x9d\xfa\xf87\
a_\xb93<F<\xb5l\xe9\x85\xcf\xa5V\xc7 \
\x01JB\x81\x83\xecHo@\xf1T8\xc5q6\xcd\
Ca\xcd]\xbc\xf8\xa64\xdb\xb1!\x1d\x9e\xd2\xd0\xf5\
a*Q\x1c\xeb!\xcd\xee(v\x86cq\xa0\xacE\
\x8e8\xeeF,Pt\xd3\xa9OE\x8e\x1f){\x91\
#\x16zb\x22%5\x81L(p\x90#\xe9\x0d(\
\xa0\x8a\xa68\xfar\xbc:\xf4J<,\xe3u\xaf\x7f\
\xfdO\xa5f\xc7\x86qxJC|\xde^\x1c\xa6\x12\
\xd6\xc5/\xc4\xf5\x91\x9a;\x8a\xcfW\xc6\x22G,H\
\xb43\xa8\xe8n\xe2c\x94\xb9\xc8\x11\x8b\x1b\xdd\x16z\
\x80bR\xe0 +\xb1\xf3\x14;Q\xa9\x09\x14\x88\x14\
\x07\x14\xd2\xc9\xb1\xb1\xb1#i\xbec\xc3:<\xa5\xa1\
\x17\xcf\x9f\xd6C+\x87\xa9\x94\xae\xc8\x91:\xf4?\xd2\
\xcb\x0e}\xa3\xc8Q\xab\xd5\xfe,]U\x0a\x8a\x1b\x90\
7\x05\x0ers\x22u\xa2\x80\x02\x92\xe2\x80b9\x7f\
\xfe\xfc[\xd3l\xc7\x86|xJCO\x0eSig\
}\x94\xa5\xc8\x11__\xbf:\xf4\xf11'&&\xde\
]\xb2B\x8f\xe2\x06dL\x81\x83lHo@\xf1I\
q@q\xc4\xc31B\xe7\xb4\xd4\x87\xa74\xc4\xe7\xef\
\xc5a*q}\xb4r\x98JC|\xdeX\xe4\x08\xb3\
w\xc4\xf1-\xea\xd7\x16C*\xf8\xdc\x11__?\xb7\
O\x91\xd7A\xc3\xda\xda\xda7\x96\x97\x97\xefR\xdc\x80\
\xfc)p\x90\x13\xe9\x0d(\x81\x99\x99\x99_\x94\xe2\x80\
B89::\xfa\xba4\xdf\xb1a\x1f\x9e\xd2\xd0\x8b\
\xd7\x91\xd6G[\xdf%b\x879\x5c\x1e\x8a\xe3[\xc4\
Nt\xecL\xa7\x9b\x86fyi\xe9w\xc7\xc6\xc6\xde\
\x16_\xd7 :\xf4\x9b\xd7Ah\xdeQ\xa4\xb19b\
j#l\xd7\x9b\xc3\xfa\xf8\xe8 \xd6\x050\x5c\x0a\x1c\
dAz\x03\xca\xe3\x86\x1bn\xf8\x810\xa9\x5c\x8ac\
nn\xce\x17k\x0a#\xa6\x14\x16j\xb5;S\xb3c\
\x059<\xa5\xa1'\x87\xa9\xc4\xf5\xd2N\x8a\xa3!v\
\x9ec':v\xa6c\x81!]=0\xb1\xb02w\
\xf1\xe2\xc7\xc3\xec\x1d\x87\xc6\xc6\xee\x1eFg\xbeQ\xe8\
\x88cs\x84\xe6P\x0b\x1dil\x90;\xa46\xa0Z\
\x148\xc8\x85\xf4\x06\x94\xc8\xec\xec\xec=UKq\xec\
\xdb\xb7/v<\xa0(N\x8eOL\xdc\x92\xe6;V\
\x84\xc3S\x1a\xe2\xeb\xe8\xc5a*i\xbdt\xfc\x9d\x22\
\xbe\x8eX`\x08\xb3w\xc4DG\xbf;\xf9\xe9\xb0\x90\
;ba\xe5\xba\xeb\xaf\xff@x\xfe\x81\xa46v\x13\
\x9f?\xbe\x8eF\xa1#\x16^zQ|\xdaK\x5c\xd7\
q\x9d\x87\xd9;\xe2\xd8 EX\x17\xc0`\x8d\xa4)\
\x94VJo|J\x81#?\x0b\x0b\x0b\x97\xbf\xf9\xcd\
o>\xe2\xb4\xbf\xd9\xba=|\xf1|$\xcdg/\xbe\
W\x85}\xfa\xb1\xf1\xf1\xf1k\xd3UUS\xda\xed\xfd\
\xa9O~\xf2\x87\x7f\xe0mo\xfb\xe7\xa9\xd9\xb6\xb9\x8b\
s\xbf\xf2c'\x7f\xacPc\x13\xc4\x84\xc2\xf9\xf3\xe7\
\xef~\xe9\xa5\x97\xde\x90\xae\xea\xc8M7\xdd\xf4\xc1\x22\
u \xe3r\x9d;w\xee\xa3\xa9\xd9\x91}\xfb\xf6=\
{\xe3\x8d7~\xb8W\xcb\x15_S\x98\xac\x7fG\x09\
\xaf\xedG\xc3{\xc0?9x\xf0\xe0\x81\xd8\xeeD,\
\x14\xac\xac\xac\xfcax\x8d_NW\x9d*C'\xfe\
\xea\xf5\xf0\xc67\xbe\xf1\x1fu{\x06\x9f\xb8.\x9ey\
\xe6\x99?\x0d\xfb\xe1\x9f\xa4\xabJ\xb1.\x80\xfeQ\xe0\
\xa0\xf4\xc2\x07\xe6ma\xf2p\xbdENj\xb5\xda\xcf\
MLL<\x13fm\xdf\x0c\xc5\x817\xa7\xa7\xa7\x7f\
,|\x19\x9dOWe\xef\xd2\xa5Kw\x86}\xfa7\
S\xb3j*U\xd0\x82\x9dl\xee\xe87\xc4\xb3\xb74\
+6m\xea\xb8o\x96E'\xbe\xd9zX^^>\
\xb4\xb8\xb8\xf8}\xa9\xb9E\xce\xeb\x02\xe8\x1d\x05\x0eJ\
-|8Jod*\xa67\xc6\xc7\xc7\xd7\xe3\xd3\xab\
\xab\xab\xef;p\xe0\xc0\x87\xd6o 7R\x1c\xd5\xa1\
\xc0\x01\x00\xf4\x9518(;cod*t\x00\xe3\
\xa0`\xf3\xf1r\xe0\xc0\x81\xdf\x8a\x05\x8ft\x13\x19\xa9\
\xe2X\x1cay\xefMM\x00\x00zH\x81\x83\xd2J\
\xe9\x0dgN\xc9P<t!LN\xd7[:\x859\
\x9b\x9e\x9e>\x1e&\x95:\xa3\xca\xc4\xc4\xc4\xa3\x0av\
\x00\x00\xbd\xa7\xc0A\x99Iod*l\xd7\xfbbQ\
#5\xd7\xe9\x14\xe6\xab\x8a)\x8e\xd5\xd5\xd5\xdfHM\
\x00\x00zD\x81\x83RJ\xe9\x8d{R\x93\x8c\x5c\x9d\
\xdeh\x90\xe2\xc8W\x15S\x1c\xc7\x8e\x1d;\x97f\x01\
\x00\xe8\x11\x05\x0e\xca*\xa67b\xa7\x88\xcc4Ko\
4Hq\xe4\xabj)\x8e\xe0\xf4\xfc\xfc\xfc\x03i\x1e\
\x00\x80\x1eP\xe0\xa0t\xa47\xf2\xb5Sz\xa3A\x8a\
#_\xb1`Y\xab\xd5nM\xcd\xec\xc5}yrr\
\xf2\x8b\xa9\x09\x00@\x0f(pPF\xd2\x1b\x99\xda-\
\xbd\xd1 \xc5\x91\xaf\xb0\xed\xef\x95\xe2\x00\x00\xa0S\x0a\
\x1c\x94\x8a\xf4F\xbefff\xfe\x22LvLo4\
\xc4\x02H<\x85lj\x92\x91\xb0]\xaf\x95\xe2\x00\x00\
\xa0S\x0a\x1c\x94\x8d\xf4F\xa6n\xb8\xe1\x86\x7f\xb5W\
zc\x93\xd3\xe9p\x162#\xc5\x01\x00@\xa7\x148\
(\x0d\xe9\x8d|\x85\xedz*L\xf6Lo4\xc4B\
H<\x9c%5\xc9\x88\x14\x07\x00\x00\x9dR\xe0\xa0L\
\xa472\x15\xb6\xeb'\xdaHo4Hqd\xaa\x8a\
)\x8eT\xe4\x03\x00\xa0\x0b\x0a\x1c\x94\x82\xf4F\xbe\xda\
Mo4Hq\xe4\xab\x8a)\x8eX\xe4KM\x00\x00\
:\xa4\xc0AYHod\xaa\xc3\xf4F\x83\x14G\xa6\
\xa48\x00\x00h\x97\x02\x07\x85'\xbd\x91\xafN\xd3\x1b\
\x0dR\x1c\xf9\x92\xe2\x00\x00\xa0]\x0a\x1c\x94\x81\xf4F\
\xa6\xbaLo4HqdJ\x8a\x03\x00\x80v(p\
Ph\xb1s\xb3\xb0\xb0p\x7fj\x92\x91n\xd3\x1b\x0d\
R\x1c\xf9\x8a)\x8e\xd5\xd5\xd5\xf7U\xa5\xc8!\xc5\x01\
\x00\xd0\x1d\x05\x0e\x0a-F\xd4c''5\xc9H\x8f\
\xd2\x1b\x0d~\xf9\xce\xd4\x81\x03\x07>\x14&'\xea\xad\
J\x90H\x02\x00\xe8\x90\x02\x07\x85\x15\x7f\xb5\x8d\x11\xf5\
\xd4$#\xf3\xf3\xf3\x0f\x84I\xd7\xe9\x8d\x06\xbf|\xe7\
-\xec/o\xafX\x8aC\x22\x09\x00\xa0\x03\x0a\x1c\x14\
\x96\xf4F\xbe&''\xbf\xd8\xc3\xf4F\x83\x14G\xa6\
\xc2\xfe\xf2\xfe0\x91\xe2\x00\x00`W\x0a\x1c\x14\x92\xf4\
F\xbez\x9d\xdeh\x90\xe2\xc8\x9b\x14\x07\x00\x00{Q\
\xe0\xa0\x90\xa47\xf2\xd5\xa7\xf4F\x83\x14G\xa6\xa48\
\x00\x00\xd8\x8b\x02\x07\x85#\xbd\x91\xaf~\xa57\x1a\xa4\
8\xf2&\xc5\x01\x14Yx\x7f\x9a\x0a\x97\xf7^u\x99\
J7\x030\x00\x0a\x1c\x14\x8e\xf4F\xbe\xfa\x9c\xdeh\
\x90\xe2\xc8T\x15S\x1csss\x17\xd2<Ppg\
\xcf\x9c\xfd\xdd0yp\xf3\xe5\xfc\xf9\xf3w\x87)\x00\
\x03\xa2\xc0A\xa1\xbc\x22\xbd\x91\xad~\xa77\x1a\xa48\
\xf2V\xb5\x14\xc7\xbe}\xfb>\x9e\x9a@\xc1\x85\xff\xd9\
7\xa6\xd9\x0d/\xbd\xf4\xd2\x1b\xd2\xecP\xc4\x04IJ\
\x92\xac_\x1e\x7f\xfc\xf1\xcfl\xbe,--}p\xd3\
\xed\xd2&@\xe9\x8d\xa4)\x14\xc2\xa5K\x97\xee\x9c\x98\
\x98\xf8\xcd\xd4$\x13\x0b\x0b\x0b\x97\xc7\xc7\xc7o\x19@\
zc]\xf8\x926\x19:\xc2w\xa7_\xfc\xc9\xcf\xed\
a_z$\xcdg-\xee\xcb\xe1\xff\xe7\xb1LRm\
\xa5\xdbn\xf7\xdes\xcf\x7fq\xdbm\xb7\xff\xb7\xa9\xd9\
\x96W^\xf5\xca\xd7\xae\xb9\xe6\x9ago\xba\xe9\xa6?\
IW\x9d\x0a\xcb/\x91\x93\xb1\xb3g\xce>q\xf3\xf1\
\x9b\xbf'5\xd7\x9d;w\xee\xe1\x9bo\xbe\xf9]\xa9\
90\xa9Xq\xb2V\xab\xbd;|\xaf\xfa\xa1\xfa\xb5\
\xbb[\xa8\xd5\x1e\x1b\x9f\x98\xb8?\xcc\xdaW\x01\xa0[\
\xf1\x8b|\xf8 ~&L\xc9L,\x5c\xa5\xcd<0\
\xe1io\xab?;\xb9y\xfa\xe9\xa7\xef\x0f\x93J\xa4\
8\xa2\xf8\xffS_\xf2\xd2\xbb--Ri\xc4\x0ek\
z\xed]\xbb|\xf9\xf2|\xfa\xb5\xdc\xaf\xe4\x99j\xb6\
\xbf\xc4\x94D\xbay \xc2S\xae'6\xc2\xfb\xc6\x9f\
\xae\xbf\x80\x0e,,,|-L$:\x80Rr\x88\
\x0a\x85\x10>D'WWW\xdfg\xec\x8d\xfc\xc4\xf4\
\xc6\xc4\xc4\xc4\xa3\xa99H\xa7\xd3a1d\xa6jc\
q\xc4\xff\x9f\xf8\x7f\x94\x9a\x94\xd4\xd8\xd8\xd8\x91C\x87\
\x0e}d\xa1V\xfb\xac\xce#\xfd\x10\xf7\xa9+kk\
\xbf\x14f\x1fl5\xb5\xd1\xcc\xe1\xc3\x87\xbf+L\x1e\
\x8c\x8fe?\x05\xcaF\x81\x83\xa28q\xe0\xc0\x81\x0f\
\xa5y2\x12\xbe\x1c\xdd;\xa8CS6\x8b\xcf\x19\x07\
5MM23;;\xfb\x9e\xb0oUf,\x8e\xf8\
\x7f\x94\x9a\x94\xdc\xf8\xc4\xc4-a\x12\x07\xa0<\xb9~\
\x05\xf4@\xa3\xb8\xb1\x7ft\xf4\xe7\xd3U]\x8b\x8f\xb5\
\xb8\xb8\x18\x13s\x8a\x1c@i(p0t\xb1\x93\x12\
\x07\x0eLM22\xc4\xf4F\x83\x14G\xa6\xa6\xa7\xa7\
c\xe7P\x8a\x83\xa1XYYY}\xfc\xec\xe3\x7f\xbb\
\xd3emm\xed\x1b\xe9\xae;ZZZ\xbaO\xc7\x91\
^h\xa5\xb8\xb1\xb8\xb8\xf8\xf5\xe5\xe5\xe5\xbb\xc2\xec\x1d\
W_\xe2\xd8\x1ba\xda\xd4\xe1\xc3\x87\xdf!\xc9\x01\x00\
m\x08\x1f\x9a\xc6J\xc8\xd40\xc6\xde\xb8Zx\x19\xf6\
\xafL\xcd\xcc\xcc\xfcq\x98Tf,\x8es\xe7\xce}\
\xa8\xbe\xe4\xa5\x95\xc5\x18\x1c\xa1\x93\xb8\x12&\xbbv\xf6\
\xe2\xed\xe1\xb2~f\x8a4\x9eAS\x17\x9fz\xeac\
\xe9O\xc8\xc0\xb0\xc6\xe0\x08O\x13\xf7\xb5\xa6\xe2\xd8/\
a\xb2\xeb!Q\xf1\xb6x\x9f\xdd\xf6\xd5\xe0\xbd\xe9\xee\
\x00\x85&\xc1\xc1P\x85\x0fL\xe9\x8dL\x15 \xbd\xd1\
 \xc5\x91\xa9\xaa\xa58\x8e\x1d;v.\xcd2D\xb5\
K\xb5\xc5\xbd\xce0\x11o\x0f\x97\x87\xe2\xe5\xf0\xe1\xc3\
?\xb2\xb8\xb8\xf8\xb9t\xd3\x16\xfbGG\x8d\xc5AW\
\xe2\xfe\x13\xcf\x94\x92\x9a[\xc4\xd4\xc6\xd8\xd8\xd8\xdb\xd2\
\xbe\xb8\xe3>\xdb\xd8_w\xdbW%\x8e\x80\xb2P\xe0\
`\xd8N8\x95g\x9e\xc2\x17\xa1\xa1\x8c\xbdq\xb5\xf8\
\x1a\xc2>\xf6a\xf1\xfe<Ui,\x8e@\xb1\xae\x84\
b\xe71t\x1c\xef\x8c\x87\xb5\xa4\xab6\x1c<x\xf0\
@\x98\x18\x8b\x83n\x9cl6\xa0h\xdc\xdfb\xc1\x22\
\xee\x7f\xe9\xaa=5\xf6\xd5X\x18IWm\x88\x83\xe4\
.//\x0f\xfct\xb7\x00\xedR\xe0`hb\xa7D\
z#O\xa1\xd3y\xb6 \xe9\x8du\xb1\xc8\x11\x0b.\
\xa9IF\xaa\x94\xe2H\xc5:\x03\xe7\x96P\xec8\x86\
\xf7\xa0\x8f\xa4&\xf4D\xd8\xa7\xa6\x16\x17\x17\xe3\xb8\x1a\
\xdb\x1c<x\xf0\x03\xed\x147\x1aR\x91\xa3\xe9\xbe\x1a\
\x9e\xef\x17\xe2s\xa6&@!\x8d\xa4)\x0c\x5c\xf8\x90\
\x8c\xc7c?\x5co\x91\x99\xdb\xc3\x97\xa4G\xd2|!\
\x84\xfdmraa\xe11\xa7\x22\xce\xcf\xec\xec\xec\xa9\
\xe9\xe9\xe9\x9f\x89\x05\x80tU\xb6\xe2~<??\x7f\
wI\x93o\x85{_\xd8K\x1cS\xe1\xe6\xe37\x7f\
Oj\xae\x8b\x83\x88\x1e\x7f\xf3\xf1c\xa9\xd9\xb2\xb0\xed\
\xe2\x18\x06\xf1\xec)[\xc4\x81\x1f\xc7\xc6\xc6>\x9a\x9a\
-K\x1d\xcd\x93\xe1\xef\x0f\x85N\xee\xf7\xbd\xfc\xcd\x97\
\x8f\x85\xf5\xfb\xfa\xfa\xad\xe1\xf6W\xbd\xf2\xb57|\xfb\
\xb7\x7f\xf5\xe8u\xd7=\x19\x9a\xa7b\xc7\xb5~Kw\
\x1a\xcf{\xfe\xfc\xf9\xb7\xbe\xf8\xc2\x8b\xc7\xc3\xe3\xbe\xb1\
~\xcb\xfam\xcf_\xf3\xeak\x9e\xb8\xe9\xa6\x9b\xfe$\
]5\x98\xe7\xed\xc3\xb2n^\xbf\xb5Z\xed\xed#\xaf\
\x1a\xf9\xee\xfa-\xeb\xb7=\xf3\x867|\xfb\x9f_\xfd\
|\xcd\xf6\x97s\xe7\xce=|\xf3\xcd7\xf7%\xf9\x10\
^G\xd3}*&0\xdaMol\x16\x97=,\xf3\
\xef4K\x86\x04w\x84\xc7}(\xcdo\xd3Xo\xf5\
\xd6\x16\x1b\xeb\xa9q\x9fAmK\x00\xe8\xbb\xf0\xe16\
\xf9\xf4\xd3O\xc7S\x8f\x91\x99\x99\x99\x993aR\xc8\
C\x06\xe2\xa0\xa7\xf5WI\x86J7\x80e\xa7\xe2\xb2\
\xd6\x17\xb9t\xb2\x18d4^\x97nnK\xf8\xd3\xa6\
\x03A\xb6;\x08e\xf8\x93V\x06\x84\xdc\x22\x0e\x8c\xba\
\xb4\xb4\xf4\xc10\x1b;\x96\x1d\x89\x7f\x1b\x1f#>\xd6\
\xfa\x83\xb6 \xbc\xe7\xfei\x98t5\xceH\xfc\xdb\xf8\
\xbci\xb0\xcc=\xa5\xf5\xd2\xf5s\xa6\xd7\xbe\xa7\xcd\xcf\
7\xe8AF\xe3 \xb5\xe9i\xae\xd6\xf5\x80\xa0\xf11\
\xea\x0f\xb5\xd5\x93O>\xb9\xad\xa0\xb2Y\xb8K\xd3\xbf\
\x0b\xd6\xd7Q\x9c\xb6\xba\xef\xa6m\xd0\xf1v\x04\x80\x81\
\x09\x1fX\xcel\x91\xaf\xc2vb\xc2k\x9b\xac\xd5j\
\xcf\xd4_&9\xa9\xd2\x19U\xe2r\x96\xb4@\xac\xc0\
\xd1D\xec\xbc\xa7\xbb\xec)\xdc}*t\x0e\xff\xb0\xfe\
\x97\xed\xeb\xa4\xc3\x18\xef\x1f.m\x15T\xae\xb6\xf6\xdc\
s\xbf\x16&mwT\xe3\xdf\xd4.]\xfa\x9b\xf5\x07\
iSZO\x1d-\xebs\xcf=\xf7||\x8cv,\
]\xbe\xfc\xe9f\xc5\x9f~\x158\xc2C\xc7}a\xa7\
m\xd2\x8b\x02\xc7T\xb3\xe5I\xd7\xed\xb8^\xc3m;\
\x158\xfe?\x9d\xec\xbb{=\x1f\xc0\xd5\x8c\xc1\xc1\xc0\
\x85\x0f*cod*\x8e\xbd\x11&\xa7\xeb\xad\xe2\x19\
1\x16G\xb6\x8c\xc5A\x91\xc5\x0e\xda\xe2\xe2\xe2;S\
s\x8bC\x87\x0e-\xa7\xd9]\xa5\xc7\xf8\xc2\xe1\xc3\x87\
\xdf\x91\xaej[<\xe4 >F\x9b\x1d\xc6\xf8\xbf\xf5\
`x\xde\xef\xaa7\xdb\xb7\x7ft\xf4\xe7\xaf\xac\xad\xfd\
R;\xcf\x1b\xef\xbb\xb4\xb4\xf4\xa5\xf1\x89\x89[\xd2U\
m\x89\xeb),k,\x04\xb6\xbd\xac\xa3\xa3\xa3\xaf\xab\
7[whl\xec'\xd3\xa0\xb1\x83r\xb2\xd96Y\
\xa8\xd5\x1e\x0b\x93S\xf5V\xe7\xe2\xa1!\x0b\x0b\x0b\x7f\
\x9c\x9a\x1b:\x1d\x187l\xcb\xff['\xfbn|\xbe\
\x0e\xf6Y\xa0\xc2\x148\x18\x06gN\xc9T\xe8d\xde\
\x17;_\xa9YHq\xf0\xd3\xf0\xa5\xcd\x19U24\
;;{O\xf8\x12\x5c\x993\xaa\xc4\xb1G\xd2<\xc5\
\x17;\xa3\x1d\x17&b\xe7.\x157v,2\xac\xad\
\xad}#\x8e\x0f\xd2\xecl-\x9b\xc5\xc7X^Z\xfa\
p+\x1d\xc6\xf4\xbcM\x07\xb1l\x88\xcf\xd7\xca\xf3\xc6\
\x22G\x98\xb4\xd41n,o<sG\xbaj\x9b\xc6\
\xf3\xc6\xe5NWm\x13\xd7y;\xcb\x1a\x1e\xf3c\xa9\
\xd9T\xab\xebx\x98\xfe\xfe\xef\xff\xbeg\xe3Vl\x1a\
K\xa5ka[\xfeH\x9a\xdd\x22\xae\xcb\xbd\xd6\xe7\xfa\
>\xeb\x0c.@\x8b\x148\x18\xa8\xf0\x05b\xf2\xc2\x85\
\x0b\xb7\xa6&\x19)zz\xa3A\x8a#_\xd3\xd3\xd3\
\xc7\xc3\xa42)\x8e\xb0\xbc\x9fHM\x0a*v\x9a\xc3\
\xe5\xbd;\x15\x09B\xe7\xfbw\xc3d\xcfB\xd5\xdc\xc5\
\x8bw\xeeT\xdc\xa8\xd5j\x7f\x16&w\x8c\x8e\x8e\xde\
\x1c\x07?=x\xf0\xe0\xf7\xc6v\xbc,--]\x8a\
\xf7\xb9ZL\x1b\x84\xc9\x9e\xc5\x86\xd8\xa9\xdc\xe9y\xaf\
\xac\xad\xfdz\x98\xdc\x11\x9fo\xf3\xf3\xa6ej*\x16\
\x10\xe2:I\xcd\xa6\xe2\xedq\x80\xcbV\x9f7.w\
l\xa7\xf5\xb0M+\xcb\x1a\x9f3l\xa3\xfbcZ \
]\xb5E'\xebxX\xd2\xe0\x9c\x85\xd6X\x9f\xf1\x12\
\xd7e+\xeb3l#gp\x01\xa0x\xc2\x87\x93\xb1\
7\xf2U\x9a\xe3\xeb\xc3k\x9dL\x83\xa1\x92\x99\x22\x0f\
r\xdbkq9\xd3\xd8#e\x91\xc5\x18\x1c\xad\x8c\x09\
\x10o\x0f\x97\xf7\xc6q\x19\xe2\xdf4\x93\xc6Oh)\
Y\xb0\xcb\x98\x101\xb5\xb4\xe3c\xc4\xdbv\x1a\xc3\x22\
t$w\x1d\xfb#\xdcej\x97\x81=w|\xdex\
}\xba}'\xbb\x8e\x0f\x11_W\xba\xdf\x16i}\xad\
\x0fT\x99\xee\xbaE\xbc>\x8d\xf5\xb1\xcd^c\x8f\x84\
\xdbv\x1a7b\xcf\xf1C\xe2m\xbb\x8d-\xd1\xc71\
8vz\xcd]\x8f\xbf\xd1\x10\x1f\xab\xfe\x90[\xed6\
\xd0h\xb8y\xc7u\x19\xb5\xb2>\xd3\xffX3=[\
6 _\x12\x1c\x0cL\xf8`\x9a\x9c\x9d\x9d}Oj\
\x92\x91\x14\x95/|z\xa3!\xfd\xfa}_j\x92\x11\
)\x0e\xfa-\xfe\xca\xbf\xb2\xb2\xf27\xb1\xf8\xb1\xd3e\
mm\xed\xf1p\xd7\x07Sz`\x9b\xc5\xf6N\xe3y\
\xb2\xd9\x98\x10)\xc9\xf0\xdb\xbb=F\xbcm|b\xe2\
\xfe\xd4\xdc\xa2V\xab\xed5\x16\xd6\xc9f\x87\x88\x84\xd7\
\xfe\xb90\xd9\xf1y\xd3\xf5\xbf\x1d.M\x93r\xf1\xd4\
\xa0iv\x9b\xf0=a*\xfc}\xd3\xb4KX_\x1f\
\x09\xb7=\xb4\xdb\xf3\xee\x1f\x1d\xfd\xd5fI\x8et\xba\
\xd3\xa6)\x8e\xf8\x9c\xe1o\xde\x9d\x9a[\xc44J|\
\xcc\x9d\x9e3\x8a\xb7\x85\xd7vg\xb3\xe7\xed\xa7\xdd\xd6\
c\xbf\xbd\xf4\xd2KoH\xb3m\x89\xfbl+\xeb3\
\xfc\x8f} 5\x01\xda\xa6\xc0\xc1 \x9d\x08_\xc6\xdb\
\x1e\x98\x8a\xe2\x8b\x9d\xac\xf0\xa5\xa4\xd0co4\x11\xc7\
0\x88\x87\xd5\x90\x99\xb0]\x8d\xc5A_\xc5\x22\xc7\xcd\
\xc7o\xfe\x9e\x9d.\xbb\x0dR\x19\x0b\x04m\x147v\
\x14:\x8a_m\xf11N\xc5\x82J\x9a\xdf0\xf2\xaa\
\x91\xefN\xb3m\x09\xaf\xfd\xb3{=o\xba\xfd\xb7\x9b\
\x8d\x8f\xb1G\xe7\xf8d\x5c\xb7i~C*\xe6\xec\xb9\
\x9f\xc7\xe7\x9d\x98\x98\xf8\x9d\xd4\xdcbyy\xf9P\x9a\
\xbd\xda\xc9T\x00\xd9\x22\x8e\x0bqhl\xec\xeeV\xd6\
\xf1n\xcf\xdb/\x9d\x16\x19\x86%\x16\x80\xf6*n\xec\
\xe5\xdc\xb9s?\x9af\x01v\xa4\xc0\xc1@Ho\xe4\
\xabl\xe9\x8d\x86\xf0%K\x8a#SR\x1c\x14\xd5\xea\
\xea\xea\xfc\xe1\xc3\x87\xff}j\xb6*\xbe\xc7\xae\x8fO\
p\xd5\xa5\xa5\xc2V\xecP\x86\xce\xfd\x97S\xb3k\xcb\
KKo\x8f\xa9\x87\xd4\xdcQ|\xde\xff\xf9\xf7~\xef\
?\x0d\x9d\xd2\x877_\xe6.\xce\xfdJ\xba\xcb6;\
\xa5\x12\xda(\xe6D\xa7\x9a\x8d\xe3\xd0Bbe\x8b+\
kk;\xa6Evpj\xaf\xc12\xab,\x16\x80\xda\
\xd9\x86\xd6%\xd0)\x05\x0e\x06Ez#S%Mo\
4Hqd\xaa\x82)\x0e\xfbq\x09\x1c8p \xee\
\x93\x1f_\xa8\xd5>\xdbJ\x91 \x8a\x9d\xc2p\x89\x9d\
\xed\xab/\x1d\xff\x12\xde\xa2S\xcd\x12\x18\xe9\xb0\x9b\x9f\
n\xe5\xf5\xff\xcc\xcf\xfe\xec\xbf\xbf\xf9\xe6\x9b\xdf\xb5\xf9\
\xf2c'\x7f,\x9e\xc6t\x9b\xf8xccc?\x91\
\x9a\x1b\xda=\xedi\x5c/\xcf<\xf3\xcc\x9f\xa6\xe6\x86\
#G\x8e\xbc\xad\xd9k\x9e\xbbx\xf1Miv\x8bv\
\x07\xeb\x8c\xcf[\xbbT[LM\xba`]\x02\xddP\
\xe0\xa0\xefb'Cz#OeMo4\x84/Q\
R\x1c\x99\xaa`\x8a\xc3~<@\xf1\xd7\xe5x\xba\xd0\
\x9d.{\xfd\xfa<>1q\xcb\xe2\xe2\xe2\x17Z-\
r\xec%>N\xb8\xc4\xc1\x1d\x9b^Ra\xa5-\xb1\
\x93977\xf7\xbf\xa4\xe6\xd5\xee\xad\xd5j\xbf\xb3\xe9\
9z\xb1\x1cM\x0fO\xf9\x07\xafy\xcd\xbf\x89\xaf%\
5[\xd2\xec\xf4\xa6\xe9\xb1\xb7\xfd\xd0\xb2v\xe5\xca\xf5\
ivC*\xec\xb4\x5cT\x01\xa08\x148\x18\x04\xe9\
\x8dL\x95<\xbd\xd1\xe0\xd7\xefLIq\xd0\x0f\xb1x\
\x11:\xcb\xeb\xa7(\xdd\xe9\x12o\x0fw]?\x94d\
\xa7\xd3\xa6\x1e>|\xf8\xbb\xdaIrl\x16\xff&\x16\
\x16\xe2\x19G\xce\x9c9\xf3G\xe15\xfdM\xb8:\x9e\
\xd9\xa2\xe9\xa5\xd9\x18\x13\xadhV(hH\x8f\xb9\xfe\
\xf8q9.>\xf5T<\x05l/\x0b\x1e\xeb\xc2g\
\xcc]\xcd\x06r\xdd\xed\x12\xd6\xc7\xc7\xd2\x9f\xef\xe9\x95\
\x97_\xf9\xbe4\xbb\xe1\xe2S\x17/\xb6[T\x01\x00\
* |\xc9)\xdbi\x0ciQ\xda\xaeYt\x1e\xc3\
r8}q\xbeJwj\xd2N\xc5e\xad/ra\
eq\x9a\xd8x]\xba\xb9%\xe1O\xd6\x8b\x11;\x9d\
ru\xaf\xd3\xb5n\x16\xee\xbe\xfeX\xe9\x94\xa9]i\
e9\xc2\xddv<\xf5\xean\xd2\xa9i\xdb*t\xa4\
\xfb\xf7\xdb\xb6\xd3\x8c6\xdb\xc6\x9d\x9e\xda\xb5\x97\x8f\xb5\
\x97TPj\xa6\xef\xa7\x89\xddm\x99\xc2\xcd;m\xc7\
\xb6^\xd7 \xd7%\x90\x17\x09\x0e\xfaMz#S\x99\
\xa47\x1a\x9c\x89\x22S\xa1#x\x7f\xf8^,\xc5\xc1\
\xd0\xc4$@\xb8<466vO\xbaj\x8b\xb0\x7f\
\xfeB\xb8\xecY\x08\x88\xf7Y\x5c\x5c\x8c\xa7|}0\
\xa6?\xea\xd7\xf6W|\xed\xf1\xcc\x17a\xf6\x8ef\x03\
w\xee$\x1e\x82\x13&\x0f\xc6dI,\xe0\xb4\xb2|\
\xb4\xa7\xdd1Bzit\xff\xfe\xa7\xd2,@\xe1(\
p\xd07\xb1S\x11\xbel\x1b{#C\x17.\x5c\x88\
\xbf\xa2\x94v\xec\x8d\xab\xc5BM,\xd8\xa4&\x19\x19\
\x1f\x1f\xbf\xb6V\xab\xdd\x9a\x9aYK\xfb\xb1\xb18\x8a\
\xebT\x1a0s\x8b\xb1\xb1\xb1#a\xb2\xeb\x0f\x01\xa9\
\xb8\xf1\x85\xc3\x87\x0f\xbf#]50\x9b\x0a4o[\
^^\xbe\xab\x9dBG\x1c\xf7\xe2\xd0\xa1C\x1f\x09\x7f\
\xf3\xa5\xb0\x0c==t\x85\xe6v9\x1dn\xcf\x0c\xb3\
\xb8\x02\xb0\x17\x05\x0e\xfaIz#SSSS\x8f\xc6\
\xceTj\xe6B\x8a#Sa_\xbd7\x16\x5cS3\
w\xa7\xe7\xe6\xe6\x8c\x1dP@\xb1P0>1\x11\x13\
\x18mI\xc5\x8d\xfbwJm\xc4\x011\xe3\xe9W\xc3\
\xec\xd5\xa7\x91\xdd\xb8\xd4j\xb5?\x0b\xd3\xae\xc4\xd7?\
66\xf6\xd1X\xe8\x08\xcd;\xce\x9f?\xffP\xab\xc5\
\x8eT\xc4\x89\xe3u\xb4\xfd\x9d \x8ey\xd2l \xd7\
v/g\xcf\x9c\xfd\x0f\xe1\xe1\xb2\x7f\x8f\x0f\xfb\xca\xb6\
1E:\xb5\xd3\x19f\x00\xa0rbg\xc2\xd8\x1by\
z\xfa\xe9\xa7\xb3\x8d\xfc\x87\xe52\x16G\xa6.]\xba\
tg\xda\xcc\xd9\x8b\xcb\x9a\x16\xbbh*9\x06\xc7f\
\xe1\xcf\x9b\x8eO\x10\xc7SHw\xd9&\xdc\xbc\xe3\xd8\
\x14i|\x8c=S\x11q\xec\x82\xfa_|K7\xcb\
\xd1\x10\x1ef\xe3\xec-q\x19v\x1ag\xa4ayy\
y%L\x9a\xbe\xdep}O\xc6nhW\xb3m|\
\xe6\xabg:J(6{\xac~\x8d\x1b\x11\x1ez*\
\xad\xcf-v[\xc7\xed\x88\x8f\xb1\xcbX/;n\x93\
x[\xfd.\xdb\x18\x83\x03\x18\x08\x09\x0e\xfaEz#\
S\x93\x93\x93_\xcc0\xbd\xd1 \xc5\x91\xa9*\xa58\
&&&\x1e\x0d\x1d\x93\xcb\xa9I\x094;Ui\xc3\
\xf9\xf3\xe7\xdf\x9af\xafvo\x1c\x1f#&+R{\
\xe0\xe2s\x87\xcbC\xf1r\xdd\xf5\xd7\x7f\xa0\x91\xee\xd8\
)1\x12\x0fY\x09\x1d\xf0w\xa5f!\xbc\xf2\xaaW\
\xbe\x96f7\x1c\x99<\xf2\xe6\xf0~Q\xe8\xc3i\xe2\
\xba\x0f\xff\xe7\x7f\x9c\x9a\x1bv:\x1dn\x07N6K\
\x0d-..~=L|N\x02\x85\xa5\xc0A\xcf\xc5\
ND\xe8$6\x1dL\x8dr\x9b\x9f\x9f\x7f L\xb2\
\x19{\xe3j\xe1\x0b\xa3\xb182U\xb5\xb18\xc2\xfb\
\xf0\xbd\xa9I\x09\x84\x8e\xe4_\xa7\xd9m^|\xe1\xc5\
m\x05\x8e\xd4\xc9\xfc\xed\xd8\xc9\xad_S\x0c\xf1\xf5\x84\
\xcbC\x13\x13\x13\xef\xbe\xb2\xb6\xf6\xeb\xe9\xea-j\x97\
j?\x9ef[\xb2K\x81\xa7'^\xf3\x9a\xd7\xcc\xa5\
\xd9\x0d=,\x12\xf4\xd5N\xa7\xf1]^Zz{\xb7\
\x05\x9a\x9d\xc6\xf2\xd8\xb7o\xdf\x83E\xdb\xef\x006S\
\xe0\xa0\x1fbz\xe3x\x9a'#\x99\xa77\x1a\xa48\
2\x15\xf6])\x0e\x86j\xa71\x0d\x0e\x1d:\xb4\x9c\
f\xb7\x88\x9d\xd4\xeb\xa7\xae?\x96\x9a\x1bB\xe7\xf3\xcb\
\xfd\xecd\xc6\xe7\x8d\x87i\xc4\xc3\x046_Z\xed4\
\xc7\xd7\x16\xd3%\xa9\x10\xb3E\xb8\xed\x8di\xf6j\xa7\
\xe2x\x1bi~\xc3\xd8\xd8\xd8Ot\xdbY\xdf\xcd\x8d\
7\xde\xf8\xe54\xdb\x95\xf8\x1a'\x8eL\x1cN\xcdA\
9\x15\xc7`I\xf3\x1b\x0e\x8d\x8d\xfdd\x98t\x5c\xa0\
\x89\xcb\x12.\xbf\x90\x9a[\xec\xb4\xaf\x02\x14\x85\x02\x07\
=\x15>\x10\xa572\x95{z\xa3!\x16p\xa48\
\xf2$\xc5\xc10\xc5Nc\xe8\xf4\xb7;\x9e\xc4\xc9\xd1\
\xd1\xd1\xd7\xa5\xf9\x8e\xc4\xe7=x\xe0\xc0M\xa9\xd9\xaa\
\x93\xc7\xdf|\xfc\x1f\xde|\xfc\xe6\xef\xd9|9\x7f\xfe\
\xfc\xdd\xe9\xf6=\xc5\x22G,\xc4\xa4\xe6\x9e\xe2\xfd\x97\
\x96\x96~/57\xc44\xc5\x95\xb5\xb5_\x8a\xcb\x91\
\xaejI\xbc\x7f\xb8\xc4\xf1 :*\x8e,..\xde\
\xd5\xe6\xdf\x9eL\xc9\x8f\x81\x89\xeblue\xe57S\
s\x8b\xf0^\xf7\xeeN\x96=\xfeM\x5c\xdfi`\xd8\
-\xd2\xa1G~\x00\x00\x0aM\x81\x83^\x93\xde\xc8T\
E\xd2\x1b\x0d\xa7SA\x87\xcc\x84}X\x8a\x83\x81\x8b\
\x9d\xc6\xe5\xa5\xa5\x0f7\xeb\x00\xa73\x91\xec\xd4il\
\x9aj8t\xe8\xd0[[\xe9\xbc\xa6\xfb\xfc\xf4\xf8\xc4\
\xc4-\xf5kZ\xd6u\x9a\x22\xde\xaf\xdd\xc2\xcaNi\
\x8a\xfd\xa3\xa3?\x1f&-'\x12\xe2s\xc7Nz\x98\
}pqq1\x0e\x8c\xbd\xdbknz\xfa\xde8\xfe\
D\xab\x85\x95x\x9f\xf0<\xefL\xcd\x81:z\xddu\
\xf77Kq\x84\xff\xff\x1fj\xb70\x94\xee\xfb\xd3i\
}o\x13\x1e\xf3wbQ%5\x01\x0aI\x81\x83\x9e\
\x09\x1f\x8c\xd2\x1b\x99Z]]\xfd\xe50\xc9>\xbd\xd1\
\x10\x0b9\xb1\xa0\x93\x9ad\xa4j)\x8e\xf0\xbf\xfb\x1b\
\xa9\xc9\x90\xc4Nc,n\xa4\xc3\x06\xb6\x09\xdb\xe9\xd7\
v\xea4\xc6\xeb/\xcd_:\x93\x9a\x1b\xd2\xe0\x8f?\
\xbd[\xe75\xde\x96:\xf9M\x93<\xf1p\x8a\x9d\xfe\
>>\xefNi\x8a\x16\x0a\x06\x1b\x1d\xe5f\x85\x95f\
\x83znr*\xa5\x04\xb6I\x89\x8a=\x13\x19\xf1\xf6\
\xb8\xdc\x8dNzXW\xef\x08\xcb\xf2\xa5\x9d\xfe..\
\xebN\xa7\xefM\x8f\xd1\xd2z\x8e\xcf\x93\xae\x1a\xa8\xf8\
\xfa_|\xf1\xc5\xfbRs\x8b\xf8\xfa\xdb)\xd2\x84\xc9\
O\x87K\xd3\xfd%\xac\xff\xcf\x85\x89\xf4\x06\x00\xd5\x11\
>\x1c\x9db3C\xe1\xcb\xe63aR\x89_\xbc7\
\x8b\xcb\x9cN\x89Kf\xaa\xb4O\x87\xe5,\xd2\xfbr\
\x16\xa7\x89M\xa7\xe1\x5c?5\xea^\x97x\xea\xd4t\
\xff\xa6\xd2m\xbbv>\xe3c\xd4\xef\xbd]\xb3\xd3\xc4\
\xc6v\xb8\xbc\xf7\xd2\xa5K\x7f\x1a\xef\xb3\x87NN\xf7\
\xf9J\xed\xd2\xa5\xbf\x09\x93x{\xd3\xe7N\xaf\xab\xa9\
\xa5\xa5\xa5\x0f\xa6\xbb7\x15\xee\xb2\xe3\xf3F\xe9\xb1w\
|\xee\xf4\xda\xb6\xd9\xed\x14\xa3\xe1\xe6\xa9\x9d\xfe.\xda\
m=/,,\xfca\xbc\xcfN\x06qj\xd3\xf04\
S\xbbm\xef\xf0\x1a\xe3\xe9^\xb7\xad\xb3(^\x17o\
\xdb\xed\xef\xd3\xe9\x7f\xb7\xfdm3\xe1~;m?\xa7\
\x89\x05\x06b$M\xa1+\xe1s'\xa67>\xef\xf0\
\x94\xfc\x84\xce\xe0\xcf\x1d9r\xa4\xe9\xaf[\xb9\x0b\xfb\
u\xec\x90=\x5co\x91\x93x\x08\xd2\xe4\xe4\xe4\x87G\
2?\xec*\xbe7\x87e\xbd;,\xeb\xfb\xd3U\xc3\
t{X\xdf\x8f\xa4\xf9R\x88\x9d\xac8\xf6Dj\xf6\
\xc3\x1da\x9d<\x94\xe6\x9b\x0a\xdbpjmm\xed\xf1\
\x9d\xc6\xe2\x88\x87'<\xf5\xd4S\xff\xfe\x9ak\xaey\
6\xb6\xc7\xc7\xc7\xffI\x1bcA\xec\xf8\xfc\xf1yw\
K\x9eD\xf10\x96\xcd\xa7*\x8d\x87\xce\xa4tIS\
\xf1p\x9cx*\xd9\x98:HWm\x13\x9fws\x02\
c'\x8b\x8b\x8b_o\x8c\xf1\xf1\xf2\xcb/\xbf!|\
N\xbdm\xa7\xe5\x8e\xeb(\xac\xbf\x9b\xf7x\xde\xd8\x01\
\x7f\xb0\xde\xda\xee\xea\xf5\xfc\xc67\xbe\xf1\x1f5\x1b\xa7\
\xe2j\xe7\xce\x9d{\xf8\xe6\x9bo\xee\xfb\xa9q\xe3z\
\x0b\xeb\xe4\x0b\xbb\xad\xff\xf5e\xb8\xf0\xd4W\xaey\xf5\
5\xebg\x8e\xd9k\xbdm\xb2\xe7~\xda\xb0\xcbzl\
\xf91\xa2f\xff{\x83Z\x97\x00\x10?\xd0\xa472\
T\xd5\xf4FC\x5cv)\x8e\xac\x95.Q\xd0\x89\xb8\
\x9c\xf5\xc5\x1d\xba,\x12\x1c=tO\xb8\xb4\xf4\xabx\
L=\xd4\xff\xa4\xe7v\xfdU=\xdc>\xb5WB\xa1\
M-\xfd\x8a\x1f\xee7\xb5[\x0a\xa4\x03{>o\xb8\
O\xaf\x9fs\xdd S\x07\xe1\xe9vM\xa2\xb4\xeb\xb9\
\xe7\x9e{>L\x9a&?v\x92\xee\xdfLK\xdb\xbe\
A\x82\x03\xe8\x9418\xe8Z\xf8\xcc1\xf6F\xa6\xc2\
\xb6\xbdw\xa4:\x03\x8bn\x13\x97\xddX\x1c\xf9\x9a\x9f\
\x9f\x7f{|\xffJ\xcd\x9c\x194\xb7@\xd2\x80\x96w\
\x84\xcbo\xef\x96(\xd8\xec\xd0\xa1C\x9f\xb9\xb2\xb6\xf6\
\xeb\xa9\xd9\x964Xh\xd3q\x15v:mmC|\
}\x87\x0f\x1f\xbe3\x8d\xbf\xd0\xb1\xf4\x1a\xe22\xb74\
\x86C|\xde\xfd\xa3\xa3\xbf\xda\xe927\xb4\xf3\xbc\xdd\
>gL\x944\x1b\xact\x90\xe22\x8cOL\xbcs\
yi\xe9w\xd3U\x1d\x8b\xcb\x92R/\x0f\xc5\xc7M\
W\x03\x14\x9e\x02\x07\xbd\xe0\xcc)\x19\x8ag_\x88g\
aH\xcd*\xd39\xccT:l\xe3D\xbd\x95\xaf\xd0\
9Q\xa8+\x80Fa#v@\xdb\xed4\xc6\xfb\xc6\
\xcew\x98\xbd\xa3\xd9\xd9Mv\x12\x0b\x13\x07\x0f\x1e\xfc\
\xde0\xdb\xb4P\xfd\xec\xb3\xcf\xfdX\x9a\xddQ|\xee\
X\xe4\x08\xb3w\xc4N|\xfd\xda\xd65^C7\xcb\
\xbc\xd3\xc0\xa3\xbb\x89\x9d\xfcv\x9fw\xf3s\xc6\xc3i\
\xea\xd7\xee->WXG?\xb2\xb2\xbaz.]5\
4q\x19\x0e\x8d\x8d\xc5\xd3\xf9v\xb4\xde\xd26n\xec\
\xa7\x0a\x1b@\xe9\x18\x83\x83\xae\xc4_?\xe7\xe6\xe6\xfe\
\xfc\xe8\xd1\xa3-\xc7\x17)\x87*\x8f\xbdq\xb5\xb8\x9f\
\x87N\xc5\x13\xe1\xcb\xf2h\xba\x8aL\x18\x8bc\xa0J\
7\x06\xc7\xa7>\xf9\xc9\x1f\xfe\x81\xb7\xbd\xed\x9f\xa7f\
\xdbn\xba\xe9\xa6?I\xb3\xd1\xa9^t\x18\xc3\xb6\x8c\
\x9f\xb7'\xcf\x9e={k\xb3\xf1\x13b\xc7\xfc\x1b\xcf\
?\xff\xe9\xa3\xd7]\xf7dh\xae?g\xfc\x9b\xb9\x8b\
\x17\xef\x5c\xbbr\xe5\xfa\xfa\xbd\xea\xfe\xe2K_\xfa\xd7\
?\xf3\xb3?\xfb\xefSsO\x8d\xe7>\x7f\xfe\xfc[\
_|\xe1\xc5\xb7^?u\xfd\xb1\xab\xc7\x06\x89\x05\x98\
K\x97.}ibb\xe2\x8b\x87\x0e\x1dZ\x0eWu\
\xbd\xdc\x8d\xe7\x8d\x89\x93g\x9f}\xee\x07\xc3\xf3\xbe\xa5\
\xdf\xcf\xbby=_\x7f\xfd\xf5?\xbc\xf9\xf9\x1acY\
\xbc\xe1\x0d\xdf\xfe\xe7\x9b\xd7\xf3\xe7O}\xfe\x96\xa3\xd7\
\x1d\xfdo\xea\xf7\xaa\x9b\xbb8\xf7+?v\xf2\xc7\x86\
\x92\xec\xb8z\xbd\x1d\x99<\xf2\xe6\xab\xf7\x97\xb4,O\
\xbc\xe6\xb5\xaf\xf9r:Mo\xd7\xeb-\xec\x1fw\xbf\
\xf4\xd2KoHW\xad\x0b\xff\x0b\x1fl\xe7q\x9b\xfd\
\xef\x0ds]\x02\xe5\xa1\xc0AW\xc2\x97\x89;\xc3\x97\
\x89\xdfLM2\x11\xd3\x1b\xe3\xe3\xe3\xb7\x84/#\x95\
=<\xe5j\xf6\xf5\xac\x95\xae\xe3\xdd\x89\xd0\xf1\x18\xf6\
\xa0\xb9\x95X\xcf\x83\xd4\xe8\xc0\xd6[\x1b\xba.(\xb4\
jX\xcf?\xe8\xe7m\xf2|\x03[\xc7\xbd4\xec\xfd\
\x05`\x10\x148\xe8X\xf8\xa0\x9c\x0c\x1d\xe1\xc7BG\
\xf8\xdat\x15\x99\x90\xde\xd8\xce\xfe\x9e\xaf*\xa58f\
gg?5==}u\x07gP\x148\x00\x80\xbe\
2\x06\x07\x1d\x0b\x9d\xe0[u\xf6\xf2\x13:@g\x8d\
\xbd\xb1]\xec\xfc\x86\x0eb\xd3\x81\xfa(\xb7*\x8d\xc5\
1==\xfd\x89\xd4\x04\x00\xc8\x8e\x02\x07\x1d\x89\xbf\x04\
\x86/\xcb:{\x19\x0a\x1d\xa0\xfbr\xff%\xbbS\xb1\
\xf0\x13\x0f\xdfIM22_\xa13\xaa\xcc\xce\xce\xb6\
t&\x0b\x00\x80\xb2Q\xe0\xa0#\xd2\x1by\x8a\xe9\x8d\
09]oq5)\x8e|Iq\x00\x00\x94\x9f\x02\
\x07m\x93\xde\xc8\x97\xf4\xc6\xde\xa48\xf2u\xe1\xc2\x85\
[\xa58\x00\x00\xcaK\x81\x83\xb6Io\xe4Iz\xa3\
5R\x1c\xf9\x9a\x9a\x9azW\x98Hq\x00\x00\x94\x94\
\x02\x07m\x91\xde\xc8\x97\xf4F\xebb\x8acnn\xce\
i\xf524;;\xfb\x9e\x0a\xa58bQ\x13\x00 \
\x1b\x0a\x1c\xb4Ez#O\xd2\x1b\xed\x89\x85\xa0\xa3G\
\x8f~ 5\xc9\xc8t\xfd\x14\xaaUIq\xdc\x97\x9a\
\x00\x00YP\xe0\xa0e\xd2\x1b\xf9\x92\xde\xe8\x88_\xc0\
3%\xc5\x01\x00PN\x0a\x1c\xb4Lz#O\xa1\x83\
\x13\x07\x1b\x94\xdeh\x93_\xc0\xf3%\xc5\x01\x00PN\
\x0a\x1c\xb4$\xfe\x9a\xf9\xda\xd7\xbe\xf6#\xa9IFB\
\x07\xe7\x13\xd2\x1b\x1d\xf3\x0bx\xa6\xa48\x00\x00\xcaG\
\x81\x83=\xc5/\xf9\xf3\xf3\xf3w\x1f<xp4]\
E&\xa47\xba\xe3\x17\xf0|Iq\x00\x00\x94\x8f\x02\
\x07\xad8199\xf9\xfe4OF\xa47z\xc2/\
\xe0\x99\xaaR\x8a\xc3Y\x81\x00\x80\x1c(p\xb0\xab\x94\
\xdex{j\x92\x11\xe9\x8d\xde\xf0\x0bx\xbe\xaa\x94\xe2\
\xd8\xb7o\xdf\xc7S\x13\x00\xa0\xb4\x148\xd8\x8b\xf4F\
\xa6\xa47z\xea\xf4\xcc\xcc\xcc_\xa4y2R\x95\x14\
\xc7\xc4\xc4\xc4\xa3\x0b\x0b\x0b\x97S\x13\x00\xa0\x94\x148\
\xd8\x91\xf4F\xbe\xa47z+\x16\x8an\xb8\xe1\x86\x7f\
\x95\x9ad\xa4J)\x8e\xf0\x9e\xef4\xe0\x00@\xa9)\
p\xb0\x1b\xe9\x8dLIo\xf4E\x1c\x8b#\x16\x8e\xc8\
L\xd8\xae\xf7Hq\x00\x00\x14\x9f\x02\x07MIo\xe4\
+l\xd7\x07\xc2Dz\xa3\xc7b\xc1(\x16\x8eR\x93\
\x8c\x84\xedz<L\xa48\x00\x00\x0aN\x81\x83\x9dH\
od*l\xd7/Jo\xf4\x8d\x14G\xa6\xa48\x00\
\x00\x8aO\x81\x83m\xa47\xf2%\xbd\xd1_R\x1c\xf9\
\xaaR\x8acuu\xf57R\x13\x00\xa0T\x148h\
Fz#S\xd2\x1b\x03!\xc5\x91\xa9\xaa\xa48\x8e\x1d\
;v.\xcd\x02\x00\x94\xcaH\x9a\xc2\xba\x94\xde\xb8[\
\x81#?1\xbd\x11\xb6\xeb\x87\x158\xfa/\xfc\x1f\xdd\
\x16&\x0f\xd7[d\xe6\xf6\xf0?\xf4H\x9a\xcfR\x1f\
?\x07\xb2_w\xf4N\xd8\x0f\xa7\xc2\xe4\xe4\xf2\xf2\xf2\
\xa1\xc5\xc5\xc5\xef{\xe5\xe5W\xbe\xaf~K\xdd\xc85\
#\x7f=\xba\x7f\xffSG\xaf\xbb\xee\xc9t\xd5\xa9\xb0\
\x7f]H\xf3\xf4Hc;\xd4[[X\xdf\x99\xb1\xad\
\x81,\xc5\x8eY\xb8\x90\xa7\xd8\xe9f\x00\xc2\xba\x9e\x9c\
\x9d\x9d\xfd7\xf5\xd5NNfff\xce\x84I\xf6)\
\x8e\xb0\x8c\xfd\xf8,\xf0\x1e\xc4\x9e\xc2~2\x15.\xef\
]XX\xf8\xda\xfa^\xd3\xa2\xda\xa5K\x7f\xf3\xf9S\
\x9f\xbf%=\x0c=\x12V\xed{\xebkx\x9b\xf7\xa6\
\xbb\x90\x89\xb8M\xeb\x9bv\x1b\xdb\x9aRq\x88\x0a\x1b\
\xc2\x1bX\xec\x94\xbd'5\xc9\x88\xb17\x06kdd\
d~jj\xea\xd1\xd4$#U\x19\x8b#8\x9d\xde\
7hA\xf8\xfc\x5c\xef\x94_u\x89\xbf\x86VF\x5c\
\xde\xc7\x1f\x7f\xfc3g\xcf\x9c}\xe2\xccW\xcf\xfc\xf5\
\xc5\xa7\x9e\xfaX\xbb\xeb \xde\xff\xca\xda\xda/\x85\xd9\
\x07\x0f\x1f>\xfc]\xf5k[3>1q\xcb\xe4w\
N\xfeJj\x16V\x5c\xc6\xb8n\xe2z\x8a\x97'\x9f\
|\xf2\xc1\xaa\xed+\xad\x88\xeb$\x5c*\xfd?U&\
q\xdb\xd8\xaf\x81\xc2\x09oD\xd2\x1b\x19Z^^~\
.L\xb2\xff\xc5\xb9h\xe2:\x7f\xfa\xe9\xa7\xef_\xdf\
\x08dE\x8a\xa3c\xd9&8\xc2\xb2\xc5\xce\xd7\x16\xe1\
\xbdw%L*\xf1\x05?.gZ\xde-b\x87'\
\xddeO\xe1\xeeSk\xcf=\xf7k\xf5\xbf\xec\xcc\xd2\
\xd2\xd2\x07\xd3\xc3\x15Rx\x89S\x97.]\xfa\xd3\xfa\
\xab\xfd\x96\x98>\x09\x93B\xee+\xe1um\xdb\xb7\x93\
\xbe\xfe\xaa\x7f\xe6\xabgN\xa7\xe7\xd9\x10\xafK7\xd3\
\x07a\x15w\xb4\xad\xc3\xed\xa5\xdb\xaf\xc9\x9b\x04\x07\xeb\
\xc2\x1b\x90\xf4F\xa6^x\xe1\x85\xbbb\xa2 5\x19\
\x90\xb8\xce\xe3\xa0\xae\xa9IFb\x8a\xa3V\xab\xdd\x9a\
\x9a9\x93\xe2hA\xfc\x02\xbfP\xab\xdd\x99\x9a\x1b\x0e\
\x1e<x t\xfa\xdf\x95\x9a\xb9;\x19\x977\xcdo\
\xd8?:\xda\xce\xaf\xee'\xc3\xfd\x7f>\xcd7\xb5\xb2\
\xb2\xb2\xfa\xf8\xd9\xc7\xff6N\xd3U[\x1c:th\
9\xcd\x16\xd5\xc9\x89\x89\x89\x1fJ\xf3\x1bb\xfa$L\
\x9a\x8d}PY\xe13\xf4\x8divC\xb3\xeb(\x04\
\xfb5\x85\xa2\xc0A\xc3\x89\xf0\xa5\xdd\x9bPf\x16\x16\
\x16.\x87\x0f\x1d\x87J\x0c\x8f\x0eb\xa6\xc2\x17\xed{\
ca85\xb3\xa4H\xd7\xb2\x93\xe9\x8b\xfc6a\x1f\
\xf9\x856:\xf8C\x11^\xdf\x0d\xe1\xf2\xf3M.7\
\xa4\xbbt,\x15=\xf6\xfcn\x11\x9ek\xaaV\xab\xbd\
;5\xb7H\xc5\x8c;\xe2%<\xde\xf7\x1e\x7f\xf3\xf1\
cq\xda\xb8nyy\xf9\xae\xb3g\xce\xfe\x87X\xf8\
\x08mg\xb0b\xe8\xe2\xfe\x1c.\xb1\xb8\xb7\xf9\x22\xc9\
\x000(\xe1Mwrff\xe6\x8f\xc3\x94\xcc\x5c\xba\
ti\xdb\xaf\x8a\x0cV\xd8\x0c\x0e\xfd\xcaT\x15\xfe\xbf\
\xc2b\xf6\xf2\xf3!\xcbCT\xe2a\x11i\xf9vR\
\xe8\x01\xfa\xc2\xeb\x8b\xc5\x8cfvMSl\x16\xee\x1b\
;p\xdb\xa4\x81B\xf7\xec\xd8\x85\xfb4\xfd\xfb\xdc\x0e\
\xf3\x89\xcb\xd2\xecP\x9e\xa4\x90\xfbI|]\xf5\x97\xb7\
M__o\x1c\xc7!=\xcf\x86x]\xba\xb9\xd0\xe2\
X4\xe9%o(\xc3k\x0f/\xb3\xa3m\x1dn/\
\xdd~M\xde$8\x88\xa472$\xbdQ\x18R\x1c\
\x99\xaaJ\x8a#|>|\x225\xb9J\xd8\xfe\xf1\x97\
\xda_H\xcd\xa6\xce\x9f?\xff\xd64\x9b\xb3S\x8b\x8b\
\x8b\x9fK\xf3\xeb\xd6\xd6\xd6\xbeq\xf8\xf0\xe1\x1f\x09\xfb\
P\xc7\xa7\x97\x0c\xeb\xf6#\xdd\xfc}\xd1\xc4e\x89\xcb\
\x94\x9a\x1b\xae\xac\xad\xfdz\x98H\x9fPJ\xf6k\x8a\
F\x81\xa3\xe2\xc2\x1b\x92\xb172\x15\xb6\xed\xbd\xb1s\
\x92\x9a\x0cI\xdc\x06b\xfey\x1a\x1f\x1f\xbf\xb6*c\
q\x84\xcf\x09_R\x9b;966v$\xcd75\
11\xf1S\xe1\xfd8\xebxz\xec\xe0\x1c>|8\
&\x9a\xd6\x0f\x1b\x89\x97\xd1\xd1\xd1\x9b\xe3\xf5\xf1\xf6\xbd\
\xcc]\xbc\xf8\xa64\xbbE\x09\xc6\xd4h[X\xa6\xcf\
\x84\xc9\xc6z\x8a\x97\xfd\xa3\xa3\xbf\xda\xea\xba\x82\x22\xb2\
_S$\x0a\x1cHodHz\xa3pN\xaf\xae\xae\
\xfer\x9a'#\xe1\xcb\x9b\x14GE\xc5\xa2\xc5\xe2\xe2\
\xe2;SsG\xa1\xa3\xff\xba0\xc9\xfes6vd\
\xc2\xe5\xa1M\x97\x96;6kW\xae\x5c\x9ff\xb3\xd7\
d=\xb5\xb5\xae\xa0\x88\xe2>|\xd5>m\xbffh\
\x148*Lz#_\xd2\x1b\xc5\x12\xb7\xc5\x81\x03\x07\
~+\x16\x9e\xd2UdB\x8a\xa3\xd2N\x1e>|\xf8\
\x1di~\xc3\xd2\xd2\xd2\x17\xd2\xec\x86\xc5\xc5\xc5\xbbr\
Oq\xf4Z\x1a\x5c\xd4>\x07@[\x148\xaaMz\
#C\xd2\x1b\xc5\x14\x8b\x1c\xb1\xf0\x94\x9ad$l[\
)\x0e6\x8c\x8d\x8d\xfde\x9a\xddp\xf8\xf0\xe1\xef\x0a\
\x93\xbe\x7f\xde\xc6\x22J\xb8\xc4\x81\x027_\x14V:\
\x14\xd7\xddU\xeb\xb2\xb0\xeb3\xbe\xae\xab^g\xa1_\
o\x11\xc4us\xd5\xba\xea\xdb\xfa\x9a82q\xb8\xd7\
\x8f\x1d\x1fo\xd3\xeb\xee\xeb\xeb\x1f\x96\xb8<\xc3\x5c\xbe\
&\xcf?\xb0\xd7\x10\x9f\xe7\xaa\xe7\xed\xfbs\xc7\xc7\xbf\
\xea\xf9\x06\xf1\x9c\xcd\xce\xe4\xd5\xd5Y\xbcF\xd2\x94\x8a\
\x09;NLo|J\x81#K\xb7\x87\xce\xc8#i\
\x9e\x02\x89\xffw\x0b\x0b\x0b\x8f\xc5_\xfd\xd3Ud\xa2\
V\xab\xfd\xdc\x91#G\xeeO\xcd,\xa5\xcf\x8d\xcf\x87\
\xcf\x8d\xe3\xe9\xaave\xf3\xde\x14\xd6E<<\xe5\x0b\
\xa9p\xb1!\xec\x07\x7f611q\xd7\xd2\xd2\xd2\xff\
|\xf5\xd8\x1cs\x17/~\xfc\xba\xeb\xaf\xff@j\xb6\
\xed\xf3\xa7>\x7f\xcb\xd1\xeb\x8e\xfe7\xa9\xb9n\xee\xe2\
\xdc\xaf\xfc\xd8\xc9\x1f{,\xbe\x9e\xd0<\x19\x93\x22W\
\xbf\xa6\xcd\xcf\x1b\xeew\xc3\xd7\xce\x7f\xed_\xad\xdf\x90\
\x1c8p\xe0\xe8\xd8\xb5c\xdf\x9f\x9a\x1b\x96./\xfd\
\xd5\xea\xea\xea\x5cj\xae\x9b{z\xee\xbf\xfb\xe1\x1f\xfe\
\xe1\xbfJ\xcd\x0d\xf1\xf9\xcf\x9f?\x7f\xf7K/\xbd\xf4\
\x86t\xd5\xba\xc6\xebK\xcdu\xcd\xee\xfb\xc67\xbe\xf1\
\x1f5\x1b\xcb$\xae\xcf\xf0\x1a\xb6\xa4\x11\xaf~\xcc\xf8\
x\xe7\xce\x9d\xfbhj\xae\xdb\xb7o\xdf\xb37\xdex\
\xe3\x87\xc3\xfe\xd6vD\xbe\xb1.\xc3c\xfehx\xaf\
\xfe'\xe9T\xb7\x1b\xe2\xe0\xa9O]x\xea+\xa1\xc3\
\xfa\x07i\x8c\x90S\xed<\xcf\xa7>\xf9\xc9\x1f\xfe\x81\
\xb7\xbd\xed\x9f\xa7\xe6\xba\xbf\xf8\xd2\x97\xfe\xf5\xcf\xfc\xec\
\xcf\xfe\xfb\xd4l\xd9^\xaf5\x0a\xfb\xe2\xa5\x95\x95\x95\
?\x0c\xeb\xe3\xcb\xa1\xd9\xd6k\x8d\xc2s\xc4\xb3`<\
XomqGx\xac\x87\xd2|\xcf\xc5\xb3\x8e\xdc|\
\xfc\xe6\xefI\xcdu\xf1T\xc0\xf14\xc1\xa9\xd9T\xb3\
\xfdk\xf3\xfe\xd0Xgq\xdc\x97\xd7\xbd\xfe\xf5?u\
\xf5~w\xd5\xf6\xfd\xcc^\xeb\xab\xd9\xf6lu\x7fn\
w?m\xbc\xf6\xe5\xe5\xe5C\xb5K\xb5\x1f\xbf~\xea\
\xfa\xb7\xa4C\xe06\xc4\xed\xfd\x8d\xe7\x9f\xff\xf4\xd1\xeb\
\xae{24\xdb\xda\xde\xddl\xeb^\xef\xd7a\x19\xdf\
\xd5l\x19w\xda>\xcd\xde\x1fo\xba\xe9\xa6\x0f\xb6\xb3\
\xfc\x0d\x8d\xf5|\xf6\xec\xd9[\xc3\xe7\xfa\xdb\xae\xfe\xbf\
\x8a\xe9\xb2\xb0\x9e\x7f\xaf\x93\xff\xa9\xf8\xd8\x83\xdc?[\
\xd1x\xce~\xbd\xe75\x13\x9e3\x160~<|\xa7\
\xf8\xfe\xf0\x99\xf5\xff|}\xb0~C\xf2|0\xff\xf4\
\xfc\xff~\xe3\x9bn\xfc\xfd\xd0\xfc\x83\xf0|3\xf5[\
`\x17a\xc7r\xea\xca\x0c\xcd\xcc\xcc\x9c\x09\x93\xac\x7f\
I.\xbbxj\xd1\xfa\xd6\x22'\xe1\x8b\xeb3a\x92\
\xfd\xff^X\xc6n>;\xb29MlX\x96\xf8\xab\
V3\xeb\xa7D\xbc\xf8\xd4S\x1fK\xed\x0d\xdd\x9e\xf2\
\xb4\xd9\xa9'\xd3uS\xb5K\x97\xfe\xa6~\xcdv\xf1\
>\xe9!\xe2\xeb\xde\xe9\x94\xb0-9\xff\xe4\xf9\xf8e\
s\x9bpS\xd3\xf5\xb1\xf9\xb9\x1b\xc2\xd5;\xad\xbb\x96\
\x5c\xfd\x98\xe1\xaa]\xb7E\xab\xc2\xfd\xa7B\xa7\xe5\x83\
\xbb\x9c\xee\xb2\xa9\xa5\xcb\x97?\x1d&-o\xd7^\x9c\
\xfe4\xfcIG\xafu\xa1~\xda\xde\xb6~\x91M\xf7\
o\xa6\xaf\xa7\xff\xect=\x85\xbb\xed\xf8z\xc3e*\
m\xaf\x96\xa4\xf5\xbb\xeb\xfaj\xf6:\xdb\xd4\xd2z\x0c\
\xf7\x9bZ{\xee\xb9_\xab\xffIk\xc2\xf7\x8d?\x0d\
\x93\x81l\xeb^\xee\xd7\xcf=\xf7\xdc\xf3\xf5G\xd8]\
\xbc_\xbc\x7f\x98\x9d:\xf3\xd53\xa7\xeb\xd7n\xd1\xf6\
{@\xfc\x9bv\xfe\xaf\xda\xfd\x9fJ\xf7m\xa6/\xfb\
\xe7n\xe2\xdf\x0d\xe2=o\xb3\xf0w\xebi\x8d\xf0\xbc\
-\xff\xdf\x5c\x09VWW\xef\x0b\xb3-\xa7:\x1c\xa2\
RAa\x07\x89\xbf\xc2\xdd\x93\x9addzz\xfa\xbe\
\x11co\x14Z<|\xc8X\x1c\xf9\xa9\xd8X\x1cg\
\xd3|e5;\xebG\xfc\x95+L\xd6\xc7\x8cH\xbf\
\x9en\x91~\x15\xebij\xf2\xc0\x81\x03\x931I2\
>1qK\xba\x8a\x0e\x84\xefES\xe1\xff\xf7w\x0e\
\x1d:\xf4\x91f)\x88\xdd\x1c\x1a\x1b\xfb\xc9\xb8\x0d\xe2\
c\xa4\xab\xfa\xaa\x9b\xd7\x9a\xd2=\x0f^Y[\xfb\xa5\
A\xbd\xde\x02\xf9\x8e\xb8\x9d\xe2\xf6J\xed=\xa5\xf5\x1b\
\x13\x0dCM;\xc7m\x15_\xfb\xfe\xd1\xd1\x9fOW\
\xb5$|\xdf\xf8\xa1\xf0\xbe\xf4x\xf8\xfb\x8e;\xc1\x83\
\x92\x96\xf1\xfe\xb8__\x9dJ\xd9I\xbc_\xbc\x7f\xfc\
\xbb#\x93G\xde\x9c\xae\xeeH\xe3\xf9\xc3\xec\x83\xed\xfc\
_\xf5\xf0\x7fj\xa0\xfbg|\xad\x83~\xcf\x0b\xf7\xbf\
\xe1\xca\x95+\xff\xdf0\xfbk\xe1y\xb7\xa4\xb3v\x13\
\xd3\x1d\xdf\xf1\x1d\xdf\xf1\xa1\xa5\xa5\xa5\xff!>F\xba\
zW\x0a\x1c\xd5\x14\xc7\xde\xe84bLA\xa5N\xc7\
\xe9z\x8b\xa2\x8a\x05\xa8\xf0\x06m,\x8e\x0c\xbd\xf6\xb5\
\xaf\xfdH\xd8\xb6U\x18\x8b\xe3\xbe\xd4\xac\xa4\xf8\xa5.\
t4\xb6\xfd2\xb8\xba\xb2\xf2\x9b\x9bb\xbb\xa7\xc2\x17\
\xc0\xaf\xa7\xf9\x0d\xe1\x0b\xe5\xbb\xe3\xdf\xa7f\xd7b\x07\
\xe6\xeaCRhO\xdc\x1e\xf1\xcbz\x5c\x97\xe9\xaa\xb6\
\xc5m\x90:\x92}\xedD\xf6\xe2\xb5F\xa9\xa3\x5c\xa9\
C\x94WWW\x7f\xb1\xd3\xff\x95\xb0mcrb(\
\x05\x82\xf8\xbc\xa1c\xf7\xa5N_{*\x16\x0c\xbdH\
\xb3\x9b\xb4_\xdf\x1f\x96q\xdb\xa0\xcd\xad\x88\x7f\xd7n\
'}\xb3\xf8\xfc\xb1\xb3\xdf\xe9\xf3G\xf1\x7f\xaa\x9b\x22\
\xc7 \xf7\xcf\xb4\xbe\x07\xfa\x9e\x17\xeewCX\xc6_\
\xdd\xbf\x7f\xff\xcf\xa4\xab\xda666\xf6#\xad\x169\
\x148*&\xec\x14\xd2\x1b\x99\x92\xde(\x8f\xf0\xa1\x22\
\xc5\x91\xa1\xf0\x05kt~~\xfe\xee\xf8>\x9b\xae\xca\
U\xd5S\x1c'\x9b}\x99\xde\x9c\xda\x88\x85\x8e}\xfb\
\xf6m;\x96=}\xa1,m\xc7\xf2\xd5\xfb^\xfdw\
i\xb6\x1b\xa7\xc2\x17\xe3\x98v\xe9H<^=\xcdv\
-~9O\x1d\x9b\x1d;\x16\xe1\x0b\xf5\xa5s\xe7\xce\
=\x1c/\xcd\x8aV\x0d\xb1#\x19;\x0d\xf11\xd3U\
=\x15\x1fw\xa1V\xfb\xecn\xaf5\xbe\xbe\xc6k=\
{\xf6\xec\xff\xba\xdbz^YY\x89\x87Q\x0d\xa5\xd3\
>\x0c1\xed\x94f7l^_{m\xdb\xb9\x8b\x17\
\xefL\xcd-\xc2:|&\xcd\xb6-m\x9f\x1d\xcf\x14\
\x14\xb7O\xdc\xa7\x9a\x8d\xe7\x11\xc5\xbf\x8f\xdb\xb9\xb1\x0c\
e\xdd\xde\xcb\xcb\xcb\xef\xda\xad\xb8p\xf5r\xa63,\
\xf5DZ\xc7\xf7\xef\xd6\xd9\xdf\xbc\x9f\xc4\xf7\x83t\xf5\
6\xdd\x14\x0e\xfb\xb5\x7f^-.\xef\xa0\xdf\xf3\xc2\xed\
\xeb\xc9\x8d\xb0\x8c\xff4]\xb5\xcd\xb3\xcf>\xbb\xf4\xb5\
\xf3_\xfbl\xbc\xac,\xaf<\x9d\xae\xde&\x169\xe2\
c\xc5\xc7LW\xc1\xfaNf\xec\x8d\x0c\x19{\xa3|\
\x8c\xc5\x91\xb5l\xc6\x9a\xd8I\x5c\xc6\xfa\xa2\xb6\xa5\xf4\
\xeb%,\xc3T:\xae}\x8bt\x1c\xf6\x96/y\xa1\
\xdd\xf4X\xeb\xf0\xe5\xf1\x83\xe9.mi6\x06\xc7\xd5\
\xe2X\x1c\xf1\xf1\xc3l|\xee\xf7\xc6\xf98\xf8^z\
\x88\xf5/\x9a\xe1r\xf5h\xf5\xdb\xc6\x0bI\xe2\xf5W\
\xdf\xb7\xe9\x97\xcap}\xd3em6\x06G\x14n\xda\
2R\x7f\xb3u\xba\xe9\xf8\xf2\xab/-\xad\xe7`\xcf\
\xe3\xef\xd3\xbaj*l\xd3?\x0c\x93-\xcf\x17\xe7\xe3\
u\xbb\x8d\x85\xb0\xd7\xf6\xedt\xac\x82\xdd^k:&\
\xbe\xd9\xba\xd9u\xdc\x86\xbd^k\x14\xee\xd6\xf1\xfa\xed\
F\xa7\xeb)\xdcm\xa7\xd7\xbb!\xad\x93\xa6\xdb6m\
\xf7m\xd2\xb8\x10[\xd6o\x14\xaf\x0b\x97\xf8X\x1b\x97\
6\xf6\xe7m\x8f\xd7\x10o\xdb\xe3\xb5l\xfb\xfb\xd8\x8e\
\xd7\xef4\xa6\xc2^c'\x84\xdb\xe2c6\xd3\xb71\
8\xc2\xdd\xa6v\x1bs#m\xab\xa6\xcb\xd9l=_\
\xa5\xab\xf7\x80\xdd\xf6\x93\x9d\xc6=j\xf6Y\xb0Y\xb8\
m\xa7u\xbc\xa1\x97\xfb\xe7\xd5\x86\xf1\x9e\x17\xee\x12?\
;\x9a\xba|\xf9\xf2\x9f\x84\xc9\x96\xcf\x968\x1f\xafK\
\xb7\xed\xa4\xad\xc3\xb5\xc8X\xd8\x19&SG\x98\xfcd\
\xdf\xa1\xcaM\xd8f\xfe\x1f3\xf5\xf4\xd3O\xdf\x1f&\
Y\x17\x1c\xe3\xf2]\xbcxqv}\x81[\x97C\x81\
\xa3\xe9\x97\xd3f_\xf0\xc2\xd5M\x07\xff\xdc\xeb\x0b\xf0\
Nv+p\xa4/\xfa[\xbe\x98\xb6*\xfc\xcdN_\
>[\xfe\x02\x19\xee\xdbt\xbd\xecT\xe0\xb8Z\xb3e\
k\xa5s\x14\x85\xbb6}\xee`\xd7\xceM\xb8=\x9e\
\xa9\xa1iG\xb0Y\xa7j\xb3x[\xb8\xdc\x13\xef{\
\xb5\xbd:\x1a\x9dt\x04\xc3]bg7\xee7\xcd\xc4\
\xd7\xb1\xebk\xdd\xa9s\xd2\xca\xbe\x18n\xefh\xfdv\
\xab\x8b\x0e\xf3N\xaf\xb7a\xcf\xf5\xb5\xcb\xa0\xbd--\
s7\xfbsC\xf8\x93\xa6\xcb\x11:}\xf10\xd7\xbd\
\xb6\xd9\x8e\xfbv\xb0\xe32\xc4\xdb\xeaw\xd9f\xcf\xe5\
\xeet{5\x1b\x909\xda\xa9\x88\xb3Y\xbcm\xa7\x0e\
\x7f\xb2\xe7{\xc0.\xc5\x95=\xf7\x93]\x0a,\x9d\xac\
\xe3\x86\xbe\xed\x9f\xe1\xf6\x81\xbf\xe7\x85\xebo\x08\x9f\x8f\
\xdb\xf6\x8dhmm\xed\x93a\xb2c\x12#\xde\x96\xee\
\xb3\xcd\xca\xca\xca\xa3a\xb2\xe3\xdf:D\xa5Z\x8c\xbd\
\x91\xa1\xd0I\xfe\x8b01\xf6F\xc9\x18\xcb _\x93\
\x93\x93\xef\x0f\x93\x13\xf5V\x9e\xe2\xfe\xbbo\xdf\xbe\x8f\
\xa7fe\x84/\x87\x87\xd2\xec\x16\x87\xea\xa7\xce\xdb\x22\
\x1e\xa62>1\xb1\xed\xd4\xc1)\x1a\xdc\xb3\xc3T\x16\
j\xb5\xc7&&&\xde\x1d\x9e\xef\xa1\xf8\x9c\xe9j\xf6\
\x10\xb6\xe5\xbb\x9a\x1dj\xb4\xbc\xb4\xf4\xbb\xfbGG\x7f\
u\xb7u\x99n\xfb\xed+kk\xbf^\xbf\xe6[\xd2\
\x98\x07\xbd>\x0c\xe9d\xb3H\xf9\xe2\xe2\xe2\xe7\xc2\xe4\
\xb7\xf7z\xadqy\x9aE\xcd{\xbd/\x96@\x1c\xff\
j\xcf\xf5\xd5\xec\xff6\xda\xe9\xff\xbf\xd7B\xc7-\x1e\
6qWjn166v\xcfn\xaf?\x8a\xb7\x87\
}\xbb\xe9)\xa9\x07\xb5\x0c\xad\x88\xcby\xe0\xe0\xc1\x9f\
K\xcd-\xc2\xff\xd1/\x84\xe5\xd8\xf5=-\xde\x16\xf6\
\xe1;k\xb5\xda\x9f\xa5\xab\xda\x12\x0f\xebH\xff\xaf[\
\xa4\xff\xeb=\xf7\x93\xf0\xbe\xfb;\xa9\xb9ExO\x8e\
\x09\xdd\x1d\x8b\x05\xbb\xe8\xeb\xfe9\xa4\xf7\xbc\x1fo6\
\xa0h<\x0d\xf9\xfe\xfd\xfb\xff\xbb\xf0\xb8;\x9e\xfe5\
\xde\x16\xef\xd3\xec\x90\x95t\xb8\xcb\x8f\xd7[\xdb)p\
TD\xf8G3\xf6F\xa6n\xb8\xe1\x86\x7f\x15\xde\x04\
\x8c\xbdQN\xceH\x91\xa9\xf9\xf9\xf9\xb7\xc7\xf7\xdd\xd4\
\xccR\xd5\xc6\x92\x89_X_z\xe9\xa5;RsC\
,0\x84\xc9N\xc7\xd17\x1do\xe2\xfc\xf9\xf3oM\
\xb3]\x8b_vw\xfbb\xcav;m\xcb\xe8\xd0\xd8\
\xd8\x17[Y\x9f\xf1>\xb1S\xd0\xef\xed\x9b4\xdd\x8f\
B\xe7\xee\xb3\xad\xbe\xd6fc\xc2TI\xec\xc4\x85\xc9\
\xae\x9d\xc7\xbd,..~_\x9a\xed\xb7\xa6\x05\xad\xb4\
\x0c;\x8e\xd9q\x95\xa6\x03\x1d\xc7\xfd\xbe\xc3\xcew?\
\x9clV`\xd8\xe3=u\x8b\xb8=w*4\xec&\
\xae\x83\xd7\xbd\xfe\xf5?\x95\x9a\x1b\xe2:\xdb\xab\xb3\xbf\
\xc9\xa9\xb4M\xb6Hg\xb5j\xabp\xd8\xef\xfds\x18\
\xefy\xe19cz\xe3\x9d\xa9\xb9\xc5\xd8\xb5c\xffS\
x\xbc\x1d\x8b\x1b\x0d\xf1>\x07\x0f\x1d\xfcXj\xb6L\
\x81\xa3:\xa472\x14:\xc7\xf1\x03@z\xa3\xa4\xc2\
\x1b\xb7\x14G\xa6\xaa\x92\xe2\x08_`\xaatF\xa0\xa6\
\x9d\x8e\xdd\x0a\x0c\xf1\xfaZ\xad\xf6\xe9\xd4\xdc\x10\xbe\x90\
\xffT/:\x19i\xb0\xbdV;<|\xcbn\x89\x88\
\x96\xd7g\xdc\xbesss\xffKjnx\xf1\xc5\x17\
\x8f\xa6\xd9\x9e\x88\xcf\x13:\x827\x87\xd9\xd8A\xd9|\
i\xf9\xb56K\x19UI\xab\x9d\xb8\xe4T/\x07\xb2\
l\xd7N\xbf\xc4\xb7\xb3\x0c\xf1~/\xbe\xf0\xc2\xbfM\
\xcd\x0di\xbf/Djg\xae\xc9\xe9\xb6\xa3\x01\x15m\
O6\x1b\xbc5\x16\x02\xdbY\xc7q\x9b\xa4fW\x06\
\xb0\x7f\x0e\xe3=\xef\xc7\xe3\xa0\xa0i~C\xd8\xbf\xff\
6L\xfe\xa0\xde\xea\xdc\xa5\xf9K7\xa6\xd9m\x148\
* |\x89\x92\xde\xc8T\xe8\x1c\x7f\x22\xbc\xd9Ho\
\x94\x9b\x14G\xa6\xa48\xf2\xd2\xe9\xaf\xf27\xdex\xe3\
\x97\xd3\xec\x86=\x22\xbd-\xab]\xaa-\xb6\xf1\xa5\x98\
=\x84\x0e@K\x89\x88\xcd\xfe\xe2K_\xfa\xd7\x8f\x9f\
}\xfco7_~\xef\x91G\x1eN7\xf7L|]\
\xe1\x12#\xfb\x9b/\xb6}\x1f\xc4\xf5\x1a\xff\xb7Rs\
\xe0j\xb5\xda\xdb\xd3\xec\x86N\x8a\x99\x9b\xcf\xecTD\
\xcf>\xfb\xdc\x0f\xa6\xd9\x81\xdb\xb1\x88T\x82B`/\
\xf7\xcfa\xbc\xe7\x85u\x1c\x0bX{\xa676\xf9\x83\
x\x96\x954\xbf\xe1\xf9\xe7\x9f\xbf>\xcdn\xa3\xc0Q\
\x0d\xd2\x1b\x19J\x9db\xe9\x8d\x92\x0bo\xf2R\x1c\x99\
\x92\xe2\xc8GL[\xc4\xd4Ejnh\xf1\xd7\xafS\
KMN-\x18\xfe\xf6\xae^\xa48h\xdf^\xc7\xaa\
\xb7\xe3g~\xf6g\xff\xfd\xf17\x1f?\xb6\xf9r\xef\
}\xf7\xfd\x8f\xe9\xe6\x81\x88\xfbQ\xb8\xc4\xc1\x0bw\xbc\
\x84\xbb9\xd3Z\x09\x84m5u\xe4\xc8\x91\xb7\xa5\xe6\
\x86\x17^x\xe1\xff\x08\x93\x93Wo\xd7\xdd.\xe1\xfe\
\x85\xdd\xe6\xe1\xf5M\x1d\x99<\xf2\xe6\xd4\xdc\x90\xde+\
\xdb*\xe4t\xa2\xd9\xe1\x1c\xdf\x08\xc2\xe4;\xae^\x8f\
\xbb]\xe2\xfd\xd3\xdfmq\xee\xdc\xb9\x1fM\xb3\x85P\
\xb0\xf7\xbc\xa3a\xdd5\xce\xcc\xb5\xe7%\xdc\xff\xc7\xff\
\xfe\xc5\xbf\x9f\xad\xff\xe9\x16\xffq\x9an\xa3\xc0\x91\xb9\
\xb0cHod\xea\xdb\xbe\xed\xdb\x1e\x88\x9d\x8b\xd4\xa4\
\xdc\xa482%\xc5\x91\x8d\xa6\xc7\x8a\xb7\xf2\xebW\xbc\
\xfd\x1b\xcf?\xbf\xed0\x95\x22E\xc5\xab\xa6Y\xe7\xa6\
l\xc2\xfb\xcazQ#\x9e\xb1cee\xe5o\xc2U\
q\x8c\x8d\xdd.U:\x9c\xac\xccN6\x1b\x082\xbc\
\xcf\xfeP\x984\xdb\xae\xbb]\x8a\xbc\xcd\x9b.\xe73\
\xcf<\xf3\xa7{\xbd\xa7\xf6\xc2+/\xbf\xb2\xed=\xe0\
uA\x98\xc4\xc1\xb3\x9b\xad\xcb\x9d.\x1fO\x7fWh\
\xc3x\xcf\xfb\xda\xf9\xafm;<%\xf9\x17\xe1\xf2k\
\xed\x5c\xc6\xae\x1d\xfb\xfe0m\x99\x02G\xe6j\xb5\xda\
\xad\xd2\x1by\x0a\x1fv\xcf\xa4YJ.\x16\xaa\xa48\
\xf2T\x95\x14\xc7\xea\xea\xeao\xa4fvbG2\xa6\
-RsC;\x91\xf1\x9d\xa2\xe2;\x1d\x83\xce\xe0u\
r\x08\xc00\xc4\xfd1\x9e\x96\xb8Q\xd4\xb8\xe9\xa6\x9b\
no\xd6Q\x04\xd8MY\xde\xf3:\xa1\xc0\x91\xb1\xf8\
\xaba\xf8\xe2\xa9b\x9f!\x87\xa7d)\xa68\xb2\xfc\
\xa0\xa9\xba\xb0]\xdf\x13\xdf\x8fS3K\xc7\x8e\x1d;\
\x97fs\xd4tp\xb6W^~9\x1e\x9e\xd2Rd\
<\xdc\xef;VWW\xb7%\xee\xe2(\xfe\xe1v\x87\
\xa9\x14@\x19\xc63\x89\xfbJ\xadV\xfb\x9dC\x87\x0e\
}DQ\x03\xe8F\xcec8)pd,\xa67\xc6\
\xc7\xc7\xafMM2\xe2\xf0\x94\xfc\xc4\xed\x19\x07\x8dM\
M2\x12\xb6k<\x0c!\xeb\x14Gpz~~\xfe\
\x814\x9f\x95\x9dR\x16\x87\xc6\xc6~2L\x9aE\x96\
\x9b]>~\xe0\xc0\x81mE\xae4\x8a\xbf\xc3T\xd8\
S,n,\xd4j\x9fM\x87*\xec*\xfe2{\xf5\
 \x80\xe9\xd7Z\x80\xec)pd*|\x10Jod\
\xcc\xe1)\xd9\x92\xe2\xc8T\xee)\x8eX\xa0\x9b\x9c\x9c\
\xec\xc9\xe9\xf2\x8a$v*c\xca\x225\xfb\xa2V\xab\
\xbd;>Oj2$\x13G&\x0e\x17u;\xc4\xd7\
\xb5\xbc\xb4\xf4\xe1\xf1\x89\x89[\xd2U[,..~\
}yy9\x1eF\xb5~\xfa\xd8\x83\x07\x0f~\xef\xd5\
\x83\x00\x86\xeb>\xb0~gJ)\xbcO\xfc\xd9\xb9s\
\xe7\x1e\xee\xc5%<\x9c\xef\x19M\xc4\x01N\x9b\xad\xaf\
N.s\x17\xe7~%=la\x0d\xeb=o\xe9\xf2\
\xd2_}\xed\xfc\xd7>\xdb\xed\xe5K_\xfaRLG\
R%\x97.]\xba3\xec\xb4d(|\xc8=\x13&\
Y\xc7\xdd\xab,l\xdb\xdb\xd6749\xba-m\xe6\
,\x85\xe5\x9b|\xfa\xe9\xa7\xef\xaf/jS\xa5[\xfe\
\xf0\x9a\xe3!&\x83\xb0\xe7\x17\xb58\x98d\xba\xef\x86\
\xb3g\xce>\x91n\xeeXx\x988R}3q\xf4\
\xfa\x96\x84\xfb6]O\xf15\xa7\xbb\xec\xaa\x9be\x0b\
w\xddi\x1b\xed\xb8N\x9f|\xf2\xc9\x07\xd3}\xae\xd6\
\xf7/\xccq\xb9\xd2sm\xd8kY\xc3]v\xdb\x0f\
\xef\x09\x97=;)\xe1>m\xaf\xa7(\xde^\xbf\xdb\
6}]W\x9d\xac\xa7(\xdc\xad'\xaf\xb7\xd9\xf3\x0f\
s\x7f\x8e\xe3\xae\xa4\xbb\xf4Mx\x9a\x8e\xd7]\xbb\xdb\
+\xdc<\xb5\xbc\xbc\xbcR\xbf\xe7\xb7\xb4\xba\x8e7\x0b\
\x7f\xd6\xf6\xebn\xf6z\xcf\x9c9\xf3G\xe9\xe6\xbe\x09\
O3\x94\xfds\x18\xefy\xe7\x9f<\xff\xfb\xe99\xae\
\xd6\xf2gK\xa7$82\x14v\x1c\xe9\x8d\x8c\x85\x0e\
\xc4\x1f9<%kR\x1c\x99\x92\xe2(\x97\xb0\xad\xe2\
x\x07\xefN\xcd\xbe\xea\xe5)\xfc\xd8\xdb\x8d7\xde\xf8\
\xe54[jW\xd6\xd6~=L~;\xfc\xefey\
\x1c=\xdf\x92\xc3\x99\x7f6\x8b\xfb\xec\xa5\xf9K\xdbN\
\xfd\xf9\xc67\xbe\xf1\x1f\xc5\xf7\xde\xd4\xec\x9b\xf0\x1c\xdb\
\x92\xd0\xf1\xf4\xbc\x83x\xeea\x18\xc6{\xde\xeb_\xff\
\xfa\xa7\xd2\xec\xc0)pd\xc8\xd8\x1by{\xcb[\xde\
\x12\x07\xb6#S\xb1\x93h,\x8e<\x19\x8b\xa3tN\
6\x1b\xef`\xa1V{,L\xd6\x0f\x05\xe8\xe4\xb2\xb6\
\xb6\xf6\x8d0\xdd\xe2\xa5\x97^\xba#\xd7/\xd6\xb9\x8b\
\xdb-\x5c\xe2\xaf\xb2\x9b/=\xdd\x96\xe7\xce\x9d\xfb\xd1\
4\xbb!\xeeG\xfbGG\x7fUq#;\xa7\xe2\xa1\
\x12i~C\xf8^\xffOz\xbd_\x0d\xdb5\xaf\xbe\
f[\xc2cP\xe3\x12\xbd\xe6\xb5\xaf\xd9vj\xfe4\
p\xaf1\x91\xf6\x10\xf7\xc3M\xefu;\xbe\xe7\x1d\x99\
<r>\xcd\x0e\x9c\x02Gf\xc2\x0e&\xbd\x01\xe5'\
\xc5\x91))\x8e\xf2\xd8)U1>1q\x7fX\xce\
\x87:\xbd\xac\xae\xac\xfcfz\xa8\x0d\xe9,-\xbeX\
\x0f\xd9B\xad\x16\x0f\xefm\xab\x13y\xee\xdc\xb9\x8f\x86\
\xc9\x96Ae\xcf\x9e9\xfb\xfba\xda3/\x7f\xf3\xe5\
\xa3iv\xc3\xc5\xa7.^\x0c\xfb\x93\xe2Ff\xe26\
]YY\xf9\xc3\xd4\xdc\x90c\xe7\xfb\xa6\x9bn\xfa\x93\
4;p;%\x1a\x96\x97\x96\xde\xde\xee{@\x99\x0d\
\xe3=oey\xe5\x03\xe19oH\xcd\xbeP\xe0\xc8\
\x8c\xf4\x06\x94_\xf8\x82#\xc5\x91\xa9\xaa\xa48\xca^\
\xa0\x8b_\xf8b\xaa\x2257\xa4\xf4EW\xcbv\xf4\
\xba\xeb\x9eL\xb3[\xect\xb6\x16\xfa\xe2TJ\xe2l\
\x91\x06\xf1l\xb9\x13\x19\xf7\x93\x18\xa9O\xcd\x0d\xcd~\
\x99\xee\xd2\xfe4\xdd\xd0\xce\x00\x81\xf1~\xb1\xe3\x96\x9a\
\x14\xdcN\x9d\xef\xc5\xc5\xc5\xbbZ\xdd\xe6\x0d\xf1\xfeq\
\xfc\x8e0\xedy\xb2\xa8_:Y\xce^Ig\xc7j\
\xab\x90\x14_k\x5c\xbfi=\x17u\x1d\x0f\xe3=\xef\
\x0fV\x96W\x9eN\xf3\x1b\x0e\x1e:\xf8\x9da\xf2\xff\
\x0a\x8f\xd5V\x91#\xde\x7fuu\xf5\xbeV\xfeN\x81\
##a\x83Kodnaa\xe1r\x98\x9c\xae\xb7\
\xc8\x5c\xb6\xa7\xdd\xac\xba*\xa482(\xd0\x9dL\xa9\
\x8a-j\xb5\xda\xa7{\xf0\xaby\xd3\x08\xfa\x81\x83\x07\
\x7f.\xec\x17\xa5\xe8\x80\x94]\xdc\x861\x89\x93\x9a[\
\xc4qWZ\xd9\x0e\xf1>W\xd6\xd6~)E\xea\xb7\
\xe8\xf5/\xd3\xcd:\x0f\xad\xfe\xa2\x9f\x96\xe5\xa7S\xc7\
\x8d!i\xf3\x8c\x15\xa7\xe2\x99q\xd2\xfc\x86\xf8\x9e\x14\
\xcf\xa6\xd3\xea\xe34\xf6\xd1C\x87\x0e}$4\x1f\x8c\
\xf3m\xbc\x86A\xd8q9[}\xad\xf1>+++\
\x1fK\xcdv\x9c\x0a\xeb\xf2w\xd3\xfc\x16\xed\xa4\x1a\xd2\
\xfd~:\x5c\x1e\x8c\xeb\xb9\x9d\xed3H\xc3x\xcf\x0b\
\xcf9s\xf0\xd0\xc1\x9d\xb6\xcd\xbf\x08\x97\x1f\xaf\xcf\xee\
-<\xf7\x0d+\xcb+\x7f\xf6\x1d\xdf\xf1\x1d\x1fZ\xba\
\xbc\xf4{\xb1\x9dnjJ\x81##\xd2\x1b\xf9\xbbp\
\xe1\xc2\xff\x11;\x0f\xa9I\xc6\xe2v\xce\xf1\xb4\x9bH\
q\x94\xc1Ni\x8a^\x0c\xd4\x16\xbfh\x86\xcb\xaf\xa5\
\xe6\x86\xd1\xd1\xd1\xd7\x85I[\xbf\x1c\xf6\xd3\xea\xea\xea\
\x7f\xb2\xd7\x97\xc8\x92k\xda\xb9\x8a\xe3\xae\x84\xeb\xe3\xd9\
\x80v\xfc\xc2\xdf\xf8\xa2\xbf\x7ftt\xdb\xd9\x00Bg\
k5Lz\xba\xef\x87\x0e\xdf_\xa7\xd9-\xf6\xea\x98\
4^g\x98\xf5\xe3\xd7\x90\xb5s\x88I|\x8f\x08\xdb\
<\x16%\xb6\x89\x85\xaaV:\xd1\xf1\xf6x\xbf\xcd\xfb\
h\x9c?\x7f\xfe\xfc\xdd\xa99t\xbb-gz\xdd?\
\xbd\xd7\xfe\x1d\xfeW\xbf\x90\xd6m[\xe2s\x87u\xd9\
\xf4;VL5\x84\xff\xad\xdfie\x1d_\xfd\xff\x15\
\xb7\xcfB\xad\xf6\xd9\xbd\xfevH\x86\xf1\x9e\xd74\xc5\
\x11=\xfb\xec\xb3\x1f\x0a\x8f\x1b\xcf\xe2\xb5\xe3\xe7L\xbc\
-\xde'\xdc\xf7\xcb)\xf9\xf1\xaa\xb1k\xc7\xbe\xff\xf9\
\xe7\x9f\xff\xean\x7f\xa7\xc0\x91\x89\xb0\x91\xa57*`\
\xdf\xbe}\x17\xd3,\xd5 \xc5\x91\xa9\x99\x99\x99_\x8c\
\xef\xdb\xa9\x99\x9d\xf0yT\xda\x14G\xd8.S1M\
\x91\x9a\x1bR\xea\xa2'\x1d\xd7C\x87\x0e-\xa7\xd9-\
:9\x1e\xba_\x0e\x1c8\xf0O\xc3d=F\x9c.\
\xbb~\x11-\x9b\xdd:W\xe1\xfaw\xc4\x8eSX\xde\
-\x03\xe8\xc5il\xc7\xceO\xb3/\xfaQ\xb8\xfd#\
\xf1\xb1S\xb3'v\xda_R\xc7d\xcb\xebL\x97\xf5\
v\xbcm\xa7\xd7I\xff\x8c\xee\xdf\xdf\xf4\xec\x11a{\
\xbc\xb3\xb1\x9d\xd2U\xbb9\x15\xf6\xb3?K\xf3[\xc4\
Ntx?\xfaRc;7\x1e/Nc;\x1e*\
\x11oo\x96\xday\xf1\x85\x17\x8f\xa7\xd9\xa2hz\xe8\
Dro*\xe64]\xc6\xb5\xb5\xb5\xc7\xc3\xff\xea\xb6\
\xa4]\x1bN\x85N{<\x13\xd16\xf1\x7f+>~\
|\x9ef\xcf\x1f/\xb1\x90\xd1\xec\xff\xab\xdd\xc3>\x06\
e\x18\xefy\xe1\xfa\x1dS\x1cox\xc3\x1b\xc6\xc2\xe4\
\xd7VWW\x7f5<F\xfc|Y\xff\x8cI\x97\xf5\
vX\xff\xffC\xbcO\xba\xef\x86\xd7\x07\x7f\xf7w\x7f\
\x17\x933\xe4*\xec\x00\x93O?\xfdt\xac\xbc\x91\xb9\
\xbf\xfa\xab\xbf\xfa\x1f\xd3f\xa7\x22\xc2f\xbf\xad\xbe\xf5\
\xc9\xd0mi3g),\xdf\xe4\xcc\xcc\xcc\x1f\xd7\x17\
u])\x967\xbc\xce\xf8\xe5n\x9b\x8bO=\xd5I\
\x0c\xba\xa9\xf0pS\x0b\x0b\x0b_\xab?\xf26\xefM\
w\xdb\xe2\xf1\xc7\x1f\xffL\xba}\xc3\xd93g\xbb\x1e\
\xeb!<\xcc\x0d\xcbK\xcbs\xf5G\xdc\xeeJ\x12\xe7\
\xc3\xf6l\xfa\x19\x14nj\xba\xce\xe2kNw\xd9U\
7\xcb\x16\xee\xda\xf4\xb9\x83\xa6\xebq\xb3p\x9f\xa9\xa5\
\xcb\x97?]\xbf\xfb\xce\x96\x97\x97W\xe2\xeby\xee\xb9\
\xe7\x9eOW5\x15\xb6\xe9\x1f\x86\xc9\xae\x9d\xd7\xf88\
\xf5{\x7f\xcb^\xcb\x1a\xee\x12\xf7\x97\xf8\xd8\xbb\x8a\xaf\
3^R\xb3U\xbb\xae\xa7x{\xfdn\xdb\xec\xb9~\
\xbb\xd1\xc9z\x8a\xc2\xddz\xf2z\x9b=\x7f\xab\xfbs\
\xb8\xebN\xafa]\xdcF\xe7\xce\x9d\xbb\x10/\xa1\xb9\
\xe3\xfe\x12o\xdb\xe5}bCc\xfflq\xdb\xef\xb8\
\x1e\xe2m\xf5\xbbl\xb3\xe7\xba\xebt{E\xe1\xae\xbb\
\xae\xaf(\xfe\xef\xb5\xb1\x8c\x0d{\xbe\xeep\x9f\x96\xff\
\xb7Z}\xfe\xb5\xe7\x9e\xfb\xb50i\xba]\xc3\xf5C\
\xdd?\xc3\xdd\x06\xfe\x9e\x17n\xbfamm\xed\x93\xeb\
\x7f\xb0\x87\xf4q\xb3\xfey\xb3\x9b\xcb\x97/\xffI\x98\
Hpd\xee\xc4\xe4\xe4\xe4\xfb\xd3<\x90\x17)\x8eL\
\xcd\xce\xce\xde\x13>\xa0\xa58\x0a$l\x8f\xa9\x98\xa2\
H\xcd-v\x1a\x1c\xb4\x13\xbb\xfd\x926\xe8\xc1Fw\
\xfb\x85-\x8a\xbf\x94Eq\xfe\x9b/}\xf3;\xd6\xaf\
\xccD\xdc\x0e\x87\xc6\xc6\xee^\x5c\x5c\xdc\xf5\xf4\xeb1\
\x02\x7f\xf3\xf1\x9b\xbf'\x1dF\xd4T|\x8c\xb0M\xef\
\x8c\x8f\x99\xae\xea\x99\xb4\xbf\xdc\x19\x9ec[\xbc|\xb3\
\xf8:\xdb\x8d\xeb\x9f?\x7f\xfe\xadi\x96\xdeiz(\
@C\xdcF\xc7\x8e\x1d\xbb>^Bs\xc7_\xfa\xd3\
v\xff\x91V\xb6{\xdc?[\xd8\xf61\xe9]\xc4C\
\x07wLR4\xc4\xff\xbd\x16\x97\xb1-\x9b\xfe\xb7Z\
z\x0f\xd8\xeb\xf9\xe3r\xec/\xf0\xe9\x9b\xe3\xeb\x1a\xf4\
{^\xb8}f\xff\xfe\xfd\xff\xdd\x95+W>\x95\xae\
\xdaQ\xfa\xb8Y\xff\xbc\xd9\xc9\xd2\xd2\xd2\x17\xc6\xc6\xc6\
\xfe\xcb\xf8\xb8\xe9\xaam\x148J.~9\x0e\x9d\x1f\
#cW\xc4\xe4\xe4\xe4_\xa6Y*\x22\xbc\x81\x1b\x8b\
#S\xa1\xf3\x1f\xa3\xc2U\x18\x8b\xe3l\x9a/\x83\x93\
)^\xbcE\xea`\x0c\xa4c\xf0\xba\xd7\xbf\xfe\xa7b\
\xa1%5\x07\xe5\x0f\x96./\xfdU\x9a\xaf\x94\xf8\xe5\
<~I\xdf\xab\x83\xb5\x9b8Xa+_\xf4\xbb\x91\
^\xe7\x9e\x9d\xddfB\x87 \x1e^\xd5\xf40\xe6\xd0\
\x91\xf9\xbf\x0fa\x7f\xcbZ\xdaVM\x0b\x98\xedjl\
\xf7\x9d\x0eWiE\xda\xfe\xf1\xacP\xbf\xdd\xcf}\xb4\
S\xf15\xc5\xa2@\xa7\xff\x83\xa1\xe3\xfcP\x9a\xedH\
Z\xc7w\xc6\xff\xe3tU\xdb\xe2\x19\xb6\x96\x97\x97\xef\
*rq\xa3\xa1\xb1\xbc\x83|\xcf\x0b\xf7k\xb9\xc8\xb1\
\x9b\xd5\xd5\xd5\xdf\xdf\xab\xb8\x11)p\x94\x9f\xf4\x06\xe4\
O\x8a#S\x15Iq\xdc\x97\x9a\x85\x17\xbe\xa0\x1eJ\
\xb3[\xec\xdb\xb7\xef\xc1V\xbf\xc8\xb5\xa1\xe91\xf6i\
\x84\xfa\x81\x1e\xbf\x1d\xbf,\x8e];\xf6\x13U.r\
\xc4\x8eI\x98\xbd\xa3\x9d\x8ed\xba\xef\x1d\xf1\x17\xd1>\
\xec\x1f\xdb\xc4\xe7\x88\x9d\xddv:b\xf1\xbea\x9fz\
[\x98\xfd\xed\xd4\xd1\xddb\x18\xfb[E\x9c\x8a\x1d\xde\
tj\xe9\xae\xc4\xed>11\xf1\xee0{G;\x05\
\xae8\xf8c|\x0dq\xfb\x87\xc7xh\x10\xfbh\xa7\
\xe2kk\xf7\x7f0\xad\x8b;B\xc7\xf9o\xeb\xd7t\
.>\x7f\xfc?\x0e\xb3m\xbd\x07D\xf1\x7fltt\
\xf4\xe6\xb0\x9e?Z\xe4u\xbcY'\xeb;\xea\xe6=\
/\xdc\x7f\xbd\xc8\x11f\x7f!\x16*\xea\xd7\xb6&}\
6\xfd\xc2\x81\x03\x07~)>N\xfd\xda\x9d\x8d\xa4)\
%\x94\xd2\x1bw+pT\xc7W\xbe\xf2\x95\xff\xe9\xfb\
\xbf\xff\xfb\xff\x8b\xd4\xa4B\xe2\xff\xfb\xc2\xc2\xc2c\xce\
\x94\x94\xa5\xdb\xc3\x07\xf6#i>;q\xdf\xfd\xf2\x97\
\xbf|\xff[\xdf\xfa\xd6\xf8kO\xa1\xcf\x02\x95~\xc9\
n\xd6\xd9;\xd5\xee\x97\xb9V\xb4\xf3|;\xdc\xb7\xa7\
\xaf+<G<\xa6\xf9\xc7ggg\xbf\xff\x9b/}\
\xf3\x87\xea\xd7\xbe\xeaU/\xbf\xf2\xf23\xff\xe0\x1f\xfc\
\x83s\xd3\xd3\xd3\xf7\x86\xe7\xdb\xf6\xe5\xb2\xdb\xf5\xd6\xcd\
\xb2u\xfb\xdcW\xdb\xfcx\xe7\xce\x9d\xfb\xd1\x97\xbf\xf9\
\xf2\xb1\xf08\x1b\x91\xe9\x91kF\xfe\xfa\xf0\xe1\xc3\x7f\
\x9d\x06\xfel\xfb9\xbaY\xd6\x86\xdd^c\xb8\xed\xf9\
xZ\xd9M\xa7m\xdcx\xecN\xd6U'\x7f\xd3\x0b\
\x9d\xae\xa7^\xbd\xdeN\x9f\xffj\xf1q\x96\x97\x97\xdf\
U\xbbT\xfb\xf1\xf0\xb7oLWo\xde\x8f>\xd3\xc9\
\xeb\x8a\xc5\xd8\xd0\xc1\xff\xbeW^~\xe5\xfb\xea\xb7\xd4\
\xbd\xf2\xaaW\xbe\xf6\x86o\xff\xf6\xaf\xa6C\xeaz\xb1\
\xccQ\xa7\xeb\xbd\xed\xf5\x155\x1e+\x1e\xae\xf7\xecs\
\xcf\xfdG#\xaf\x1a\xf9\xee\xfa-\xcd\x97/\xdc?\x8e\
_\xf1\xe0\xfa\x1d\xb6\xba#\xdc\xdev\xbac\xf3\xb24\
{\x0f\x08\xb7?\xf3\x9a\xd7\xbe\xe6\xec\xa6\xb3j\xb5\xbc\
\x9c;\xac\xa7\xa8\x17\xdb\xaa\xab\xf5\x1d\xe7\xfb\xf1\x9e\xd7\
Lx\xce\xf5\xcf\x9a8\x1f?o\xfe\xfe\xef\xff\xfe\xa6\
kF\xae\xd9\xf8\xff\x08\x9f9\xcf\x87\xf6\xf9\xef\xbe\xf1\
\xbb\xbf\x90\xae\xfa\x83\xf0\xbc{\x166\x1a\x148J,\
\xec\x1cq\xc0\xb6\x87\xeb-\xaa@\x81\xa3\xda.]\xba\
t\xe7\xc4\xc4\xc4o\xa6&\x99\x88\x87p\x84\x8e\xe3\x8f\
\x85\x0fo\xa7\x80\x06\x806\x84\xfePO\x0b\x1c\x94\x9f\
CTJ*\xfc3\x1b{\x03*fbb\xe2\xd1\x85\
\x85\x85\xcb\xa9I&*2\x16\x07\x00\xf4TL\x1f,\
..\xbe35a\x9d\x02Gy\x19{\xa3\x82^z\
\xe9\xa5\x9b\xd3,\x15\x14\x7f\xe1\x0f\x1f\xe6M\x07\x8a\xa3\
\xdcr\x1f\x8b\x03\x00\x9a\x89E\x8a\xa5\xa5\xa5\x0f\x9e\xf9\
\xea\x99\xd3q>]\xdd\xaa\x93\x87\x0f\x1f~G\x9a\xdf\
\x90\xc6\x9b)\xe2\x19c\x18\x00\x05\x8e\x12\x8a_\x82\xa5\
7\xaaijj\xea\x06\x9d\xa0j\x93\xe2\xc8\x93\x14\x07\
\x00U\x13\x0b\x1aW\xd6\xd6~\xe9\xd0\xa1C\x1f9\xfe\
\xe6\xe3\xffpqq\xf1\x0b\xe1\xba\xf7\xb6R\xe8\x88\xf7\
\xa9\xd5jq\xf0\xd5m\xbe\xf1\xfc\xf3\x9f\xee\xc5X\x11\
\x94\x93\x02G9IoTT\x1a`R'\xa8\xc2\xa4\
8\xf2577\xf7\xb1\xb0m\x150\x01\xa8\x8a\x93\xfb\
GG\x7f>\xcd\xbf\xea\xf0\xe1\xc3\xdf\x15&\x0f\xc6\xa2\
\xc7NE\x8ex}\xb8\xbcw\xa1V\xfb\xec\xc4\xc4\xc4\
\xc6`\xc8\x9b\xa5AH\xa9(\x05\x8e\x92\x89_~\xa5\
7\xa0\xda\xa48\xf2t\xf4\xe8\xd1\xf8k\xd4\xad\xa9\x09\
\x00Y\xdb\xe9\xd4\xdc\xb1\xe8\xb1\xb6\xb6\xf6x\xf0\x99x\
\xf8J,h\xc4\xcb\xc5\xa7\x9e\xfaXLy\x84\xbb<\
8>1qK\xfd\xde[]Y[\xfb\xf50qx\
J\x859\x8bJ\xc9\x84\x7fngN\xa9\xb8\xc7\x1e{\
\xec\xd7\xbe\xf7{\xbf\xf7\xff\x9d\x9aT\x943\xaa\xe4)\
\x16\xae\xc6\xc7\xc7oqF\x15\x00r\x17\xfa5q\x90\
\xd0\xfb\x9b\x8d\xa3\xd1\x89\xf0X\x9f\x0b\x8f\x15OI\xee\
\xf0\x94\x0a\x93\xe0(\x91\x98\xde\x98\x9d\x9d}OjR\
Qccc\xff4\xee\x0b\xa9IE\xc5\x14G<\xbd\
hj\x92\x89x\x18\x9a\x14\x07\x00U\x10\x0b\x11\xb1 \
\xb1\xbc\xb4\xf4\xbb\xe9\xaa\x8e)n\xd0 \xc1Q\x22\xd2\
\x1blr{x\x03\x7f$\xcdSQ\xde\x13\xf2$\xc5\
\x01@\x95\xc4$G\x98\x9c\x5c\x5c\x5c\xbc+\x8d\xc3\xd1\
\xb2\x95\x95\x95\xd5\xf0\xf7\x1f9t\xe8\xd0g\x147\x88\
$8J\x22\xfeb/\xbdAC\x1c\x87%\xee\x13\xa9\
Iu\x9d\x96\xe2\xc8\x8f\x14\x07\x00U\x12\x0b\x13\xe1\xf2\
\xd0\xe1\xc3\x87\x7f$4\xef8\x7f\xfe\xfcC\xb1pQ\
\xbf\xb5\xb9\xc5\xc5\xc5\xaf///\xdfu\xf0\xe0\xc1\xef\
\x1d\x1b\x1b\xfb\xa8\xe2\x06\x0d\x12\x1c%\xe1\x97Z\x9a\x90\
\xe2\xc0{C\xa6\xa48\x00\xa8\xb2\xf0\xfdf=\xd5Q\
o5uJQ\x83f\x148J \xa57>5=\
=\xbd\xdb?9\x15S\xab\xd5~\xee\xc8\x91#\xf7\xa7\
&\x15\x95\xde\x1f>\x1f\xde\x1f\x8e\xa7\xab\xc8\x84\xffq\
\x00\x80\xf68D\xa5\x1cN(np\xb5\x91\x91\x91{\
c\xe765\xa9\xa8\xf8\x0b\x7fx\x7f\xb8/5\xc9\x88\
\xffq\x00\x80\xf6(p\x14\x5c\xfau\xd6\xd8\x1bl\x13\
\x8f\xd3\x9f\x9f\x9f\xbf[\x07\x88\xc0X\x1c\x192\x16\x07\
\x00@{\x1c\xa2Rp\xa1\xf3\xea\xf8z\xf6b,\x0e\
\xbcWd\xcaX\x1c\x00\x00\xad\x93\xe0(0\xe9\x0dZ\
\x11\xf6\x91{\xa48\x08b\x8a\xe3T\x9a'\x13\x92Z\
\x00\x00\xad\x93\xe0(0\xbf\xc8\xd2\xaa\x0b\x17.|f\
jj\xea\xbf\xf6+o\xb5y\xcf\xc8\x9a\xa4\x16\x00\xc0\
\x1e$8\x0aJz\x83vLMM\xbdkuu\xf5\
}~\xe5\xad<)\x8eL\xcd\xcf\xcf\xbf\xdd\xff7\x00\
\xc0\xee$8\x0a\xca/\xb1t\xe8\xbf\x0a\x97\x7f'\xc9\
Q]\xde;\xb2&\xc5\x01\x00\xb0\x0b\x09\x8e\x02\x8a\xbf\
\xd2\xcd\xcc\xcc\xfcbjB;~#\x5c\xfe\x99_z\
+M\x8a#SR\x1c\x00\x00\xbb\x93\xe0( \xbf\xc0\
\xd2\xad\xd5\xd5\xd5_>p\xe0\xc0oIrT\x93\xf7\
\x90\xacIq\x00\x00\xec@\x82\xa3`\xe2\xafs\xf1\xac\
\x18\xa9\x09\x1d9p\xe0\xc0\x87\x9cy\xa1\xd2\xa482\
%\xc5\x01\x00\xb03\x09\x8e\x82\xf1\xcb+\xbd\x14;\xb9\
\xd3\xd3\xd3?#\xc9Q=\xdeK\xb2&\xc5\x01\x00\xd0\
\x84\x04G\x81Ho\xd0k\xd3\xd3\xd3'WVV\x9e\
\xb8t\xe9\xd2\x9d~\xf5\xad\x9c\xd3\xf3\xf3\xf3\x0f\xa4y\
2\x22\xc5\x01\x00\xd0\x9c\x04G\x81\xf8\xc5\x95~Ji\
\x8eO\x84\xd9\xd3\x12\x1d\xd5\xe0=%kR\x1c\x00\x00\
W\x91\xe0(\x08\xe9\x0d\xfa-\xa69\xc2\xe4\xe146\
\xc7m~\x01\xae\x04)\x8eLIq\x00\x00l'\xc1\
Q\x10~ie\xd0b\xc7wrr\xf2\x8baV\xa2\
#c\xde[\xb2&\xc5\x01\x00\xb0\x89\x04G\x01\xc4_\
\xe1\xa47\x18\xb4\xc9\xc9\xc9\xf7\x87\xc9\xc3\x17.\x5c\xf8\
\x97\xb1\x13\xec\xd7\xe0lIqd*|n\xbc\xc7\xff\
-\x00\xc0\xb7Hp\x14\x80_X)\x82\xd0Y:\xfb\
m\xdf\xf6m\x0fLLL<\x13\x9aR\x1d\x19\xf1\x1e\
\x935)\x0e\x00\x80D\x81c\xc8\xe2\xafo\xa1c\xf9\
\xf9\xe9\xe9\xe9\xe3\xe9*\x18:\xc5\x8e\xbc\xc4\xf7\x998\
\xf6JJ\xed\x90\x91\xf0\xbf\xeaT\xd0\x00\x00\x89\x02\xc7\
\x90\xf9e\x95\xa2\x9b\x9b\x9b\xbb\xb0\xb4\xb4\xf4\xfb\xb7\xdc\
r\xcb\x9f\xa7\xab\x14<J\xc8{M\xd6\xa48\x00\x00\
\x02\x05\x8e!\x8a\xbf\xaa.,,<6>>~m\
\xba\x0a\x0a/\x16<\x16\x17\x17\xbf\xf8\x96\xb7\xbc\xe5s\
\xe9\xaaH\xd1\xa3\xe0\xe2\xfb\xcd\xea\xea\xea\xfb\x0e\x1c8\
\xf0\xa1t\x15\x99\x90\xe2\x00\x00\xa8S\xe0\x18\xa2K\x97\
.\xdd911\xf1\x9b\xa9\x09\xa5\xb5\xb0\xb0p\xf9\xa9\
\xa7\x9e:\xfd\xeaW\xbf\xfa\xd9\xab\x0a\x1f\x91\xe2GA\
(\xaafM\x8a\x03\x00\xa8<\x05\x8e!\xd1\xd1\xa0*\
b\xf1cnnn\xf1\x9b\xdf\xfc\xe6\xc2\xbe}\xfb.\
\xc6\xeb^\xfd\xeaW\xafl:\xe4\xa5S\x0a'\x1dP\
X\xcd\x93\x14\x07\x00\x80\x02\xc7\xd0\xe8d@w\x1a\x85\
\x938\xff\xf2\xcb/\xffmL\x8f\xec\xdf\xbf\xffk\xc7\
\x8e\x1d;\xb7~\x87:E\x90\xab(\xaefM\x8a\x03\
\x00\xa84\x05\x8e!\xd0\xc1\x80\xc1\x88E\x90\xa7\x9f~\
\xfa\x8f&''\xff2\x9d\x11&\xaa|\xd1C\x815\
OR\x1c\x00@\xd5)p\x0c\x81\xce\x05\x0cO<\x05\
\xee\x0b/\xbc\xf0pJzT\xb2\xd8\xa1\xc8\x9a5)\
\x0e\x00\xa0\xb2\x148\x06L\xc7\x02\x8aceee\xed\
\xa9\xa7\x9e\xfaD\x1a\x0f\xa4R\xc5\x0e\x85\xd6<\xc5\x02\
\xde\xf4\xf4\xf4\x8fIq\x00\x00U\xa4\xc01`:\x15\
PLU+v(\xb6fM\x8a\x03\x00\xa8$\x05\x8e\
\x01\xd2\xa1\x80r\x98\x9b\x9b\xbb\xb0o\xdf\xbe\x8f\xa7q\
;\xb2-v\x84\xf7\xa4\xdb\xc2\xe4\xe1z\x8b\x5cHq\
\x00\x00U\xa5\xc01@\xd2\x1bP>\xf3\xf3\xf3\x0fL\
NN~1\xccfW\xe8\x88E\xd7\xd0\x19\xfe|\xe8\
\x0c\x1fOW\x91\x0f)\x0e\x00\xa0r\x148\x06Dz\
\x03\xca-\xd7B\x87\x14G\x9e\xa48\x00\x80*\xba&\
M\xe9\xa3X\xdcX]]}\x9f\xe2\x06\x94\xd7\xe4\xe4\
\xe4\xfb\xc3\xe4\xe1\xf9\xf9\xf9\xbb\xe3\xfft\xfd\xda,\x9c\
\x8e\x9d\xe14O&R*\xe7D\xbd\x05\x00P\x0d\x12\
\x1c\x03\xe0\x17R\xc8K\x1c\x90\xf4\x85\x17^\xb8kb\
b\xe2\xd1\x1c~!\xf7\x1e\x95')\x0e\x00\xa0j$\
8\xfa,\xfe\xd2;??\xff\xf6\xd4\x042p\xf0\xe0\
\xc1\xd18\x9eN\x1c\xbf\x22\x16\x072HtHqd\
H\x8a\x03\x00\xa8\x1a\x09\x8e>\xf3\xcb(\xe4/\x8d\xcf\
\xf1\xe12\xffR\xee\xbd*OR\x1c\x00@\x95Hp\
\xf4\x91\xf4\x06TC\x1c\x9fcnn\xee\xcfK\x9e\xe6\
8=33\xf3\x17i\x9eLHq\x00\x00U\x22\xc1\
\xd1G~\x11\x85\xeaY]]\xfd\xe5\x03\x07\x0e\xfcV\
\x19\x7f1\xf7\x9e\x95\xa7\x85\x85\x85\xcb\xe3\xe3\xe3\xb7H\
q\x00\x00\xb9\x93\xe0\xe8\x13\xe9\x0d\xa8\xa6\x03\x07\x0e|\
hvv\xf6S%Mr\xc4\xb18N\xa5y2\x11\
\xcf\xe0U\xab\xd5nMM\x00\x80lIp\xf4\x89_\
B\xa1\xda\xd2\xaf\xe6w\x86\xd9\xd3e\xfa\xe5\xdc{W\
\x9e\xa48\x00\x80*\x90\xe0\xe8\x03\xe9\x0d \xfej\x1e\
&\x0f\xaf\xae\xae\xbe\xafdi\x0e)\x8e\x0cIq\x00\
\x00U \xc1\xd1\x07~\x01\x056+\xdb\xb8\x1c\xde\xc3\
\xf2$\xc5\x01\x00\xe4N\x82\xa3\xc7\xa47\x80\xab\xc5q\
9.\x5c\xb8\xf0/K\x94\xe4\x90\xe2\xc8\x90\x14\x07\x00\
\x90;\x09\x8e\x1e\xf3\xcb'\xb0\x93\x0b\x17.|fj\
j\xea\xbf.\xc3/\xe8\xde\xcb\xf2$\xc5\x01\x00\xe4L\
\x82\xa3\x87\xa47\x80\xddLMM\xbd\xabDI\x0e)\
\x8e\x0cIq\x00\x009\x93\xe0\xe8!\xbfx\x02\xad(\
K\x92\xc3{Z\x9e\xa48\x00\x80\x5cIp\xf4H\xfc\
Evvv\xf6=\xa9\x09\xb0\xa3\x12%9N\xcf\xcf\
\xcf?\x90\xe6\xc9\x84\x14\x07\x00\x90+\x09\x8e\x1e\xf1K\
'\xd0\xae2$9\xbc\xb7\xe5ieee\xed\xe0\xc1\
\x83\xc7\xa48\x00\x80\x9cHp\xf4\x80\xf4\x06\xd0\x89\x98\
\xe4X]]}_\xc1\x93\x1cR\x1c\x19:x\xf0\xe0\
h\xd8\xaew\x97 E\x04\x00\xd02\x09\x8e\x1e\xf0\x0b\
'\xd0\x8d\xd5\xd5\xd5_>p\xe0\xc0o\x15\xf5\xd7t\
\xefqY\xbb=\xecw\x8f\xa4y\x00\x80R\x93\xe0\xe8\
\x92\xf4\x06\xd0\xad\x03\x07\x0e|(LN\xd4[\x85$\
\xc5\x91\xa9x\xe6/)\x0e\x00 \x17\x12\x1c]\xf2\xcb\
&\xd0\x0bE?\xb3\x85\xf7\xba\xacIq\x00\x00Y\x90\
\xe0\xe8\x82\xf4\x06\xd0+\xf1\xcc\x16333\xff\xb6\xc0\
\xbf\xa6KqdJ\x8a\x03\x00\xc8\x85\x04G\x17\xfc\xa2\
\x09\xf4Z,\x22LNN~\xb8\x88I\x8e\xd8\x09^\
XXx,\x16c\xd2U\xe4C\x8a\x03\x00(=\x09\
\x8e\x0eIo\x00\xfd099\xf9\xfe0)\xe4x\x1c\
\xb1\xe8\x12\xde\xfb\xeeMM2\x22\xc5\x01\x00\xe4@\x82\
\xa3C\xd2\x1b@\xbf\x14y<\x0e)\x8e\xacIq\x00\
\x00\xa5&\xc1\xd1\x01\xe9\x0d\xa0\x9fb\xf1 \xbc\xc7|\
\xaa\x88\xbf\xa8Kq\xe4K\x8a\x03\x00(;\x09\x8e\x0e\
\x84/\x80\xd2\x1b@\xdf\xd5j\xb5\x9f;r\xe4\xc8\xfd\
\xa9Y\x18\xb1\x13,\xc5\x91-)\x0e\x00\xa0\xb4$8\
\xda\x14\xbf\xd8\xcf\xce\xce\xde\x93\x9a\x00}\xf3\xda\xd7\xbe\
\xf6#E\xfcE]\x8a#_1\x9dX\xc4}\x0e\x00\
\xa0\x15\x0a\x1c\xed;1==}<\xcd\x03\xf4\xcd\xc1\
\x83\x07G\x8bz\xa8\xca\xc4\xc4\xc4\xa3q\xac\x90\xd4$\
\x13\xe1\xf3\xedd\x98\x14r\x90[\x00\x80\xbd(p\xb4\
Az\x03\x18\xb4\xa2v8\xa58\xf2%\xc5\x01\x00\x94\
\x9518\xda\x10\xbe\xf0\x19{\x03\x18\xb8\xa2\x9eU%\
\x15}?/\xd5\x96%cq\x00\x00\xa5#\xc1\xd1\x22\
\xe9\x0d`X\xe2`\x9e\xf3\xf3\xf3w\x17\xedW\xf5X\
p\x99\x9e\x9e\xbe/5\xc9\x88\x14\x07\x00PF\x12\x1c\
-\x92\xde\x00\x0a\xa0p\xbf\xaaKqdM\x8a\x03\x00\
(\x15\x09\x8e\x16Ho\x00EP\xc4_\xd5\xa58\xf2\
%\xc5\x01\x00\x94\x8d\x02Gk\x9c9\x05\x18\xba\xf0>\
T\xd43\x5c\x9c\x0e\x9d\xe1\xb3i\x9eL\x14x\x7f\x03\
\x00hJ\x81c\x0f\xd2\x1b@\x91Hq0HR\x1c\
\x00@\x99(p\xecMz\x03(\x0c)\x0e\x06I\x8a\
\x03\x00(\x13\x05\x8e]\xc4_\xad\xe6\xe6\xe6>\x96\x9a\
\x00\x85 \xc5\xc1 Iq\x00\x00e\xa1\xc0\xb1\x8bZ\
\xadv\xeb\xd1\xa3G\xa7R\x13\xa0\x10\x0a\x9e\xe28\x95\
\xe6\xc9\x84\x14\x07\x00P\x16\x0a\x1c;\x88\xbfV\x8d\x8c\
\x8c\xdc\x9b\x9a\x00\x85R\xe0\x14\xc7'R\x93\x8c\x84\xfd\
\xed\x1e)\x0e\x00\xa0\xe8\x148v\x10\xd3\x1b\xe3\xe3\xe3\
\xd7\xa6&@\xa1Hq0Ha\x7f\x8bcQIq\
\x00\x00\x85\xa6\xc0\xd1\x84\xf4\x06P\x06\x17.\x5c\xb8U\
\x8a\x83A\x91\xe2\x00\x00\x8aN\x81\xa3\x09\xe9\x0d\xa0\x0c\
\xa6\xa6\xa6\xde\x15&R\x1c\x0c\x84\x14\x07\x00Pt\x0a\
\x1cW\x91\xde\x00\xca\xa4V\xab\xbd1\xcd\x16\x86\x14G\
\xbe\xa48\x00\x80\x22S\xe0\xb8\x8a\xf4\x06P&\xb1 \
[\xd0\x0e\xa7\x14G\x86\xa48\x00\x80\x22S\xe0\xd8D\
z\x03(\x9bT\x90-\x5c\x87S\x8a#_R\x1c\x00\
@Q)pl\x22\xbd\x01\x94\xd1\xcc\xcc\xcc/\x165\
\xc51??\xff@\x9a'\x13R\x1c\x00@Q)p\
$\xd2\x1b@Y\xddp\xc3\x0d?\x10&\x85LqL\
NN~15\xc9\x88\x14\x07\x00PD\x0a\x1c\x89\xf4\
\x06PfE\x1cl4\x91\xe2\xc8PLq\xc4\xcf\xcd\
\xd4\x04\x00(\x04\x05\x8e@z\x03(\xbb\xff\xf3\xff\xfc\
?\xdf_\xc4_\xd4\xa58\xf2\x15?7\xa58\x00\x80\
\x22\xa9|\x81#~9\x9b\x9f\x9f\xbf[z\x03(\xb3\
\x82\x8f\x8b \xc5\x91\xa1\xf8\xb9)\xc5\x01\x00\x14\x89\x04\
G\xe8\x10LNN\xbe?\xcd\x03\x94VQ\x0fS\x91\
\xe2\xc8\x97\x14\x07\x00P$\x95.p\xa4\xf4\xc6\xdbS\
\x13\xa0\xd4\x8az\x98J\x22\xc5\x91!)\x0e\x00\xa0H\
F\xd2\xb4\x92BG\xe0\xb60y\xb8\xde\x02\xc8\xc2\xed\
###\x8f\xa4\xf9B\x89\xc5\x97\x95\x95\x95'\x0e\x1e\
<8\x9a\xae\x22\x03\x0b\x0b\x0b\x97\xc7\xc7\xc7o\x89I\
\x9dt\x15\x00\xc0PT6\xc1!\xbd\x010X\xb1\x03\
\xfc\xc2\x0b/\xdc\x95\x9adB\x8a\x03\x00(\x8a*\x1f\
\xa2b\xec\x0d ;_\xfe\xf2\x97\xff\xf34[H\x13\
\x13\x13\x8f\xc6_\xfcS\x93L\x18\x8b\x03\x00(\x82J\
\x168\xa47\x80\x5c\xddx\xe3\x8d\xff\xb8\xc8\x1d\xcd\x98\
\xe2\x08\xaf\xcfi\xb93#\xc5\x01\x00\x14AU\x13\x1c\
\xd2\x1b@\x96\xd2\xf8\x16E=]\xec:)\x8e<I\
q\x00\x00\xc3V\xb9\x02\x87\xf4\x06\x90\xbb'\x9ex\xe2\
\xa64[HR\x1cy\x8a)\x8e\xd5\xd5\xd5\xf7)r\
\x00\x00\xc3R\xc5\x04\x87\xf4\x06\x90\xb5\xbf\xfb\xbb\xbf\xfb\
\xe14[XR\x1cy:p\xe0\xc0\x87\xc2\xa4\xd0\x09\
\x22\x00 _\x95*pHo\x00U\xf0\xa67\xbd\xe9\
\xadE\xff\x15]\x8a#_\xf1sV\x8a\x03\x00\x18\x86\
\x914\xad\x84\xf0\x85\xeb\xb60y\xb8\xde\x02\xc8\xda\xed\
###\x8f\xa4\xf9B\x8a\x9d\xe0\xb9\xb9\xb9??z\
\xf4\xe8T\xba\x8a|\x14~\xff\x03\x00\xf2S\x99\x04G\
\xfc\x22=;;\xfb\x9e\xd4\x04`\xc8b\x8a\xe3\xe8\xd1\
\xa3\x1fHM2\x22\xc5\x01\x00\x0cC\x95\x0eQ91\
==}2\xcd\x03d\xed\xb1\xc7\x1e\xfb\xc14[t\
\xa7ggg\xcf\xa6y2\x91\xc6\xba2\x16\x07\x000\
P\x95(pHo\x00U\xf3\xc2\x0b/\xfc\xc7i\xb6\
\xd0b\x8aczz\xfa\xbe\xd4$#R\x1c\x00\xc0\xa0\
U%\xc1!\xbd\x01T\xca\xd4\xd4\xd4\xff\xa5D\x9dK\
)\x8e\x0cIq\x00\x00\x83\x96}\x81Cz\x03\xa8\xa2\
\xf1\xf1\xf1k\xc3\xa4\x14\x9dK)\x8e|Iq\x00\x00\
\x83T\x85\x04\x87\xf4\x06@\xf1IqdH\x8a\x03\x00\
\x18\xa4\xac\x0b\x1c\xd2\x1b\x00\xe5 \xc5\x91/)\x0e\x00\
`PrOpHo\x00\x95\xb4\xb2\xb2\xb2\x16&\xa7\
\xeb\xad\xd2\x88)\x8eSi\x9eLHq\x00\x00\x832\
\x92\xa6\xd9I\xe9\x8dO)p\xd0\x0b\xb1\xb3\xf8\xe4\x93\
O>\xbeo\xdf\xbe\xc7_\xfd\xeaW\xaf\xdcr\xcb-\
\x7f\x9en\x82\xa2:\x1dS\x11i\xbe4\xc2{\xf7m\
a\xf2p\xbdE.b\xe1*|\x1e\xffL\x19\xf7I\
\x00\xa0<r.p\xf8\x92L\xc7\xe2X\x00/\xbc\xf0\
\xc2\xc3\xc7\x8e\x1d;\x97\xae*eg\x11\xcaFq:\
k\xb7\x87\xf7\xd1G\xd2<\x00@\xcfeY\xe0\xf0\x05\
\x99v\xcd\xcd\xcd]\xb8r\xe5\xca'\x154`\xf8\x14\
\xa8\xf3$\xc5\x01\x00\xf4[\xae\x05\x0e_\x8e\xd9\xd3U\
E\x0d\x05\x0d(\x08E\xea\xacIq\x00\x00}\x93]\
\x81#}1\xfe|\xf8b|<]\x05[\x5c\xb8p\
\xe13SSS\x8f\x86YE\x0d((\x85\xea<I\
q\x00\x00\xfd\x94c\x81\xc3\x97b\xb6YXX\xb8\x1c\
\xf6\x8d{'&&\x9e\x09M\x85\x0d(8)\x8e\xac\
Iq\x00\x00}\x91U\x81Cz\x83\xabm*l<\
\xaa\xa8\x01\xe5\xa2`\x9d')\x0e\x00\xa0_r+p\
\xf82\xcc:\x85\x0d(\xbfX\xb4\xbep\xe1\xc2\xbf\x9c\
\x9a\x9azW\xba\x8a|Hq\x00\x00=wM\x9a\x96\
^\xfc\x22<;;{OjRa\xf3\xf3\xf3\x0f\x8c\
\x8f\x8f\xdfr\xe4\xc8\x91\xfb\x157\xa0\xbc\xe2\xffo\x1a\
/\x87\xcc\x84\xcf\xeb\xf7\xc4\xcf\xed\xd4\x04\x00\xe8\x89l\
\x0a\x1c\xc1\x09\x87\xa6T[\x8c=\x87\xc9\xed\x93\x93\x93\
\x1fV\xd8\x80l\x9c\x8eE\xcb4O&\xd2\xd8*'\
\xea-\x00\x80\xde\xc8\xa2\xc0!\xbdQm\xf1p\x940\
\xb9=\x1d\xd3\xfd\x88\xe2\x06\xe4#\xfe?ONN~\
15\xc9H\xfc\xdc\x96\xe2\x00\x00z)\x97\x04\x87\xf4\
FE\xc5\xd4F<\x1cEa\x03\xb2&\xc5\x91\xa1\xf4\
\xb9-\xc5\x01\x00\xf4L\xe9\x0b\x1c\xd2\x1b\xd5\xb5\xba\xba\
\xfa\xcb)\xb5\xa1\xb0\x01\x19\x93\xe2\xc8\x97\x14\x07\x00\xd0\
K9$8\xa47*fnn\xeeB\x98\xdc~\xe0\
\xc0\x81\xdfR\xdc\x80\xca\x90\xe2\xc8\x90\x14\x07\x00\xd0K\
\xa5.pHoT\xcf\xcc\xcc\xcc_\x1c=z\xf4\x07\
\x1d\x92\x02\xd5\x22\xc5\x91/)\x0e\x00\xa0WJ]\xe0\
\xa8\xd5j\xb7JoT\xc7\x85\x0b\x17>s\xc3\x0d7\
\xfcg\x0a\x1bPYR\x1c\x19\x92\xe2\x00\x00z\xa5\xb4\
\x05\x8e\xf8kO\xe8\xe8\xde\x9b\x9ad.\x8e\xb715\
5\xf5_+n@u\xa5\x14\xc7\x87\xd3\x99\x93\xc8\x88\
\x14\x07\x00\xd0\x0b\xa5-p\xc4\xf4\xc6\xf8\xf8\xf8\xb5\xa9\
I\xc6bq\xc3x\x1b@\x14\xdf\x07BGXq;\
3R\x1c\x00@/\x94\xb2\xc0!\xbdQ\x1d\x8a\x1b\xc0\
\xd5&&&\x1e\x95\xe2\xc8\x8f\x14\x07\x00\xd0\xadR\x16\
8\xa47\xaaAq\x03hF\x8a#OR\x1c\x00@\
\xb7JW\xe0\x90\xde\xa8\x06\xc5\x0d`7R\x1cy\x9a\
\x9b\x9b\xfb\x98\x14\x07\x00\xd0\xa9\xd2\x158\xa47\xf2\x17\
\xcf\x96\xa2\xb8\x01\xecF\x8a#OG\x8f\x1e\x9d\x8a\x9f\
\xf3\xa9\x09\x00\xd0\x96R\x158\xa47\xf27;;{\
\xca\xd9R\x80VHq\xe4)~\xceKq\x00\x00\x9d\
(U\x81Cz#osss\x17\xa6\xa7\xa7\x7fF\
q\x03h\x85\x14G\x9e\xe2\xe7\xbc\x14\x07\x00\xd0\x89\xd2\
\x148\xa47\xf2w\xf4\xe8\xd1\x0f(n\x00\xed\x88)\
\x8e\xd9\xd9\xd9\xb3\xa9I&\xa48\x00\x80N\x94\xa6\xc0\
!\xbd\x91\xb78\xa8h\x98\x9c\xae\xb7\x00Z\x13\x8b\xa2\
\xd3\xd3\xd3\xf7\xa5&\x99\x90\xe2\x00\x00:Q\x8a\x02\x87\
\xf4F\xde\x0c*\x0at\xe9\xb4\x14G~\xa48\x00\x80\
v\x15\xbe\xc0\x11\xbf\xdc\xcc\xcf\xcf\xdf-\xbd\x91\xa78\
@\xa0AE\x81nHq\xe4I\x8a\x03\x00hW\x19\
\x12\x1c'&''\xdf\x9f\xe6\xc9L\xf8\x02{\xa7\xe2\
\x06\xd0\x03R\x1c\x19\x92\xe2\x00\x00\xdaQ\xe8\x02GJ\
o\xbc=5\xc9L<4%L\x8c\xbb\x01tM\x8a\
#OR\x1c\x00@;\x8a\x9e\xe0\x90\xde\xc8\xd4\xca\xca\
\xca\x9aCS\x80\x1e\x93\xe2\xc8\x90\x14\x07\x00\xd0\xaa\xc2\
\x168\xa47\xf2\xf6\xc2\x0b/\xdc\xa5\xb8\x01\xf4\x92\x14\
G\x9eb\x8a#\x8e\xc5\xa5\xc8\x01\x00\xec\xa5\xc8\x09\x0e\
\xe9\x8dL\xc5_X'&&\x1eMM\x80^\x8a)\
\x8eSi\x9eL\xa4\xef\x03'\xea-\x00\x80\xe6\x0aY\
\xe0\x90\xde\xc8[\xfc\x85Uz\x03\xe8\x87\x94\xe2\xf8D\
j\x92\x91\xf8\xbd@\x8a\x03\x00\xd8MQ\x13\x1c\xd2\x1b\
\x99J\xc7\xc7\x1bX\x14\xe8')\x8e\x0cIq\x00\x00\
{)\x5c\x81Cz#o\xd2\x1b@\xbfIq\xe4K\
\x8a\x03\x00\xd8M\x11\x13\x1c\xd2\x1b\x99\x92\xde\x00\x06H\
\x8a#CR\x1c\x00\xc0n\x0aU\xe0\x90\xde\xc8\x9b\xf4\
\x060(R\x1c\xf9\x92\xe2\x00\x00vR\xb4\x04\x87\xf4\
F\xa6\xd2/\xa9\xd2\x1b\xc0 IqdH\x8a\x03\x00\
\xd8Ia\x0a\x1c\xf1\xd7\x98\xf0E\xf4=\xa9If\xe2\
/\xa9\xd2\x1b\xc0 Iq\xe4K\x8a\x03\x00h\xa6H\
\x09\x8e\x13\xe1\x8b\xe8\xc94OF\xa47\x80!:}\
\xe1\xc2\x85\xcf\xa4y2!\xc5\x01\x004S\x88\x02\x87\
\xf4F\xde\xa47\x80a\x89\xef=SSS\x8f\xa6&\
\x19\xb9p\xe1\xc2\xadR\x1c\x00\xc0fEIpHo\
dJz\x03(\x80\xd3\xf3\xf3\xf3\x0f\xa4y215\
5\xf5\xae0\x91\xe2\x00\x006\x0c\xbd\xc0!\xbd\x917\
\xe9\x0d`\xd8\xe2{\xd0\xe4\xe4\xe4\x17S\x93\x8c\xc4\xef\
\x0fR\x1c\x00@C\x11\x12\x1c\xd2\x1b\x99\x92\xde\x00\x0a\
D\x8a#C\xe9\xfb\x83\x14\x07\x00\xb0n\xa8\x05\x0e\xe9\
\x8d\xbcIo\x00E!\xc5\x91/)\x0e\x00\xa0a\xd8\
\x09\x0e\xe9\x8dLIo\x00\x05$\xc5\x91!)\x0e\x00\
\xa0ah\x05\x0e\xe9\x8d\xbcIo\x00E#\xc5\x91/\
)\x0e\x00 \x1af\x82Cz#S\x17.\x5c\xf8L\
\x98Ho\x00E$\xc5\x91!)\x0e\x00 \x1aJ\x81\
Cz#oSSS\x8fJo\x00E\x94R\x1c\x1f\
^XX\xb8\x9c\xae\x22\x13R\x1c\x00\xc0\xb0\x12\x1c\xd2\
\x1b\x99J\xbf\x8cJo\x00\x85\x15\x8b\x1c\xa1#|o\
j\x92\x09)\x0e\x00`\xe0\x05\x8e\xf8\xeb\xca\xcc\xcc\xcc\
/\xa6&\x99\x89\xc7\xb7Ko\x00E711\xf1\xa8\
\x14G~\xa48\x00\xa0\xda\x86\x91\xe08q\xc3\x0d7\
\xfc@\x9a'#\xd2\x1b@YHq\xe4I\x8a\x03\x00\
\xaam\xa0\x05\x8e\xf8\xab\xca\xec\xec\xec=\xa9If\xa4\
7\x802\x91\xe2\xc8S\xfc\x9e!\xc5\x01\x00\xd54\xe8\
\x04G\x1c{\xe3x\x9a'#\xd2\x1b@\xd9Hq\xe4\
)}\xcf\x90\xe2\x00\x80\x0a\x1aX\x81Cz#o\xd2\
\x1b@\x19Iq\xe4I\x8a\x03\x00\xaai\x90\x09\x0e\xe9\
\x8dLIo\x00e%\xc5\x91')\x0e\x00\xa8\xa6\x81\
\x148\xa47\xf2&\xbd\x01\x94YLq\x84\xcf\xa8\xb3\
\xa9I&\xa48\x00\xa0z\x06\x95\xe0\x90\xde\xc8\x94\xf4\
\x06Pv\xb1@\x1b>\xa3\xeeKM2!\xc5\x01\x00\
\xd5\xd3\xf7\x02\x87\xf4F\xbe\xe2q\xeb\x93\x93\x93\x1f\x96\
\xde\x002pZ\x8a#?R\x1c\x00P-\x83Hp\
Hod*\x1e\xb7\xae\xb8\x01\xe4@\x8a#OR\x1c\
\x00P-}-pHo\xe4+\xa67\xe2q\xeb\xa9\
\x09\x90\x03)\x8e\x0cIq\x00@u\xf4;\xc1!\xbd\
\x91)\xe9\x0d 7R\x1cy\x8a\xdfCj\xb5\xda\xad\
\xa9\x09\x00d\xaco\x05\x8e\xf8k\xc9\xc2\xc2\xc2\xfd\xa9\
IF\xa47\x80\x8cIqdhdd\xe4^)\x0e\
\x00\xc8_\xdf\x0a\x1c\xf1\xd7\x92\xf1\xf1\xf1kS\x93\x8c\
Ho\x00\xb9\x92\xe2\xc8S\xfc>\x22\xc5\x01\x00\xf9\xeb\
K\x81#\xfeJ\x12\x7f-IM2\x22\xbd\x01T@\
Lq\x9cJ\xf3dB\x8a\x03\x00\xf2\xd7\x97\x02\x87\xf4\
F\xbe\xa47\x80\xdc\xa5\x14\xc7'R\x93LHq\x00\
@\xfez^\xe0\x90\xde\xc8\x97\xf4\x06P!R\x1c\x19\
\x92\xe2\x00\x80\xbc\xf5\xbc\xc0!\xbd\x91/\xe9\x0d\xa0*\
\xa48\xf2$\xc5\x01\x00y\xebi\x81Cz#_\xf1\
\xac\x02\xd2\x1b@\xc5HqdH\x8a\x03\x00\xf2\xd5\xd3\
\x02\x87\xf4F\xbe\xe2Y\x05\xa47\x80*\x91\xe2\xc8\x93\
\x14\x07\x00\xe4\xabg\x05\x0e\xe9\x8d|\xc5\xf4F\x98\x9c\
\xae\xb7\x00*E\x8a#CR\x1c\x00\x90\xa7\x9e\x158\
\xa47\xf2%\xbd\x01T\x95\x14G\x9e\xa48\x00 O\
=)pHo\xe4Kz\x03\xe0U\xa7\xe7\xe7\xe7\x1f\
H\xf3d\xe2\xb5\xaf}\xedG\xa48\x00 /]\x17\
8\xe2\x97\x83\xd5\xd5\xd5\xf7Io\xe4Iz\x03\xa8\xba\
\xf8\x1e899\xf9\xc5\xd4$\x13\x07\x0f\x1e\x1c\x9d\x9f\
\x9f\xbf[\x91\x03\x00\xf2\xd1\x8b\x04\xc7\x89\x03\x07\x0e|\
(\xcd\x93\x11\xe9\x0d\x80\x0dR\x1c\x19\x9a\x9c\x9c|\x7f\
\x98\x9c\xa8\xb7\x00\x80\xb2\xeb\xaa\xc0\x11\x7f\xf5\x08_\xf8\
\xde\x9e\x9adFz\x03\xa0N\x8a#_\xf1{\x8c\x14\
\x07\x00\xe4\xa1\xdb\x04\xc7\x89\xf4\xeb\x07\x99\x91\xde\x00\xd8\
F\x8a#CR\x1c\x00\x90\x8f\x8e\x0b\x1c\xd2\x1by\x93\
\xde\x00\xd8J\x8a#_R\x1c\x00\x90\x87n\x12\x1c\xd2\
\x1b\x99\x9a\x9d\x9d=\x15&\xd2\x1b\x00\xdbIqdH\
\x8a\x03\x00\xf2\xd0Q\x81Cz#o\xd3\xd3\xd3\x9f\x90\
\xde\x00\xd8N\x8a#_R\x1c\x00P~\x9d&8\xa4\
72%\xbd\x01\xb0\xa7\xd3\xab\xab\xab\xbf\x9c\xe6\xc9\x84\
\x14\x07\x00\x94_\xdb\x05\x0e\xe9\x8d\xbcIo\x00\xec.\
\xbeG\x1e8p\xe0\xb7\x16\x16\x16.\xa7\xab\xc8\x84\x14\
\x07\x00\x94['\x09\x0e\xe9\x8dLIo\x00\xb4&\x16\
9BG\xf8\xde\xd4$\x13R\x1c\x00Pnm\x158\
\xa47\xf2&\xbd\x01\xd0\xba\x89\x89\x89G\xa58\xf23\
;;\xfb\x1e)\x0e\x00(\xa7v\x13\x1c\xd2\x1b\x99\x92\
\xde\x00h\x8f\x14G\x9e\xa6\xa7\xa7O\x86\x89\x14\x07\x00\
\x94P\xcb\x05\x0e\xe9\x8d\xbcIo\x00\xb4O\x8a#O\
R\x1c\x00PN\xed$8\xa472%\xbd\x01\xd0\x19\
)\x8e<Iq\x00@9\xb5T\xe0\x88\xbfb\xc4_\
3R\x93\xccHo\x00tN\x8a#OR\x1c\x00P\
>\xad&8N\xa4_3\xc8\xcc\x85\x0b\x17>\x13&\
\xd2\x1b\x00\x1d\x92\xe2\xc8\x93\x14\x07\x00\x94\xcf\x9e\x05\x0e\
\xe9\x8d\xbcMMM=*\xbd\x01\xd0\x9d\x98\xe2\x08\x9f\
\x95gS\x93LHq\x00@\xb9\x8c\xa4\xe9\x8e\xc2\x07\
\xfbma\xf2p\xbdEN\xe6\xe7\xe7\x1f\x98\x9c\x9c\xfc\
\xb0\x02\x07@\xf7|^f\xeb\xf6\xf09\xf9H\x9a\x07\
\x00\x0al\xd7\x04\x87\xf4F\xde&''\xbf\xa8\xb8\x01\
\xd03\xa7\xa58\xf2#\xc5\x01\x00\xe5\xb1k\x82\xc3\xaf\
Q\xf9\x92\xde\x00\xe8=\x9f\x9b\xd9\x92\xe2\x00\x80\x12\xd8\
1\xc1!\xbd\x917\xe9\x0d\x80\xbe\x90\xe2\xc8\xd0\xcc\xcc\
\xcc/Jq\x00@\xf1\xedv\x88\x8a3\xa7d*\xa6\
7\xc2\xc4\x99S\x00z,\x16\x8e\xc3g\xe7}\xa9I\
&n\xb8\xe1\x86\x1f\x08\x13gT\x01\x80\x82kZ\xe0\
\x90\xde\xc8\x9b\xf4\x06@_Iqd(l\xd3{\xa4\
8\x00\xa0\xd8vJpHodJz\x03\xa0\xbf\xa4\
8\xf2\x14\xb6\xe9\xf10\x91\xe2\x00\x80\x02\xdbV\xe0\x90\
\xde\xc8\x9b\xf4\x06\xc0@\xc4\x14\xc7\xa94O&\xa48\
\x00\xa0\xd8\x9a%8\xa472%\xbd\x010\x18)\xc5\
\xf1\x89\xd4$\x13R\x1c\x00Pl\xdb\x0a\x1c\x7f\xf9\x97\
\x7f\xf9\xcf\xd3,\x19YXX\xb8\xec\xb4\xb0\x00\x03%\
\xc5\x91!\xdf\x93\x00\xa0\xb8F\xd2t\xc3G?\xfa\xd1\
\x1f\xfa\xc7\xff\xf8\x1f\xff\x97\xa9I&\xbe\xfe\xf5\xaf\x7f\
\xec'~\xe2'\xce\xa4&\x00\x03\x10\x0fg\xf8\xcaW\
\xbe\xf2+\xa9I\x06\x1ey\xe4\x91\xff9|W\xfa\x83\
\xd4\x04\x00\x00\x00\x00\x00\x00\x00\x00\x00\x00\x00\x00\x00\x00\
\x00\x00\x00\x00\x00\x00\x00\x00\x00\x00\x00\x00\x00\x00\x00\x00\
\x00\x00\x00\x00\x00\x00\x00\x00\x00\x00\x00\x00\x00\x00\x00\x00\
\x00\x00\x00\x00\x00\x00\x00\x00\x00\x00\x00\x00\x00\x00\x00\x00\
\x00\x00\x00\x00\x00\x00\x00\x00\x00\x00\x00\x00\x00\x00\x00\x00\
\x00\x00\x00\x00\x00\x00\x00\x00\x00\x00\x00\x00\x00\x00\x00\x00\
\x00\x00\x00\x00\x00\x00\x00\x00\x00\x00\x00\x00\x00\x00\x00\x00\
\x00\x00\x00\x00\x00\x00\x00\x00\x00\x00\x00\x00\x00\x00\x00\x00\
\x00\x00\x00\x00\x00\x00\x00\x00\x00\x00\x00\x00\x00\x00\x00\x00\
\x00\x00\x00\x00\x00\x00\x00\x00\x00\x00\x00\x00\x00\x00\x00\x00\
\x00\x00\x00\x00\x00\x00\x00\x00\x00\x00\x00\x00\x00\x00\x00\x00\
\x00\x00\x00\x00\x00\x00\x00\x00\x00\x00\x00\x00\x00\x00\x00\x00\
\x00\x00\x00\x00\x00\x00\x00\x00\x00\x00\x00\x00\x00\x00\x00\x00\
\x00\x00\x00\x00\x00\x00\x00\x00\x00\x00\x00\x00\x00\x00\x00\x00\
\x00\x00\x00\x00\x00\x00\x00\x00\x00\x00\x00\x00\x00\x00\x00\x00\
\x00\x00\x00\x00\x00\x00\x00\x00\x00\x00\x00\x00\x00\x00\x00\x00\
\x00\x00\x00\x00\x00\x00\x00\x00\x00\x00\x00\x00\x00\x00\x00\x00\
\x00\x00\x00\x00\x00\x00\x00\x00\x00\x00\x00\x00\x00\x00\x00\x00\
\x00\x00\x00\x00\x00\x00\x00\x00\x00\x00\x00\x00\x00\x00\x00\x00\
\x00\x00\x00\x00\x00\x00\x00\x00\x00\x00\x00\x00\x00\x00\x00\x00\
\x00\x00\x00\x00\x00\x00\x00\x00\x00\x00\x00\x00\x00\x00\x00\x00\
\x00\x00\x00\x00\x00\x00\x00\x00\x00\x00\x00\x00\x00\x00\x00\x00\
\x00\x00\x00\x00\x00\x00\x00\x00\x00\x00\x00\x00\x00\x00\x00\x00\
\x00\x00\x00\x00\x00\x00\x00\x00\x00\x00\x00\x00\x00\x00\x00\x00\
\x00\x00\x00\x00\x00\x00\x00\x00\x00\x00\x00\x00\x00\x00\x00\x00\
\x00\x00\x00\x00\x00\x00\x00\x00\x00\x00\x00\x00\x00\x00\x00\x00\
\x00\x00\x00\x00\x00\x00\x00\x00\x00\x00\x00\x00\x00\x00\x00\x00\
\x00\x00\x00\x00\x00\x00\x00\x00\x00\x00\x00\x00\x00\x00\x00\x00\
\x00\x00\x00\x00\x00\x00\x00\x00\x00\x00\x00\x00\x00\x00\x00\x00\
\x00\x00\x00\x00\x00\x00\x00\x00\x00\x00\x00\x00\x00\x00\x00\x00\
\x00\x00\x00\x00\x00\x00\x00\x00\x00\x00\x00\x00\x00\x00\x00\x00\
\x00\x00\x00\x00\x00\x00\x00\x00\x00\x00\x00\x00\x00\x00\x00\x00\
\x00\x00\x00\x00\x00\x00\x00\x00\x00\x00\x00\x00\x00\x00\x00\x00\
\x00\x00\x00\x00\x00\x00\x00\x00\x00\x00\x00\x00\x00\x00\x00\x00\
\x00\x00\x00\x00\x00\x00\x00\x00\x00\x00\x00\x00\x00\x00\x00\x00\
\x00\x00\x00\x00\x00\x00\x00\x00\x00\x00\x00\x00\x00\x00\x00\x00\
\x00\x00\x00\x00\x00\x00\x00\x00\x00\x00\x00\x00\x00\x00\x00\x00\
\x00\x00\x00\x00\x00\x00\x00\x00\x00\x00\x00\x00\x00\x00\x00\x00\
\x00\x00\x00\x00\x00\x00\x00\x00\x00\x00\x00\x00\x00\x00\x00\x00\
\x00\x00\x00\x00\x00\x00\x00\x00\x00\x00\x00\x00\x00\x00\x00\x00\
\x00\x00\x00\x00\x00\x00\x00\x00\x00\x00\x00\x00\x00\x00\x00\x00\
\x00\x00\x00\x00\x00\x00\x00\x00\x00\x00\x00\x00\x00\x00\x00\x00\
\x00\x00\x00\x00\x00\x00\x00\x00\x00\x00\x00\x00\x00\x00\x00\x00\
\x00\x00\x00\xfe\xff\xed\xc11\x01\x00\x00\x00\xc2\xa0\xf5O\
m\x06\x7f\x00\x00\x00\x00\x00\x00\x00\x00\x00\x00\x00\x00\x00\
\x00\x00\x00\x00\x00\x00\x00\x00\x00\x00\x00\x00\x00\x00\x00\x00\
\x00\x00\x00\x00\x00\x00\x00\x00\x00\x00\x00\x00\x00\x00\x00\x00\
\x00\x00\x00\x00\x00\x00\x00\x00\x00\x00\x00\x00\x00\x00\x00\x00\
\x00\x00\x00\x00\x00\x00\x00\x00\x00\x00\x00\x00\x00\x00\x00\x00\
\x00\x00\x00\x00\x00\x00.5\xf7\x07\xe2\x1c\x9as#5\
\x00\x00\x00\x00IEND\xaeB`\x82\
\x00\x00\x09B\
\x89\
PNG\x0d\x0a\x1a\x0a\x00\x00\x00\x0dIHDR\x00\
\x00\x00@\x00\x00\x00@\x08\x06\x00\x00\x00\xaaiq\xde\
\x00\x00\x09\x09IDATx\x9c\xedZ\x0dl\x5cG\
\x11\xde\x9f{\xf7c\xc7\x8d\xf3c\x9b\x06\x12R\x89*\
\xa4)\xa8\x91(\x0d\x94V\x11\x05U @D \x10\
Tj\xab\x02\x85\x22P\xf9\x15\x15j\x89\x84\x04\x15?\
\x02\xa9R\xa5P$\xaa\x0a\x81Z\x17\xa9QhK\x15\
\x02\xe1O\x0a\xa5i!-\xa4\x94@L\x92\xda\xae\x9d\
\xd8\x9c{>\xdf\xbd\xdd\x99\x1d4\x97}\xf6\xfa\xf9\xce\
n\x12\xfb\xfc\xd3\x1bi\xbd\xcf\xef\xf6\xed\xbe\x99\xf9\xe6\
gg\x9f\x10-jQ\x8bZ\xd4\xa2\x16\xb5\xa8EM\
\x22\x22RD$\xc5\xab\x91q1\xfd\x7f\xbd\x14\x04\x91\
i\xc6\x22\xcc\xa8\x94\xd2\xf1u\xb9\x5c~\x9d1f\x5c\
JY\x14\xaf&\xcd\x1bc\xaeE\xc4\xa7\x88\xa8\x84\x88\
CD\xf4=\x22\xca\xach\x93 \xcf\x1c\x11mf\xc6\
)E\x88\xf8m?N\x8b\x95HDT31\x00\xf8\
\xba\xe79&\x22GD\xe0\x1b#\xa1\xdd\x8f]\x14\x14\
\xa8f,\xa2\xb5^+\x84@!\x84\xf4M\xf9>\xef\
\xdb\xa2\x91Z\xe0\xf9\x89\xff\x00\xc0oX\x0e\x9ei`\
\x97\xc0k;\xe7\xfe*\xa5\x1caS\x91R\xd6\xc6\xae\
\x18\xa2\xb3\xb6/\x93p\x87\x88\xf7\xa6\x5c\xc0\x09\x22\xba\
\xdc\x8fi\x0a\x12\xeb\x91\x9c\x8fI\xbc\x06kan6\
\xb2\xd6\xee\xccd2;\x10qDk\xbdOJ9\xe4\
C$-[\x01P\x1d\x06\xfa\xfa\xfa\xf2mmm\x19\
\xe7\xdc\xe4}\xa5\x94\xec\xe9\xe9\x19\x17+\x89\xc8{n\
\x00\xf8\x1a\x11u&\xffW*\x957\x00\xc0ID\xec\
G\xc4\x01n\x000\xc8\xf1\xdf\xe7\x00'\x89h\xcf\xd0\
\xd0\xd0\xaa\xc4T\xc4r#\xf2\xb6\x1d\xc7\xf16o\xd3\
7\xfb\xfbY\xee\x11\xf1\x91t\xdc\xaf\x93\x07\xdc\x9f\xcc\
%\x96\x1b\x91\x7fi\x22\xea\xf5\xcc\xfc\x93\x88\xf2I\xec\
'\xa27\x13\x91\xf5\xf1\x1e\x11\xd1qK\xe5\x01E\x22\
Z\xed\xc7\xcb\xe5\xa8\xfd\xed\xcc\x1c\x11\x19\xaf\xd4[S\
(\xd8\xe7\xef\xb3 Bb!0\x8d\x11Q\xf7\xb2\x14\
\x80\x98\xce`-\xc3C\xc4>\x22*$(0\xc6\xec\
H\xd0>\x8b\x00\xba\x96\x95\x00\xc83o\x8cy\xabg\
$a\x8e!M\x00\xf0\xf9\x14\x0a\xf6\x87\xbf\xaf\x18\x01\
 \xe2\xe3)\xc6\xd03v\x8a\xf3\xfb\xc0\x17\xec\xac\x83\
\x82\xe5)\x00\x9ar|W7\x80v\x82\x82/\xfbq\
\x11\xf7\x88\xf8\xc7\x94\xb0\xea\x09@y\xdfR\xeb\xc3{\
\xc1u\xc3\xd6,\x01(\xdf\xff\xba\x0e\xacC\x14\x0c\x12\
\xd1E\xc9\xcb[k\xdf3\x97\x00\xea\xac5\x89\x88%\
\x81\x0e\x9a\xd2\xc4\xb5\x0d\xb4O\xa1\xc7\x07\x80;\xfc\xf8\
\xc8';O\x05!pF\x14\xa8V\xab[\x01\xe0Q\
\xdf\xbe\xc1\xf7\x00\xe0\xd3\x88\xf8\x1d?\xcf\x16\x22\xda\xeb\
}\xcaUD\xb4\x1d\x00\x1e&\x226\xc5\x1d~\xcc\xc2\
!\x81\xfc\xe4\x88\xf8\xfb\x06\xda\x0f\xed\x9b\xdb\xe9b\xb1\
\xb86\x10\xdc\xae\xe0\xb9P\x00=\x09J\x00\xe0\xd8\xc4\
\xc4\xc4\xeb\xf9Yk\xed\xbb\x11\xf1\x0f\x88\xc8\xe3\xdb\x11\
\x91Qw\x17\x01\xdc`\x8cy\xc0\xff\xf6\xe38\x8eo\
4\xc6\xdc\x1e*i!\x98\xd7\xbe\xbf\xae\x81\xf6]\x03\
\x14\xd44\xc9\x0e\xf1\xe0\xc1\x83\x5c\xfez\xd6\x8f\xb5i\
\x01\x18c\xae\xf1)\xf2=D\xf4g\x22\xba\x8d\xc3,\
\x22\xf6\x02\xc0g\x99a\x22\xda\x1a\xbc\x13\xe7 \x8f#\
\xe2\x83^h\x0b\x97R\xd3Y\xed\xf3\x02\x7f\x9aC\xfb\
i\x14\xf0^\xbf+\x11 \x00\xdc\x10\x0a(\x85\x00\xd6\
x?\x11}\xb8T*u\x13\xd1}D\xf4\x1f6\x1d\
D\xfc-\x22\xfe\x8e\x88>\xe7\x95p\x1f\x22\xde\xedC\
q/\x22>\x11:\xdd\xf9f^\xfb\x17|o\x03\xe6\
\x93\x147M6U\xf7c\x04d\x89\xe8\x85z&`\
\x8cy\x9b1\xe6'\xc9\x9a\x08\xf0K\x9fN\xaf\x05\x80\
_Xk?\xc4\xce\x17\x11\x0fYk\xdfOD\x1fa\
\xa1 \xe2\xa3D\xf4\xae@Q\x0bS\xd8D\xc4'\xeb\
\x08\xa0\xc6\x08k\x16\x11_\x0c4?\x89\x02D\xe4|\
\xbf'@\xc1\xa7\x82\xe7\x1bF\x81%A4e\xfb\x1f\
\xa8\xc3|\xed\x1a\x11\x0f\xf81\xdfL\xc1;\xbc\xfe~\
2\x9fO\x95\xfb\xbc\x80\xfeW*\x95j\x08\x18\x1d\x1d\
}S\xb9\x5c\xbe\x95\x85U,\x16\xd7\xf80\xba\xda\xf7\
m\xe5r\xf9\xcaR\xa9\xc4\x88\xe8\x02\x80O\x12\xd1\xa5\
D\xb41)\xad\x9f/\x8fr\x0e\x01$\x13\x1f\x16B\
\x5c!\x84\xe0\xaaO\xe2i\xf9ZYk\xdf\x1eE\xd1\
\x93B\x885B\x88\xe7\x85\x10\xeb}-\x90\x9f\xad\x15\
D\x9cse\xa5\xd4\x16!\xc4K\x5c9\xe2tYk\
}\x8f\x10bD\x08q\xb9\x94\xf2\xa5\xb1\xb1\xb1\xf7\xe5\
r\xb9\xebs\xb9\xdc\xdf\x8c1[\xa4\x94\x03B\x88\x9c\
\xaf3p!E;\xe7\x0eDQ\xc4Y\xa6QJ\xb1\
\xd3\xe4\xa2\xcb#\xb9\x5c\xee\xc8+\xadJ\xa5I\xcd\xc2\
|\xc6\xbf\xec\x07\x85\x10\xdbS\xcc\xa3\x7fv_6\x9b\
=\xc4'L\x5c\xdcD\xc4\x1fx\xa1&\x95 \xbeF\
\xa5\xd4*\xe7\xdc\x1d<\x1f\xbf\xa8\xd6\x9a\xeb\x00\xc3B\
\x886?\x97pN\xf7K)\x9f\x06\x80\x17\xa5\x94'\
\x9cs\xc7\x94R'\x84\x10\xcf\x10\xd1\xa1\x8c\x94\xa7\xac\
\xb5\xa73\x99\xccsJ\xa9\xcd\xce\xb9\x83D\xf4\xd8\xc4\
\xc4\xc4X\xe0\xa4\xa7e\x85\x0d\xb2\xc6\xc9q4\x1br\
\xfc\x80\x0c\x22&\xa1+\x84?\x87A\xf4\xdba\x19\x9c\
\xf0t\x10\xd1@j\x93T\xbbF\xc4\x09\x1f\xaej\x8b\
\x02\xc0\x9d\xfe\xf7\xce\xd94t\xf8\xf0\xe1s\xf6\xec\xfe\
}\xf4y\x9b\x00\x9d\xd5>\x00\xc0\xc7\xb4\xd6?\xf7Z\
J&\xe4\xb26C\xafWk\xfdQ^HJ\x89\xc1\
3_\xd0Z\xff\xb0\xde3\x00\xf0\xa3(\x8a>\xc3B\
+\x95J\xeb;::\xd8t\xde\xc1p\xef\xef\xefo\
\xeb\xe9\xe9\xb9y||\xfc\xc1\xf6\xf6\xf6\xb70:\x10\
1\xd6Z_\x05\x00?\xe5\xb3\x05k\xad\xd3Z\xb39\
\xad\x8a\xa2\xa8mdd\xe4x>\x9f\xbf\xac\xbd\xbd}\
\xb4Z\xad\xaeSJ1\xaa0\x9b\xcd^j\xad\xe5\x90\
\x1a;\xe7^VJq\xa1\x86\x91\xd8a\xad\x1d\xc8d\
2\xecc\xe2\x5c.'g\x08\xc0'\x13\xc9\xe1\xc5\x11\
!\xc4\xd6\xc0\xa6kC\x18\xb1\xd6\xda\x1dQ\x14=\xcd\
\xf7\xbd\x00j\xcf\x0d\x0c\x0c\xe47l\xd8\xc0\xbe`c\
\xca\x17p\xb3B\x88mB\x88\xe3\x5cH\x05\x80/i\
\xad\x9f\x90R\x1e%\xa2k\x9cs\x9c\xe5\xfd])5\
\x94\xcdf7\xc5q\x0cJ)\x17EQ'\x22\x1e+\
\x97\xcb\xd9B\xa1p\x89\xd6z\x93R\xea\xa1\xc1\xc1\xc1\
\x17\xd6\xad[\xf7\x09\xad\xf5p\xa5R\xc9\xe6r\xb9\x0e\
)\xe5k\xa4\x94\xcfW*\x95\xa8P(\xf0\xf9\xc3j\
\xe7\xdcf\xa5\xd4)\xe7\x5c\xd19\xb7Zk\xcd>c\
\x97\x10\xe2\xb9z\x02\xa8i\x92\x88n\x14B<\x90\xd2\
$3\xc1\xcf\x94\xcf\x9c9sqWW\x17\x9f\xf7E\
\x81\xcd\xb30\x0c\xe7\xf0Z\xeb=\x0d\x90s\xbf\xd6\xfa\
\x166\x85\xe1\xe1\xe1\xb6\xee\xeen!\xa5\x1cg\xaf.\
\x84(Yk/\x89\xa2\xe8Yk\xede\xec<\xd9\xe1\
\xe5\xf3\xf9|\xa5RYc\xad\x1d*\x14\x0a\x17GQ\
\x94\x13B\xfccxxx\xac\xb3\xb3\x93\x0b\xb0\xa7\x11\
\xf1\xa2|>\xcf>%\x1bEQ1\x8ecRJ\xed\
RJ\x9d6\xc6\x1c\xd5Z\xbf\x0c\x00|\x22\xdd\x13E\
\x91\x8c\xa2(c\x8c)\xcd\xd0\xbe\xb7eNX\xfe\x95\
\xb2\xe5\xd0\xfeY{w\xcdb\x7f9D\xfcw=_\
\xc0\xd0\xabV\xabol\xc6\x0e\x8f7ZIa\xe6\x5c\
\x0f3oi\x90\xf5MK\x80\x10\xf1\x19D\xdcCD\
w\x03\xc0\x17\x89\x88\xe1]#\x00\xb8\xa9\xce\x1cIv\
\xf8\xb3p\xbd\xd4IR\xdaSO^\xef\xde\xbd{\x9a\
7\xf7\xcf\xcd\xf0\xec\xe9}A\xa3\x08@a\x14\x08~\
d\x87q\xbc\x81\xf6g\x08!E\xcc\xe0\x9d~>F\
\xd1\xd1\x06\x11\x81\xc7m[\xe8c\xb1s\xda \xd1\x94\
\xf6o{\x05\xda\x0f\xcb\xdb&h\x09\xa37\xf9\xb9>\
\x9e\x9e\xcboo\xb9\x7fx\xc9\x9c\x09\xd0\x94\xf6\xdb\x88\
\xe8\xbf\x0d\xb4\x0fs \x22DE\xad.\xc8[`D\
<R/\x8f`\x8a\xe3\xf8\x8a\xe4\x00u\xb1\x05\x90\xe1\
\x1e\x00no\xa0\xfd\x90\xf1\xea\x1cm\x82\x1d\x1d\xef\xef\
yNkmX\x08\x09\x85\xc9\xb4\xd7\xaf\xbfx\x02 \
o'\xfe\x9c.\xd9\xd1\x85\x0c\xd7\xae\x11\xf1W\xd6\xda\
\xeb\xfc\xe7.\x9bfi\x1b}kO\x1c\x17\x22\xfe\xa5\
\x8e\x10\x92\xfa\xe1\x95\x8b*\x04\x9a\xd2\xfeW\xea\xec\xe6\
\x12{\xdd{\x81\xb5\x84\xeb\x1b\xa1\x00\x11\x1f\x0b\xc76\
\x9d\x88H\x8d\x8e\x8e\xf2\xb6s\xa8A\xdc\xae\xb0f\x83\
\x02\xe7\xac\xe5\xe9 \xbcL\x86\xa9\x06\xa5\xf1It\x19\
c\xae^l!|5\xd0~\xe2\xe1\x93\x98}\xaf\x1f\
\x93\xb9@\x14\xecL\x15E\x935\xb8h\xb2\xdf\x8fm\
\xfe\x97\x22D\xb4\xdek\xbf\x1e\x95\xf9\xc3\xc6\x0b\x8d\xd7\
Aa\xe5@\x80\xaeid\xad}g8\xb6i\x84\x88\
\xdf\xe2\xc4\x84\xb7\xab\x88X\xf5\xad\xec\xfb\xef\xce\xc7K\
%\xa7\xc9\x5c\xf7C\xc4\xf1\x06k\xed\xef\xed\xed\xad\x9d\
\x0c\x89&\x92\x1c\x19\x19\xd9X(\x14\xf8`B\xe6\xf3\
g\xbfX\xabV\xab\x82\xaf\x0b\x85\xc2@R\xb0\x98\xaf\
\xefx\xca\xe5\xf2k\xa5\x94:Y#\xa18\x8eUg\
g\xe7\xc9\xf3\xa9\xea,\x1b\xa2\xa5p\xc4\x95&\xaa\xb3\
AHo8\xe6y\xbd\xbakq\xbe0\xdfk\xb5\xa8\
E-jQ\x8bZ\xd4\xa2\x16\x89Y\xe8\xff\xcdP+\
\x22\x17]\x04\xe5\x00\x00\x00\x00IEND\xaeB`\
\x82\
\x00\x00\x03\xe6\
\x89\
PNG\x0d\x0a\x1a\x0a\x00\x00\x00\x0dIHDR\x00\
\x00\x00 \x00\x00\x00 \x08\x06\x00\x00\x00szz\xf4\
\x00\x00\x03\xadIDATx\x9c\xedWM\x88\x5cE\
\x10\xae\xea\xee\xccL\xdchpU\xdc\xc4`\xd4\x18\xc4\
\xa0\x82\x88\x06\x11T\x22F\x0f\x8a \x88'A=\xe4\
\x12\xd0\x93? \x12s\x12o\x82'o\x11=\xedQ\
o*\xec*\x82?aE\xa3\x98 \xe8`\xd0\x88\x1b\
\x8d$\xee\xec{\xf3\xba\xab?\xa9\xb1\x1e\xbe\x1d\xd6I\
\x9c\x1d6\x97\x14\x0c=\xd3]\xdd\xf5\xd5W?\xddC\
tA\xce\xb3\xf08\x9b\x00x\xdb\x9b\x999O\x1e\xd6\
\x08\x010\x16\xe8\x89\x1a\x8f1\xee\x15\x91\x83\x00\xae\xb7\
y\xb7\x1e\xc6\x9d\x8d7\x03H\xf8G\x8e\x02\xe8(\xb0\
q\x99q\xe7`\xb8>\x5c\xc7\x10c\x9c&\x22\xcd\x01\
\xca9oY\x5c\x5c\x0c\xcc\x0cZO\x01\xf0\x14\x80\xb7\
\x01\xdc\xb3\xd6\x10\x84\x11F\x06\x94\xf6z\xbd\x99\xa9\xa9\
\xa9?TWD\x9e\xd59\x119CD\x9fz\xef\x7f\
\xaa\xd5i\xd2\x02\xf3JD\xe6\xcdc\x07\xe00V\xca\
q\x00\x1b\xd7\x92\x03\xa3\xea\x9c\xaa\xaa\xdam\x86\x8e4\
~G\x00\xa5\x8d\xa7\x01\x5cn{&\x0f\x00\xc0\xfb\x00\
\xb2\x81x\xdc\xe6>n0p\x0a\xc0e\x8d}n\xcd\
@\xf0\xaf\xf1\xbb\xcd\x88z\xaar\xcc\x0c\xeci\x00\xf8\
\x13\xc0\xf4\xdc\xdc\x5c\xa8\xf7\xd5g\x00h\xd9\xf7\xc1\xf8\
_\xc2\xab\x00p\xda^\x01\xcc\x11\xd1\xbd\xdawLO\
\x13\xf6\x09f~\x07\xc0\xe7Dt;\x11\x9d&\xa2\xad\
1\xc6'\xbd\xf7;\x00t\xbd\xf7:\xb7AD<3\
_\x03\xe0G\xef\xfd\xa1\x81\xb1U\xda\xb6\x1b\xf6\xde\x8c\
\xef1\xe3\xa2\x87\x99q\xe4\x9c\xb5\xfb\xe9\x9eW\x1a\xe0\
\xf5>\xd8\x0e\xe0/f\xbe?\xe7\xbc?\xe7\xbc\xcb{\
\xff\xb3sn\x133\xefZXX\xf0\xff7\xf3?\xb1\
\xd8'\x11\xf9\xde\x92M\x94\xf3\x94\xd2\xd3\xa6\xfb\x1d\x80\
\x0a\xc0\xc5eY\xdeh\xe1\xd9Y\x14\x852\xf10\x80\
\xbdUU\xdd\x01\xe0\xbeQU\xe2\x86\xbd\x8f1>\xe8\
\x9c\xbbK=\xd3\x8e\xe7\x9c{\x8c\x88\xde2\xdd\xec\xbd\
?0;;\xab\x1e\x1d4v\x14\xd7\xb6\x94\xd2#1\
\xc6+C\x08\xdb\x97\x97\x97O\x10\xd1If\xde<?\
?\xff\xd1\xb0\x935\xa0\x15\xa0\x1a\x0b\x9f\xd5\x99/\x22\
\x1f\xd8\xdaN\x11)\xeb; \xa5\xb4\xcf\xe6\xbf\x00p\
UQ\x14\xd7VUu\x9bz\x5cU\xd5\x9d\x004\xf6\
3\xfd~\xff\x96n\xb7\xdb\x19\xc5:7\xbcW\x8a\x1f\
\x22\xa2\xf7,\xf6\xda\xddv\x13\xd1\xd7\xba&\x22o:\
\xe7\xf6\x193\xbf\x12\xd1u)\xa5\x07B\x08_\xc5\x18\
\xb71\xf3EDt\x89\x88p\xcey\xb1\xd5jm\xf5\
\xde\x1f\xeb\xf7\xfb\xba\xb6\xc9{\xdfJ)\x15!\x846\
\x80^J\xa9\x0c!tj\x00\x83P\xe4\x9c\x0f;\xe7\
n5\xe3\x95z\xd4n\xb7\xbf1\x9d-D\xf4\x03\x11\
iYi\x08\x9ea\xe67\xac\xcc.\xad\x13\xb5(\x0a\
]s\xce\xb9\x8d\xedv\xfb\xb7^\xaf\xd7\xf6\xdew:\
\x9d\x8e\x1e8\xddj\xb5T\xefDY\x96::=x\
p\x1f\x00x\xd4j;Y\xed\xeb\xf8\xbb\x96\xa3\x88\x1c\
\x02\xb0\x19\xc0\xab\xa6\xa3l\xfd\xa2\x098\x89\xc6\xe34\
\x04\x22r\xc4b_7\x9ea9\xba\xb4\xb44c\xcd\
\xa7~\x0f<gglh&\xd6Y>+\x92\x90\xed\
\x00\xcd\xf4Y\x22JF\xe5\x87D\xf4\xa5a\xac\xf3A\
c\xfc\x12\x11\xbdHD/[.\x9c$\xa2\x1b\x88\xe8\
\x8c5\x9a\xf1nE\x00\x0b\x00\xfaF\xed\xbbg\xd1\xbd\
BDN\x99\xbe2\xf6\x82\xcd\x87q\x8d??D\xf5\
MF\x8ffk\x18\xfe\xe8\x9e\x94\xd2\x81\x86\xbe\x82\xb8\
z\xdc\x87I\x881&\xef\xfdk\xf6\xe4\xea\x86\x10\xbe\
\x1d\xc4\x86\xb9\xbf\x0a\xd8\xbay\xbc\x9es\xae\xabA\x1f\
*Z!\xc7\xc7b\xe0|?\xbb\xb9\xf1'c`_\
\x9b\xce9\x82l^0\xb2\xee\x0f\xd3\x0bB\x13\x92\xbf\
\x01g\xe0\xa5\xdd\xbc\x17\x17\xca\x00\x00\x00\x00IEN\
D\xaeB`\x82\
\x00\x006\xe8\
\x89\
PNG\x0d\x0a\x1a\x0a\x00\x00\x00\x0dIHDR\x00\
\x00\x01\x00\x00\x00\x01\x00\x08\x06\x00\x00\x00\x5cr\xa8f\
\x00\x006\xafIDATx\x9c\xed\x9d\x09\x98]E\
\x95\xf8\xef\xf2\xd6\xeeN:!\x9d\x85\x845\x80\xb2\x85\
a\x09\xa2\xe0\x02:*\x8a\x8c\x8c\x12\x86\xd1\x01\xd7A\
\x05\x1d\x04\x19q\xfe\xa0\x04\x04QA\x05eFYD\
q\x10\xc7(\xa3\xa2F@\x14F\x10A\x03\xb2\x84\x04\
\xb2\x10\x12\xd2\xddIw\xba\xfbmw\xab\xe5\xd6\xff;\
EU[y\xe9\xee\xbc\xd7\xdd\xef\xf6K\xbf\xf3\xfb\xbe\
\xa4\xfb\xf5}\xb7\xaa\xeeRU\xa7N\x9d\xc5\xb2\x10\x04\
A\x10\x04A\x10\x04A\x10\x04A\x10\x04A\x10\x04A\
\x10\x04A\x10\x04A\x10\x04A\x10\x04A\x10\x04A\x10\
\x04A\x10\x04A\x10\x04A\x10\x04A\x10\x04A\x10\x04\
A\x10\x04A\x10\x04A\x10\x04A\x10\x04A\x10\x04A\
\x10\x04A\x10\x04A\x10\x04A\x10\x04A\x10\x04A\x10\
\x04A\x10\x04A\x10\x04A\x10\x04A\x10\x04A\x10\x04\
A\x10\x04A\x10\x04A\x10\x04A\x10\x04A\x10\x04A\
\x10\x04A\x10\x04A\x10\xa4\x05\xb0\xa7\xba\x01\xc8\xf8\x11\
B\xc0\xf3\xd3\xffv:\x04\xffl\xdb\x86\x9f\x08\x82L\
'\x84\x10\x8e\x10\x22U\xc3\xf7R\xf0\xdddZ\x85 \
HC\xb9\xe2\x8a+\x1c\xb3C\x0b!\xdc\xbe\xbe\xbeC\
(\xa5\xa7\xf4\xf7\xf7\x9f\xde\xdb\xdb{\xba\x10\xe2M\x85\
Ba\xb1)\x15\xc0\xf7\x94\xb4\x80 \xc8\x9e\x08tb\
\xfd\xbb\xe7y'DQ\xf4u\xc6\xd8s\x8c\xb1HT\
\xc1\x18\x0b\x18cOEQtu\xa9T:L\x9f\xb7\
b\xc5\x8a\xe12\x10\x04\xd9\xc3:\xbf\xef\xfb\xfbq\xce\
\x7f\x18\xc7qu\x9f\xe7\xd0\xef\xd5\xcf\x9d\x0er\xce\xc3\
(\x8a\xfe\xb3\xa7\xa7g\xaeY\x16\x82 {\x00\xba\xc3\
z\x9ew\x06cl\x9b\xea\xd7\xd0\xc9\xe9H\x1d\xde8\
\xce\xd5w\xb4T\xb0\xa9T*\xbd\x1e\xcaz\xf0\xc1\x07\
w\xab?@\x10\xa4I:\xbf\x10\xe2cF\xe7\x1e\xee\
\xd45\xa2\x07\x0b\xa1\x96\x0bg\x9ae#\x08\xd2\x84\xe8\
\x0e\x1a\x04\xc1\xdb\x0d1\x1f\xfe\x8d\x17\xa6\x06\x01\xdf\xf3\
\xbc\xa5\xaa\x0e\xdc!@\x90&\xdd\xe6\xb3\xcb\xe5\xf2|\
%\xf6k\x91~\xa2\xe8A`]\x7f\x7f\xff\x0c]\xcf\
T_/\x82 #\xcc\xfe\x84\x90[\xc6)\xf6\x8f\x85\
,\xcb\xf7\xfd+\xcc\xba\x10\x04i\x02\xb4X^(\x14\
\x0e\xe6\x9cGc(\xfa\xc6\x05\xe7\x1c\xca\x8a9\xe7;\
\x8c\x9d\x01\x94\x02Z\x14\x5c\x036\xe93\xc9\xe7\xf3\xe7\
8\x8e\x93\xb1,+\x9eL\x93m\xc7q\xa0\xac\xd8q\
\x9c9]]]\xcb\xd4\x9fQ\x0ahQp\x00h>\
8\xfc\xe78\xce[\x85\x90\xa6\xfc\x8d\x98\x9d\xa5\xaf\x80\
eY\xa7\x1a\x9f\x91\x16\x04\x07\x80&\x02Dqp\xe0\
\xe9\xee\xee\xee\xb2,\xebP\xdb\xb6\x1b\xf5\x8c\xa0L(\
\xfc\xf0\xf3\xce;/m\xdb6,3p\x19\x80 \xcd\
\xb0\xfe\x17B\x1c%\x1aK\xac\xb7\x04}\xdf\xdf\xd7\xac\
\x1bi-\xf0\xa17\x17r\x16\x1e\x1c\x1clOB4\
w]\xd7\xc9\xe7\xf3\xb8\xfeoap\x00h.d\x87\
\xcf\xe5rL}n\xb4X>R,\x01\xa4\x85@\x9b\
\xf0&\xc4u]/\x8ec\xd0\xd47t\x80\x86m\xc6\
0\x0c\x83F\xd6\x8147(\x014\xa1\x04\xb0a\xc3\
\x86-q\x1co\x83\xdf\xc1\xf3\xafQ\xf5\x08!6v\
ttlW\xcaG\xd8nDZ\x0c\x94\x00\x9a\x08\xd8\
\x01\x00e\x9cm\xdb\x15\xc6\xd8\xd3\x96e\xed\xed8\x0e\
t\xcc\xc9^\xa7K\xdb\x828\x8e\x1fW\x83\x01\xbc\x07\
z\xd9\x81\xb4\x10(\x014\xe93\x89\xe3\xf8\x9e\x06\xae\
\xcf\xe56`\x1c\xc7?W\x9f\xd1\x0e\x00A\x9a\x01\x10\
\xc7\xe1\xdf\xd0\xd0\xd0,Ji\xef$:\x02\x99\x0eA\
`\x0a\xbcV\x08\x91\xd5\xf5M\xf5u#\x08\xb2\xab+\
\xf0'U\xa7%\x93\xed\x0c\x14E\xd1Yf]\x08\x82\
4\x0f0+\xbb\x10\xc3\x8f1\xf6\x90\xd9q'\x88\x1c\
H\x18c?\x81J\xb0\xf3#H\x93\xa2}\xf5w\xec\
\xd8\xb1\x0f\xa5t\xa3\xd9\x81'\xd2\xf9)\xa5\xab\x0a\x85\
\xc2lU>\xea\x80\x10\xa4Y\xd1\x1dT\x85\xfe^\xa7\
:\xb2\x8e\x05X\xcf\x9a_\x06\x02\xa1\x94\xfee\xc3\x86\
\x0d\xf3\xcc\xb2\x11\x04\xd93\x82\x82.$\x84\xfc\xc2\xe8\
\xd8:\xe8\xa7\x19\x0dX+\x0c\x99:6\x1cG\x80\x10\
\xf2\xbd\x1d;v\xccTeb\xe7G\x90=\x05\xb3\xc3\
FQt.\xc4\xfc\xafy\xfag\xec\x91J\xa5r\xda\
He!\x08n\xff\xec!\xe8\xad:0\x16\x82\xb0\xde\
K\x97.=9\x93\xc9\xbc\xc3q\x9c\xe3-\xcb:0\
\x95JI\x07\x22Ji\xd9\xb2\xac\x17\x85\x10\x8fq\xce\
\x7f\xd5\xd6\xd6\xf6G\xa3\xe3c\xbe@\x04\xd9\x93\x19I\
s\xbfz\xf5\xea\x0e!D\x17\xfc[\xb5jU\x9by\
\x0cb\x0a\xa0\xb6\x1f\x19\x0d\x94\x00\xf6\x5ci@\x07\xf5\
\xe0\xd5Y\x80\xd5l\xafg|\x19a\x08AF\x02\x07\
\x80i@\xb5%\x1f\xa6\x05G\x10\x04Av\x0bJ\x00\
\xa3\xdc\x97\xc9p\x91U1\xfd\x12'\x8ecs\x89\x10\
\xa3\xab/\x82$\xcc\x15W\x5c\xd14\xdbm\xca\xe1\xa7\
i\xda\x834\x0f(\x01\xecz?Dooo{g\
g\xe7\x85\xf9|\xfe\xdaz\xd7\xd3\xca\x9f?\x1e\x1a\x1a\
:&\x9b\xcd\xden\xdb6K\xf2>C(\xf1l6\
[!\x84l\xb3m\xfb\xcf\xb6m?\x98\xcdf\xff\xaa\
\x8e\xb9\xa8\x14D\x90Q\xd0\xdbe\xbe\xef\x9f\xa5\xac\xe7\
N2\xff^\xcfl\xbbn\xdd\xba,\xe7\xfc\x191\xf5\
p\xc6\xd8\x03\xbe\xef\xbfA\xb5\x0f\xf3\x01\x22\xc8h\x1d\
W\x08\x91\xa2\x94>\x09f\xb4\x84\x90\xfb\xd4\xb1\xba\xc4\
g=`T*\x95wAH/\xe5\x88\xc3xB\x18\
\xf6\xff\xd4L\x09\x16E\xd1\x97\x8ckE\xe9\x0fA4\
\xd0\xf1\xe1g\xb9\x5c~\xbf\xe9=W.\x97O\x1e\x8f\
\xdf\xbc\xf6\xb6\xa3\x94>\xa1\xca\x93\x0e9S\x84\xf6\x17\
\x00\xa9\xe6n\xdd6\x1c\x04\x10d\xd7\xd9\x7f\xb5r\xa2\
\x89T\x87\xf9\xfd8\xa5\x009\xa0x\x9ew&\x94\xa3\
f\xe6\xa9$\xd6\x83Z\x18\x867\xa96b0\x10\x04\
1\x22\xf0|\xb0j\xb6\x96\x9d6\x08\x827\x8fS\x17\
`\xaf^\xbd:\xc3\x18{\xa1\x01\xa1\xbd&4\x08x\
\x9e\xf7\x8f\xf5^\x13\x82L;tG\xdd\xbe}{\x07\
\xe7\xfc\xa5\xaa\x8e\xaa\xfd\xe8\x1f\x9a\x88.\x80\x10r\x9e\
Y\xdeT\xa2$\x91\x98R\xfa<(*\xd52\x00\xf5\
\x01Hk\xa2EuB\xc8'G\xe9\xa4\xf2s\xa5R\
y\xfbx\xa5\x80\xee\xee\xee6J\xe9\x8bM\x22\x05\x0c\
_\x13,O\xcc{\x80 -\x05tN0\xd8\xe9\xef\
\xef\x9f\xc1\x18\xdb<J\x07\xd5R\xc0#\x13\xd1\x05\x04\
Ap\x81Y\xde\x14#\x83\x85\x10B06 \xd2\xba\
\xe8\xd9<\x0c\xc3\x8b\xc6\xea\x9cZ\x81\x17\x86\xe1{\xcc\
\xf3\xea]b\x8c1\xc8$\x8d\xac\x1f\xa4\x92\x95+W\
fu;\x1bx\xab\x11\xa4\xb9\xd0\x1dS\xcd\xfe/\xef\
\xa6c\xca\x81A\x19\xf6\xa4\xc7+\x05\xecn\xa0I\x10\
i\x9c\xc09\x0f\x83 8@\xb5\x11M\x85[\x90V\
~\xe8`\x16+f\xcc\x98q\x9e\xeb\xba\xfb\xa8tY\
\xa3\xdd\x0f\x98\xf1\xb9\xe38K\x08!\xef\x05S\xdf:\
\xb5\xe70\xb0\xd8\x95J\xe5\xbb\x9c\xf3>U\xcf\x94\xe7\
\xe2\x83\xdc\xa3\xb9\x5cn\xaa\x9b\x81L!-9\x00(\
q\x97C\x90\xccT*u\xb1J\x8dU\x8b\x08,\x5c\
\xd7\xbd\x1c\xb6\xf6\xa0\x03\xd7*6+\x7f\x02\xa7\xab\xab\
\xab$\x84\xb8U\xfb\x1cL\xfcJ\x10db8\xad<\
\xfbwtt\xc0\xec\xbfp7\xb3\xff\xf09\xf0=\xd7\
u\x8fX\xbcx\xf1Y\xaaS\xd7,\x05,_\xbe\x1c\
\xa4n;\x8a\xa2\x9b8\xe7\x05\x1d\xb1g\xe2\x97\x82 \
H\xddk\xff\xcd\x9b7\xcff\x8c\xd5\x9b{O\xee\xa1\
3\xc6\xd6\xe8=\xf4z\x94g\x10\xcc\x13~FQ\xf4\
\x95I\xcc\xf63\x1et\xb8\xf0P\x08\x81:\x00\xa4u\
\xd0\x9d0\x0c\xc3\xff\x18\xa7BN~\xdf\xf7\xfd\x0f\x98\
\xe5\xd5\x99\xedg\x11H\x01F,\xff\xa4\xc1\x01\x00i\
=\xf4\x8c\xbdu\xeb\xd69\x8c\xb1m\xe3\xdc\x92\xd3R\
\xc0Z%\x05\xd4\xe5Tc\x98\x1d\x7fc\x0a\xa5\x00\x1c\
\x00\x90\x96\xd4\x01@\xb0\x0e1\x7f\xfe\xfcK]\xd7\x9d\
_\xe3\xda\x7f\x972\x94.\xe0\xd0\x85\x0b\x17\x9e\xa3\xc2\
m\xd5S\x06t@\x1b\x06\x808\x8e+J\x8f\x80\xba\
\x00\x04i$z\xa6\xf6<o\x91\x10b\xa2\xe2\xb7\x96\
\x02\xd6OD\x0a\xa0\x94~\x7f\x8a\xa4\x00\x94\x00\x90\x96\
\x93\x00 \xc8\xa7P\xdb~\x9d\xb0\x0d8\x01'\x18-\
\x05\x1c\xbch\xd1\xa2\xf3\xc6+\x05\x84ax]\x1c\xc7\
\x14\xa5\x00\x04i z\x86\xf6}\x7f_\xc6Xy\x92\
\x94oR\x0a\xe0\x9c\xf7\x0e\x0d\x0d\xcd\xaawG\xc0\xf0\
\x14\xbck\x0a\xac\x03Q\x02@ZJ\x02\x90\xb3\x7f:\
\x9d\xbe\xd8u\xdd\x8e\x09\xce\xfe;I\x01\x8e\xe3,h\
oo\xff\x986\xf6\xa9\xa7\x00\x180\x08!_\x89\xe3\
X\x07\x0eE]\x00\x92(\xd3~\x00P6\xee\xb1\xef\
\xfb\xfb9\x8e\xf3\x11\xa5\xf8\x9b\xac \x18\xb2\xd3\xba\xae\
{Q\xa1P\x98]\xa7u \x0cBNGG\xc7\xd3\
\x9c\xf3\x9f\xabg\x81i\xbc\x90DqZe\xf6w]\
\xf7\xdf\x1d\xc7\x99\xa1\x06\x80\xc9\xf2|\xd3R\xc0\xfc\x5c\
.w~\xbd\xd6\x81\x80Z\x9a|\x19<\x0e\xa1<\x08\
\xeb\x8d \xc8$\xae\xfd\x07\x07\x07\xf7g\x8cU\x1ad\
x\xa3u\x01\xdb\xc0\xbe`\x1c\xba\x009\x08\x13B\xee\
MP\x17\x80:\x00\xa4%$\x009\xfb\xb7\xb5\xb5\xc1\
\xbe\x7f\xfb$\xcf\xfe\x1a)\xba\x83\x14\xd0\xd5\xd5u\x01\
\xd4\xf7\xd0C\x0f\xb9\xe3HCv\x9d\xfe<\xc9\xedC\
\x90\xd6\x9d\xfd\x0b\x85\xc2b\xce\xb9\xdf`\xb3[\x1dg\
\xaf\xbfX,\x8e[\x0a`\x8c\xfd_BR\x00J\x00\
\xc8\xb4\x97\x00\xe4\xec\x9f\xcb\xe5.u\x1c'\x1f\xc7q\
#f\xff\x9d\xa4\x80T*\xd5\x95\xc9d>=\x0e]\
\x80l\x17\xa5T&\xee@)\x00A&\x00\xec\xb1+\
\xd7\xdb\xa3T|\x7f9C'0\xab\x82u\xe0@w\
wwW\xbd\x099\xb5\xc4\xc2\x18\xfbc\x02R\x00J\
\x00\xc8\xf4\x96\x00`\x16v\x1c\xe72\xcb\xb22u\x04\
\xfc\x98P\x95\xca:p\xaf\xae\xae\xae\xcb\x94\x14`\xd7\
+\xb1\x84ax\xadQ\x1e\x824\x94i7\x00\xe8\x0c\
\xb8\x95J\xe5h\xc7q\xde3N\x87\x9f\xf1\x22\x83|\
\xa4R\xa9\x8f\xa9X{0\xd3\xd6T7\xb4\x19\xbe{\
\xddu\xd7\xadd\x8c=\xa1\x06\x00\xb4\x0b@\x90z0\
Ll\xefN@\x94\x1e\x09\x1dF\xfc?\xcd\xf6\xd4\xd8\
v\x1d0\xe4\xdc\x06\xb7\x1d\x97\x00\xc8\xf4\x93\x00Tg\
\x8b=\xcf;\xceq\x9c3\x12\x9e\xfdw\x92\x02\x1c\xc7\
\xf9P\xa1P8\xa8\x1e)@\x07\x0f\xcdd2?\x8e\
\xe3\xf8\x85f\x09\x1e\x8aL_\xa6\xd5\x00\x00(\x9b\xff\
\xcb\x5c\xd7\xd51\xf7\x92^KK\xd1\x1dv\x1e\xda\xda\
\xda>[\x8f.@\xef\x1e\xd8\xb6\x1d\x11B\xc0.\x00\
\xfd\x03\x90\x86\xe2L\xb7\xd9\xbfP(\x1c\xef\xba\xee\xbb\
'\xd9\xe6\xbf^t\x00\xd1s\x8a\xc5\xe2!\xe3\x91\x02\
\xfa\xfb\xfb\xefb\x8cmlB)`\xb4\xc1l<\x03\
\xad=\xdes\x8d\x8c\xce:\x16\x83=\xc1\xf3[\x92i\
3\x00\x00\xca\xea\xefr\x07\x02\xdeO\xadg\x9d\xdc\x11\
\x00) \x9b\xcd~n\x1cR\x80\xb3\xdf~\xfb\x05\x8c\
\xb1\xeb\x9bP\x0a\x18\xad-Bu*\xd8\x82uww\
\xbd\xaa\xd3\x09\xf3\xdc\x9a*\x7f\xa5|\x19\xd9\x09\xe20\
\xa8\x7fB\x95\x91\x1a\xab\x1c\x9d\x02\x1e~\xaf>_\xbc\
r\xac\xe52%\xdb\xd3I\xf3\xefy\xdekr\xb9\xdc\
\x9f^\xe9\xffS>\xb8\xc9\x972\x8ecR\xa9T\x8e\
\x9a9s\xe6\x06\xb5\xd5\xb7\xdb\xd9\x5c\xbf\xc4\xdb\xb6m\
k\xeb\xea\xeaZ\x9dJ\xa5\xf6W\xe5M\xd65\xe9\x01\
)\xb2,\xebP\xdb\xb6_R\x9djR%\x8d\xd1\xca\
T\xa6\xcf\xa2\xde\xc1\xcd,opp\xb03\x8a\xa2\xd9\
\x84\x10\x18,}\xdb\xb6\xb7\x8dUo\xf5\xdf\xca\xe5\xf2\
\xfc\xc1\xc1\xc1\xf6L&\x13\xe7\xf3\xf9\xd2\xacY\xb3\x06\
\xe1\xef\xb6m[q\x1c\xeb\xf6M{\xa6UV\xd8T\
*\xb5\x5c\xcd\xfe\xac\x09\x06\x00-\x05\xe4\xf2\xf9\xfc\xe5\
\xb6m\x7f\xa0\x8e-A9\x9b\xed\xbd\xf7\xde^\x18\x86\
7\xa7R\xa9k\xa7r\x19\xa0;lq\xa8xW6\
\x9f\x05\xe3*f\xdb\xf6.\xd7\x92N\xa7\xbd8\x8e\xd7\
q\xce\x7f\x96\xcb\xe5~\xae2(\xed\xd4\x99V\xacX\
\xa1\x07\xeb\xab]\xd7=C\x0dBiJ\xe9E3f\
\xcc\xf8\x9d\x1e\xccGiC\x1c\x04\xc1\x9b\xd3\xe9\xf4\xa7\
,\xcb:\xc1\xb2,\x08\xc4\x02\xed\x08\x19c\x9bl\xdb\
\xfe\xcd\xe0\xe0\xe0M\xb6m\xf7\x98\x1d^\xff>00\
\xb0oGG\xc7\xbf\xba\xae\xfbN\xd7u\x0f\xcaf\xb3\
y\xc7q\xa0\xb7\x97\x19c\x7f\x8d\xa2\xe8\xd6\xf6\xf6\xf6\
\xbb\xd5\xfdo\x99A`\x8fF\x8bm\xc5b\xf1\xb5\x9c\
\xf3fH\xbci\x22\xdb\xc39\x8f\x8a\xc5\xe2\xabav\
\xa9u\x10\xd0\xfe\x04\xa5R\xa9\x0b\xd2\x89MrR\xd1\
\xba\xb6\x01\xb5D\x12\xf8\xc1s\xb5V\xc0\x18\x83\xce|\
\xb0y\xbe\xfe\x09\xfe\x12\x9c\xf3R\xd5\xf7\x7fj>\xcf\
\xaa\xfb \xc5s\xce\xf9\xb7vW/\xe7|\xab\xef\xfb\
o\xd2\xd7\xa4\xaf\x8bR\xfan\xb0\xd2\xac\xa1\xdd\xf7\x08\
!:\xea\xf5\xe7@\xa6\xd8\xec\x97\x10r\xbf~\x86\xa2\
\xb9\x90\xed!\x84\xacP\xed\xad\xc7<Xv\x86(\x8a\
\xae4\xcb\x9a\xaa\x01\xc0\xaf\xf8\x7f\x81>\xc6\x18\xa3\xbb\
I\xa4*\x83\x9cr\xce\xd7\x99\xe1\xd2\x0c;\x87s\xd4\
w\x89\xfa>\x0c\x92\xe5\xfe\xfe\xfe\x85\xd5m1\x02\xa8\
^\xa7\xce\xa1c\x04Q\x8dT'.\x85ax\x98.\
\xa3R\xa9\xfc\x9d\xbaV]\xe7+\xbf\x10\xe2SJ\xf5\
up}\x8cRzW\xbd\xcf\x0a\x99\x02\x8c\x97\xe3\x1d\
\xea\x85k\xa6\xd9_\x12\xc7\xaf$\xe2\x85_=\xcf;\
\xa1\x1e\xe3 \xad\xa1\xee\xed\xed\x9d\xc7\x18\x1b\x9cD\x8f\
\xc6\xf1\x0d\x00\x9e\xff\x84:\x0f\x06\x01640t\xc9\
\xb6m\xdb\xde\xb7m\xdb\xb6\xf7\x97J\xa5\x8fRJ!\
\xf9\xa9\xf6\xbb\x90\x1dN;8)\x05\x9d\xf6z\x04\xe9\
@\xa8\xce\x1f\x1b\x83\xe4'\xf5w\xcd\xfb\xe4\xfb\xfe\xeb\
\xd5}\xd4\x03\x06\x94\xfb}J\xe9\xa9B\x88\x93\xa3(\
\xfaW\xce\xf9\x1as\x10P\xf1\x15d\xbb9\xe7w\x18\
\xd7\x0b\xef\xc9\x0ba\x18\xbe{\xd3\xa6M\x07\x0c\x0c\x0c\
\x1c\x09\x03,c\x0c\xca\x86\x7f\x01H\x92\xa0O\xd2K\
\x96\x89\xbf\xa9HC\xd0\x1d\x84s\xfe\x88\xf9\x225!\
\xb2]\x8c\xb1_\xaav\xbb\xe3H'v\xcd$\x86\x10\
\x9f\xe8\x00\x10GQ\x14\xadY\xb3fN\xf5w\x83 \
8\xdfh'\x8c\x07\x1b7m\xda\x943\xc4\xffWA\
Z\xf2\xaa\x81L\xdf\x9f\xc7\xcd\xfa\xf4}b\x8c\xfd\xcc\
h\xaf\x88\xa2\xe8\xab\xbb\xb4\xd1\xf3\x16B\x80V\xd5\x89\
#Xv\x09!^\xad\xda\xf4\x84~?\xa0A\xc5b\
\xf1u\xd5\xe7SJ\x7fh\xde J\xe9r\xd5\x86i\
\xa5'\xabf\x8f\x15q\x94\xb2\x08F\xea\xd3\x1c\xc79\
\x09f\x88)\xdc\xf7\xaf\xc9.\xc0\xb6\xed\xd3|\xdf?\
Q\xd9\xfd\xd7\xd4\xd6\x93O>Y*\xd2\x8a\xc5\xa2N\
*\xda\x14\x89D@\x9f1c\xc6\x8c\xbd`\x80\x82l\
\xc9B\x884\x5cS\xa1P\xb8#\x8ecH\x81\x0e\x1d\
\xc7\xe1\x9c/p]w\x8eV\xa8\xe5\xf3\xf9\xb3\x1d\xc7\
\xc9\xaa\x1d\x92\x88R\xfa\x9cq\x7f\x8e\x8b\xa2\xe8X\xad\
\x04U\xf7i/\xb8\x0d\xaaZp\xec\xf2(\xa5\xdfP\
\x83\x7fZ\xfd\xcc\xda\xed\xed=\x8c\xb1\x87A\xa1\x08\xdf\
s\x1c'\x13\x86\xe1I\xea\xbc\x9d\xee\xb5V`\x0a!\
\x9c-[\xb6\xe4\x85\x10\xf0\xdd\xdb\x82 \xb8\xdb\xf7\xfd\
\x1f\x05A\xf0\xbfa\x18\x82%\xa6\xfcZ\x92\xf7\x15\xa9\
\x0d\xa9\x18\xba\xe2\x8a+\x1c\xc6\xd8c\xe6,\xd2\xc4h\
1w\xe5\x04t\x017N\x92\x140a\x09\x80\x10\x12\
\xbd\xfc\xf2\xcb\x87(\x1dLZ\x89\xf8)\x10\x99)\xa5\
\x1buEQ\x14\x05k\xd7\xae\xd5ud\x18c\xab\xf5\
1\xce\xf9\xeab\xb1x\x9a\xfa(\xd7\xdfQ\x14]\xaf\
\xbe\x0b\x83\x84U*\x95\xded^s\x14E\x0f\x8f\xa0\
'\x90\x92\xe0K/\xbdt\xec\x8e\x1d;.\xea\xef\xef\
\xbf\xa0\xaf\xaf\xef\xa2\x8d\x1b7\x1e\x05\xc79\xe7w\x1a\
\xd7\x0b\x92\xc6\xcb\x8c\xb1sA2\xc1\x0e\xb7\x07\xa2;\
D\x18\x86\xef2;\xd7\x1e\x00H\xa0q\xa9Tz\xbd\
y\x1d5\x5c\xaf|\xc1\xc30|\xd5$E7\x9a\x94\
%\xc0SO=5\xaf\xfa\xbb\xe5r\xf9-\xeay\xc8\
\xf5=c\xac\x1ffq(\x83Rz\xb2\xd1\xd9!\x82\
\xd2w\xe0\x1c\xc6\xd8\x16\xdd0\xc6\x18\xd8$\xb4\xeb\xf6\
\x08!\xce2\xda\x0a\xa2\xf9\x8f\xea\xb9w@\x14EG\
r\xceI\xb5\x12\x901\xb6\x96Rz}\x10\x04\xa7\xe8\
\xa5\x96\x1e\xc8P\x01\xd8\xc4\xe8\xed\x1d\xc6\xd8\x9f\xf5\xb3\
\x14{\x06Z\x0a\xb8O_\xc78\x14\x9e\xb7C\x19\x9c\
s6\x95\x03\x00\xa5\x94\xf8\xbe\x0f\xda\xfc\xbf\x17B\xbc\
-\x0c\xc3w\x84a\xf8y\xd5\xe1M\x8d\xfc/\xf5\xf9\
Q\x14\xfd\x97y\x0c\x06puM;\xfd\xbdR\xa9\xc8\
\xbf\x03\xc5b\xf1\x03F[\x81\xbbF\x1b\x00\xb4\xa5\x9f\
\xf1o8(\x8b\x10\xe2\x9fa\xa7A\x95\xc1u]\x1a\
p\xc1\xf6}\xff\xfd\xd5\xd7\x8c4\x19\xfa\xc1{\x9ew\
\x86~vb\xcf\x82\x83\xbe\xc2\xf7\xfd7\x98\xd7S\xab\
\x14P*\x95\x0eS\x0a\xae\x89H\x01\x13\x1a\x00j\xd8\
m\xd1\xb3l\x18E\xd1\xd1p.\xe4MP\x19\x99%\
\x8c\xd2m\x85B\x01$\x037\x08\x82\xb7\x9a\xe71\xc6\
\xe4\x96)044\xf4\x11\xa3\xadP\xf7\x98\x12\x80\xb1\
\xe58\xdc\x81\xf5w\xcb\xe5\xf2\x11\x9c\xf3_T\xb5\x9f\
\x98K*J\xe9\x8f\xbb\xbb\xbb\xdbZ\xddG\xa0\xe9g\
\x7fJ\xe9\xaa&\xd7\xfc\xefN\x0a\xf8\xbd\xbe\x9eq\xc4\
:\xf8\xef\x09\xea\x02\x1a=\x00\xc8u6\xa5\xf44}\
~\x14EZ\x94\x973/(\xf2\xcc:@\x19\xa8\xdb\
\x06FB;v\xec\xd8G\x9d{\xb6\xd1V\xe0\x87\xe6\
\xbd\xa8\xe1\x9eiC\x22P\x0eJ*\x95\xca\xb1Q\x14\
}Ip\xfeB\xd5s\xd1v\x00\xffS\xef\xb3A\x12\
@o\xc9\x94J\xa53\xcd\xce\xb4\x07\x22;\xd0\xd0\xd0\
\xd0)\xe3\x91\x02\xca\xe52\xaci\xe9\x04\xa4\x80\xc9\x18\
\x00b\x95e\x19\xac\xeb\xc0Fa \x08\x82\xe7\x19c\
\xf7\x86axa\xa9T\x9ak>3\xc6\xd8Ju\x8e\
\xecd\x9c\xf3G\x85\x100\x90\xfdH\x08q\x07\xe7|\
\x93j\x93<N\x08\xf94\x9cG)\xfdGs\xe0\x88\
\xa2\xe8\x97\xa3\xb5W\xdd\x1f\xd0\x1f\xb4\xa9\x9fcn\xe1\
m\xda\xb4)G)}\x1b\xe7\xfc>\xe3\xb9\xc8A\xd5\
\xf7}\xb9\x83\xd0\x8a\x0eBM\x0b<`\xa5e\xfe\xab\
\x9a)\x9a\xce\xf0\xa7F\xb41\xcb\xc3\xda\xbbm\x1cR\
\xc0\x8f' \x05L\x86\x0e \xea\xef\xef_*\x84\x80\
\x00\xa8\xf3\xe1\xe7\xb2e\xcb\xaa\xcdxe\x07\xf4}\x7f\
\x7f\xa5\xbc\xd4u\x8f6ps\xc3&\xe018\xb7P\
(\x1cl\x0cv\xf0\xf7Mj}\xef\xc2.\x90\xaa'\
\xad\x94\xa4W\x08!^\x16B\xac\x17Bl\xa9T*\
\xb0\xc3\xf0Z!\x04\x98\xf7\xfe\x04~2\xc6\xceQ\xdf\
\xcf\x9ame\x8c\xe9\x08R\xd2F\x81\x10\xf2\x05\xf3\x1a\
\x90)\xc6\xb0\x0a;{\x0f\x9f\xfd\x85\xd9\xfe0\x0c\xdf\
S\xa7\x14\x00\xf6\x0fp\x1fN\x9a\x80\x7f\xc0\xa4l\x03\
n\xdc\xb8q\xbf1\x14q\xc3\xa6\xbf\x84\x90\xcf\xd59\
X\xe9A\xe2X\xb5\xdc{F\xfd\x8d\x82\xfe$\x0c\xc3\
w\x1au\x0d\xaf\xd3\x19c\xf0\xbda\x08!\xaf\xf3<\
\xeft\xf3oQ\x14\xfd\xae\xaa\x9dm\xea\xf3\xa7\xd5W\
\x02\xb5\xcb\xf1\xd5V\x18\x00\xf6\x885\x8ez\xc8\xf0\x02\
\xe43\x99\xcc\xd5\x86;\xeb\x9e\x0e\x04\x10\xbdLu\xfe\
\x9a\x0cN\xc08&\x8ec\xa7\xad\xad\xed\x8fq\x1c\xff\
v*\x93\x8a\xa6R)9\xf3j\x7f\x0c\xed\xb1g\xdb\
6x\x0b\xc2\xf5p\x90\xd8\x1c\xc79K7\x1f\xfe\x8b\
\xe3\xf8\x1e\xcb\xb2\xbekY\xd6\xf7,\xcb\xba\xdd\xb2\xac\
\xef[\x96u[\x1c\xc7\x10\x0c\x15\xa0`\xbcC\x08y\
\x9f*\xef\x07:\xd2\x12\x94\x9bJ\xa5\xbe\x13\x04\xc1\xdb\
\x9ex\xe2\x09\x19w`\xfb\xf6\xed\x0b\xc0F\xc2u\xdd\
%0\xde\xbc\xb2\xf5\xcf\xb7\xa6\xd3\xe9'\x82 x\x12\
,\x0f\xd5\xdfI&\x93y}\x14E\x1f4\xda\xe9\x83\
22\x8e\xe33\x8d6\xda\xae\xeb\x0e\xbb\x17#S\x8c\
1\x93\x9cg\xce\x9e\xd3\x00y\x1dQ\x14-\xabW\x0a\
\x80\x9fA\x10\x9cl\xf8\x1a$.\x01l\xde\xbcy\xf1\
h\xe7\x1aK\x95\x13\x95\x97\xa6\x16\xed\xb7j\xd1\xbd\x1a\
\xbfX<\xd1\x94\x14\x18c\x1b\x94F\xbe\x83s\xbeV\
\x1d\x1b\xde\xbe\xe3\x9c?\xcf9\x7fZ\xf9I\xe8\xfb\xa9\
u\x08\x1f\xd7\xe5FQ\xf4\x0d\xe3\x5cy\xaf\x08!\x7f\
\x05e*!\xe4\x7f\xa0MF\xbd\xe0\xe7\xc0K\xa5\xd2\
\xe1\xbb\xbb/H\x02h-nooo;\xe7|\xc3\
$\xbb\xc5\x8eE\x12uHc\x19J\xe9S`\x88R\
\xcf\xd6\x93\x91T\xf4A\xa3\xacF\x0f\x00\xab\xf4:\x9d\
\x10\x12\xeef\x00\x90\x83\xb62\xdb\x85s<y\xad\x84\
\xdc\xa6\x9eiVG\x0f\xd2\xfb\xf6\xa0\x94\x830h\xaa\
}\xb2\xa3\x07Ap*\x94\x13E\xd1\x12\xc1\xf9\xcbF\
\xfb\xab\x97\x13\xc3\x9fA\x1a\x80s@\xfa\x80\xb6\x81\xa9\
2xc\xee\xe6\xd92\xfd\x8bV@b\xe7o\x02\x8c\
\xd9\xee\xfc)\x98\xfd\x1b\x9dM\xc8\x94\x02\xfe\x09\xaeS\
[\xa4\xd5z_\xca\xe52\x18\xe2\xd4;`\x8dk\x00\
\xf0*\xde\xf0\x1a\x9bR*F\x1b\x00\x0cg\x9eY\x94\
R\x88e0\x8c\xea\xd0r\xd9Pu\x8evz\xbaA\
6\xf0\x15\xc9\x06\xee\xcb\xddFy\x07\x80\xab.\xe7<\
\x18\xf1F2\xf6\x5c\x14E\x1f\xadj\xc3\xf0\x80J\x08\
9\x9f1\xa6\xbd\x06w\x01L\x93}\xdf?\xab\x95:\
\x7fS\xaf\xa3\xf5\xc3\xeb\xe9\xe9\xc9\xcf\x9f?\xff9\xd7\
u';4\xd6\x88\x80\x93J\x14E?\xca\xe7\xf3\x1f\
ld=\xaa.\x88\x1a\x04)\xc1\x9eK\xa5R\xc7\xa8\
\xc8?\xb0\x98\xde\xadN@\xbd\xa40c\xfd!\x93\xc9\
\x9cTG \xd4\xbaB\x82\xe9\xe88[\xb7n=:\
\x9b\xcd\x82s\x8e\x94\xc2\xfa\xfa\xfa\x1e?\xf2\xc8#\xc9\
h\xdf\xdf\xbe}{\x87\xe38\xe0V+\xf32B\x1f\
\x9d;w\xee\x9f`\xed=F\x1ds\xb2\xd9,\xf8\xef\
\xc3:\xdemK\xa7\xbd\xce\xae\xae\xc7\xcd\xf6A\xa0\xd5\
\xf6\xf6\xf6\xe3\x09!\x0b\x19c\xee\x8c\x193\x8a\x94\xd2\
5\xcf<\xf3\xcc\x9f\x96.]J\xab\xaf\xc5\x8c\xee\x03\
\xd2\xc0\xe2\xc5\x8b\x8f\xcb\xe7\xf3Gy\x9e7\x0b\x22\x02\
\xe5\xf3\xf9b\x10\x04\xcf\xaeY\xb3f\xd5H\xe7#S\
\x84\x9e\x15\x82 \xf8dB\xb3\xbf6\xd2\xf9\x0d\xd4K\
\x08y*!c#Y\xbe\xef\xfb\xff\x5c\x8f.@K\
\x0ba\x18\xd6k\x15\xb9G&\x061#\xfc\x8c\xf1\x9d\
Q\xef]-\xf7U\xe0\xbe\x7fs\xa0\xb5\xca0\x8b0\
\xc667z\xedo\x06\xee\xf0}\xff\x8d\xd0\x860\x0c\
\xdf\xab\x0e\xb3\x84t\x01k\x94kmM\xba\x00\xc3\xec\
5\x03\xca\xb0:\xee\xd1\xb8\x06\x00\x1d\x9a\xcb\x88\xfc[\
\xcbs\x1c\xfe~\x8d\x1dp8\xb2\xf0h6\x12#\xd8\
\xfcK\xbb\x80:\xee\x99;\xde\xf3\x91\xe4g\xffO\x19\
\x9d\xa4\x91h-\xf5\xaft\xfd\xa0\xad\xa6\x94&\xe5p\
\xa4\xa5\x80s\xcc\xeb\xaf\xf5>EQ\xf4\xfe:\xda\xb9\
GJ\x00{R;\x91\x09\xa0g\xb6\x1d;v\xcc\x04\
\x9b\xf2\x844\xff\xb0\xe6\x84h\xb5\xafUm\xc8T\xb9\
\x1c7\xbc~%\x05lPA)\xeb\x92\x02@r\xa0\
\x94\xae\xad\xd1B\xb2\xee\x01@\x1b\xf6T\xfdk\xaa\xce\
X-=\xa8\x9d\x15\x9c\xd5\xf7`\x7f\xff\x8b\x13\x9e\xfd\
\x7f\xa1\xea\x97\x9dO\xff\xa4\x94\xfe)\xe1v\x5c8\x9e\
\x1d\x81J\xa5\xf2\xc1\x1a\xdb9i\x12@\x92\x1dLu\
\xec\xfd\xf5\xe0\x8cL\xf3\xd9\x9fR\xda\x9d\xc0\xec/\xcb\
g\x8cE*z\xec\xf0\x16\x951\x10\xbd#I)\x80\
s\xbe\xb9\xbf\xbf\x7fF\xad\xa1\xa9\xf5\xf7\xd6\xad[\x97\
\xa5\x94\xae\xab\xe1\x9e\xd5<\x00\xe8\xfa\x9fz\xea\xa9\x03\
\x07w\x0c^^(\x14\xbeR(\x14\xae\xf7+\xfee\
Q\x14\x1dS\xbd\xe5f\xac\xafw\xd9\x1a\xd4\xc7F\x0a\
\xb4\xb9\x9b\xf3d\xb8\xb1\xf5\xeb\xd7\x1f\x0c\x11\x86 \xfd\
\x1b\x1c\xd3\xe5\x98\xf7I\x08\xf1aB\xc8\xaf\xa2(\xba\
\x17\x06R8W\x85c7S\x819\xe2\xc1W\xd6\xfd\
u\xbd\x9cH\xe31\x02_\x5c\x95\xd0\xac+\x0dH\xc2\
0\xfc\xfeHZ`#\x92\xed\xc3\x09\xefD|f\xa4\
\xf6\xd4\xa03\xf9x\x0d\xed\xacg\x00\x90\xf5\xf7\xf4\xf4\
H\x85\xa8\xe7y\xbf+\x95J\xf70\xca\xd6\x80\xe2\x14\
\xbc\xf5\xcc\xfaG\xbaw\xa3\x94k\xfa\xeb\xef4\xc8\x19\
A<v\xfa;\x84\x16\x83\xd5M\xb1X<\xa1j\x00\
pt\xf4_h\x13\xe7\xfc\xfbB\x88\xef\xc0\xa0\xce9\
_9\x96\x82O\xe0\x12\xa1y0\xdc]\xe7s\xce'\
3\x0c\xf6\xeef\xff\xa0\xaf\xaf\xefUf\x04\x99\x11\x12\
\x8fh\x93\xd6\xa4\xa4\x80\xad \x05\xd5+\x05@\x1c~\
\xce\xf9\xee$\xa7\xba\x07\x80\xfe\xfe\xfewGQD\xbf\
\xf6\xb5\xaf\xe5\xf51\xc6\xd8*\xc6\xd8\x1f\xcc\xefW*\
\x95w\xf6\xf7\xf7\x9f\xe7y\xdeR\xf8\x0c\xb3\xaf\xc2.\
\x14\x0a\xa7\x0e\x0c\x0c\x9cG\x08\x913\xb8I\xa9Tz\
#\x1c\x03_}}=\xeag\xbaT*\xbdgpp\
\xf0\xdc\xbe\xbe\xbe7\x84a\xc8 \x09\x8ca\xe9\xa7\x0d\
\xc5N\x91\x17\x14\x86\xef\xd0eFQ\xf4w\xca\x98H\
F\xfa\x11B@V\xa3c\xc20<t\xa0o\xe0_\
\xcb\xca\x1d\x1bi\xbe\xd9\xff\x9aI\x08{U\xf3\xecO\
\x08\xb9\xc5\xac\x7f\xb4vEQ\xf4+u^R\xed\xfa\
wU\x7f]\xba\x00\xc3\xfb\x8eM\xe2\x00p\x06!D\
\xdcv\xdbm3\xe03,7 \xf1\x07\xf8\xff\xc3g\
\xc8`\x04!\xda\xc0M8\x8a\x22\x19\x14\x94\x84\xe4s\
\xfa\xbb\x10\x0f\x00,\xf8\xc20\xd4\x01C\xb5\xb7\x1d\xb8\
\xf1\xde\xaa\xbc\xfc@\x01\x0a?/\x81c\xe0\x07\xc0\x18\
{\x10f}\x12\x11\x8850\x00v\xfa\xbd\xbd\xbd\xc3\
\x12\x80\x91C\xe0V\xc6X\x8f\xbe_ZO\x00m\xe2\
\x9c\xffV\xfd\xfd\xbfa\x10g\x8c\xbdH)\x95\xf1\x07\
\xc20\xd4\xf7\x18\x97\x03\xcd0\xfb\xf7\xf5\xf5\xed\xcd9\
\x1fJh\xf6\x87\x99\xd6\x0b\x82`\xf1H\xb3\xbf\xd16\
)B\x16\x0a\x85\xa5J\xc3\x9e\x88\x14\xc0\x18\xeb\x85$\
\x98\xf5J\x01\xe0\xdd\xc6\x18\xdb>\x86\x14P\xf7\x00\xd0\
\xdb\xdb+\xddj}\xdf\x7f\xacT,=\xc8\x18\xeb\x83\
\x0e988\xb8\xbf\x1a\xb4\xe1\xf8S\xa2X\x9c\xa3M\
z\xa3(*\xab2\xde\x00\xe7\x12Bd\xca.B\xc8\
%\xbe\xef\xaf\x87\xdf=\xcf\x93K\x8b0\x0c\xa5\xf3\x0d\
#\xe4\x13\xd0fP\x802\xc6\xa4\xf3\x17\x84\x0aWe\
~\x14>C\x1c\x82]$\x80(\x82\xd8\x83O\x9a\xa9\
\xc4\xd4\xef\xbf\x09\xc3\xf0)\xd5\x0eH\x5cR\x00\x09@\
\xb5\xf9\x87\xa0g\xd2\xf7\xcejA\x9ai\x1bG\xa6|\
\xee\xec\xec\xfc\xb4\xe38\xb3\x94\x8bk#\x1f\x8a,\x9f\
1\xf6\x83|>\xff\xa2\xaa\x7fD\xf3O\x95\xac\xd2\x99\
5k\xd6*\x88)\x97\x80\x0b.\x94\x1f\xbb\xae\xbb\xa0\
\xad\xad\xed\x13\xca\x8cu\xb73\x94\xfe\x1ed\xba\x8d\xe3\
\xf8\xa6\xc9L-\x9eJ\xa5\xa03\xc1\x8c\xfa\x07\xc6\xd9\
\x03\xb6mC\x12M\xab\xad\xad\xed\xbdp<\x9dN\xff\
\x12\xc2~\x91\x5c\xee\x12!\xc4\xcf\x5c\xd7}#t6\
\xe5\xf9\xb7\x91s>\xe08\xcem\x9c\xf3/EQt\
\x7f[[\xdb!p^[[\xdb\xbb\xe28.\xfb\xbe\
\xff\xc1b\xb1\xf8M?\x0cA\xbcwN<\xf1D\xc8\
\xd8s\x1c\xa5\xf4\xe9l6\xfb$\xd4\xb5~\xfd\xfa\xfb\
)\xa5V&\x93\xd9\xf5^\xc4q-\xfa\x866\xc7q\
^\xca\xe5r\xcf\xc3\x87J\xa9\xf24\xe7\x5c\x9eWO\
\x0a\xf7\xe9DS\x0c\x00j\xf6\xe1\x95Jeo\xd7u\
?\xa6^\xdaF\x8ad\xd2\x9f \x8ec\xc8f\xfb\x15\
\xf5\x82\xec\xae\xa3\x08\x95\x83\xf0\x8bq\x1c\xeb\xc1\xa9\x91\
I#d\xf9\xae\xeb^\xbce\xcb\x16m\x7f_\xcb\x0b\
\x0a3\xbe\x1d\x04\xc1\x7fA\xa7S\xcfx2\xda\x09Q\
\x98\xad[o\xbd\xf5\x8a\xbd\xf6\xda\xeb\x1a\xd7u?\x01\
\x1d:\x95JIQ\x1e\xd6\xee\xa9T\xeaI\xc7q\xc0\
\x8ar\x13\xac\x0a\xa0\xd3\xf6\xf6\xf6B\x00\x93\x9e\xee\xee\
n\xc8!\xb0\xd2\x12\xe2\xcc\xf6\xf6v\xe8x\xd2c\x0f\
r\x858\x8eC\x5c\xd7=\xc0\xb6\xed\x03 \x94W\xa9\
T\xfa\xafR\xa9\xd4\xc79\x077\xe0\x22\x5cO\x1c\xc7\
\x90($;\xca}\x82Aa\x1bcL' \x81k\
\x86za\x199;\x93\xc9\x14\x8d\xef\x0f\xef4\xd8\xb6\
=\x1c'\xb0Ui\x8a\x01\xe0\x95ga\x8bt:\xfd\
\x19\xd7u;\x13\x98\xfdc5\x00|/\x9f\xcf\xbf4\
\xd6\xeco4P\x9e\xd3\xd1\xd1\x01\xe1\xc8\xfeW\xcf\xd2\
\x0dl\xa3,?\x95J\xcd\xed\xea\xea:_\xd5_\xab\
\x14\xe0tvv\x0ePJ\xbf\xad\x03iLB{`\
\x00d[\xb7n\x1d\xfe\x03c,\xad\xcbN\xa5R\x1f\
\x8e\xe38H\xa7\xd3'\xd9\xb6}q\xc4\xa2\xff\x85\xce\
|\xcb-\xb7P\x08\xf3=\xbbs\xf6e\xe9t\xfaB\
7\x95z\x15c\xec\x22\xc7q\xfe\x0d\xce\x8b\xe3x3\
\xe7\xdc\xea\xec\xec<k\xe6\xcc\x99\xff\xd0\xd9\xd9y\xa6\
\xeb\xba_\x9c;wnO6\x9b\xdd\x96\xc9d\x8eZ\
\xbe|9\xbc\x1fl\xef\xbd\xf7\x86\x19\x9c\x13B\xcc\xfb\
.\x077\xc8\xe8\x93J\xa5\xf6\x0b\x82\xe0-*\xd0\x07\
\x09\x82\xe0 \xd7uOP\xcf\x0b\xea\x82\xef\xc21}\
>\x9f\xaa`*H\xd5\xda\xdf\xf3<\xf0\xec*5z\
\xed\xaf4\xf9`q7P\xa9T\x16@\xdd\xa3\x05\xa8\
\xa8Fy\x89\xc1Z\xf4(\x9d\xd56\x89\xb6B\xac}\
\x90\x8e\xc6\xd2S\x8crO\xf7\x810\xfb#\xdc\xd3\xf1\
l\x03\x9e\xa9\xc3r\x0b!n\x86t\xde\xea\xb3\x94\x00\
|\xdf?\x17>GQ\xf4\xf5 \x08t&_\x01:\
\x0cB\xc8kuV\xa4r\xb9\x0c\xa1\xb7\xd6\x80\xc5\xa3\
:\x0f\x0c{\x8a\xa0P\xacT*\x970\xc6\xee\x87\xf0\
\xe1`\xd9\x18\x86\xe1!\x82\xcb<\xa4\x7f\x80c\x9c\xf3\
\x17\xa1\x9c\xad[\xb7\xben\xa4m@B\xc8\x8f@q\
\x1c\x04\xc1\x17+\x95\xca\xff\x13B\x949\xe7\x8f?\xf5\
\xd4S\xed\xea{?\x17B\xc0\x80/)\x0e\x15\xaf\x0a\
\xc3\xd07.\xb7\xe5\x96\x00S\x8e\xa1a\xff\xbaz\xa1\
\x1a\xaaa\xd7\xe5\x07Ap\xe5xb\xbe\x19\x9a\xf6\xdb\
\x93\xd8\x11\xd0\xed\xe5\x9c\x7f\xdd\xac\xbf\xd6vRJ\xff\
S\x15E\xc79\x00\xc8\xbfC\x9a-\xcf\xf3\xee\x0c\x82\
\xe0\x1e\xdf\xf7\x7fM\x08\xf9)\xa4\xd7\xd2\x8650\x88\
\x12B.\x04\x7f{\xc6\xd8\xef\x09!\xff\xe6\x95\xcb\xdf\
\xdb\xb8q\xe3|8\x1f\xf2 \x10B~\x0dQ|\x08\
!?\x0c\x82\xe0`]\x07\x0c\xa8\x10\x99G\x1d\xfb\x85\
\x10B*\xf9\xd4yo\x82\xf2 h\x8a\xef\xfb\x97\x17\
\x8b\xc5\x9b\xb7o\xdf~\x10\x1c3\x82\x82J\xe5'|\
\x06\xad>\xa5\xf4IJ\xe9\xea(\x8a\xae\x06g2]\
V\x10\x04\x1f\xf3<Of+\x06z{{O+\x14\
\x0az)\x82$\x8d\x9e\xa9\xba\xbb\xbb\xf7c\x8c\x8d4\
SMz\x7fR3\xeav\xf0;\xafg\xf6\xafn3\
\xcc\x5c\x8c\xb1\xc9H\xd3\xb5;\xa4&\x1f\xd6\xc2\xbe\xef\
\xef[\xaf\x14\x00b\xf0\x08\xedL\xd4\x19h,\xdd\xc5\
x\x8fMV\xfd\xc8\x14b\x98\xda~3\xa1}\x7f\x1d\
\x89\xf7\xb2\x89D|5\xda}\x93Yn\x03\xd1\x891\
\xbfi\xd6_G;o3\xcb\x99\x803\x90\xe9\xa6\xbb\
\x8b\x0b\xad\xb1\xf56\xec6\x5cuL\x1f\xdf\xc9\xcd\xb7\
j\xdb\xae\xfa\x98\xfc\x5c\xe5\x8a<\xaaU\x9f6'6\
~7\xdb'\xcb\x18\xed3\x92 \xfa!At\x17\xce\
y\xa5\xd1\xebiso}\xf3\xe6\xcd\xb3k\xdd[\x1f\
\xab\xed\x03\x03\x03\xfb2\xc6\xcaI\xd9,\x80\x94\x04\xfb\
\xee\xf5J\x01\xc5b\x11\x92\x8a\xcax\xf7Umm\x0a\
w\xe0\x91\xd2yMv\xf9\x8d(w,P\xea\xd8\x0d\
z\xe4\xe5\x9c\xeb4WI\xcd\xfe\xd2:m\xa2#\xbf\
\xa1\xbb\xf8F\xc2R\xc0M\xe3\x94\x02\xee0\xca\x99\xd0\
\x000\x11W\xe0\x11$\x83\xf1\x963awd\xa1\x02\
\x8bL\xa4\x8c\x1a\xebi:\xd7\xe9)\xc5Hw}\xb8\
\x11\xaa\xb9\xe1\xb3?\xe7\xbc\xa7\x1e\xcb\xbaZ\xae\x01r\
\xd8%\xb1{aZ.\x0e\x0d\x0d\x1dX\x87\x14 E\
\xe6\xc1\xc1\xc1%:\xf2P\x92\x12@-a\xbc\x80g\
\x9eyf\xfe\xaaU\xab\xda\x1aP?\x5c\x7fv\x12\xca\
\xb1k\xbdG\xea\x9a!\xea1\xea\x1eF{(\xf0\x93\
\x10rW\x92k\x7f\xd0L\x9b\xf5O\xc2K\xa15\xed\
\xd7M0Yg]\xd7\x11\x86\xe1\xb7\xeb\x94\x02\xb4G\
\xe3=U\xed\x1c\xd7\x00\xc0\x18\xfb(!\xe45\xd5\xe7\
\x19ko\xb7Z\xc1\xaac\x1bx%\xef\xccR\xa9t\
\xa9\xeeP\x84\x90\xd73\xc6\xd6\xf9\xbe_\xa0\x94\xee\x80\
\xbc\x8f\xe6\xb5\xe9\xf2\x94\xd9\xafv\x10j+\x97\xcb_\
\x02\x07\xad\x11\xea\xd5\xba\x04\xed#\x00\xde\x91\xcf\x18\x9f\
\x87;\xf2\xd0\xd0\xd0\xb1\xb030B\xfb\x87u\x12\xfa\
\x1c\xe3;\xd5\x99\x87\xf5w\x87\xf5\x09B\x88\xb7\x08!\
^\xf4<o\x11|\xb7T*}\xa1T*\x9d1F\
[Gs\x9d\xae\xfe\xfb.\xe7\x8er\xdeX\xc7\x9cf\
\xf1\xf8[\xc2\x18\xa3I\xcd\xfe\xe0'_O\xbc\xbdz\
\xaeE\x08\x01\xfe\x0b\x85$\xbd\x17!g^=R\x00\
\xfc\xf4}\xffuU\x1e\x8d\xf5(\x01\xe5q\xd8U\x80\
\x13)\xa5\x7f\xa9\xf1<p\xec\xfa\xb2\xf1\xf9&\xc6\xd8\
\x1f\x8dA\xe9\x05\xce\xf9#B\x88\xc3(\xa5o\x07{\
\x07\xf5\xbd\x91:\x86\xde\xf6\x03\x1d\x0e\xc4\x89\xbc@}\
\xde\xc5\xa2O\xffM\x08q\xb9\x922\xf5\xe7\xe1\xc1a\
hhhy\x10\x04cF\x996\x96P\x87\x05A\xf0\
\xeb\x1bo\xbc1;F\xfbt\x1d\xefV\xf7W\xebk\
\x9e\x15B\xdc\xa0\x8e\x8d\xb9\xe4\x18\xed\x9aw\xc7(\xb1\
\x13\xed\xb1\xc2\xb6O\xf5\xec\x0f\x06%@\x22\xb3\x7f\x10\
\x04\x1f2\xeb\x9f\xec\xeb\x09\xc3\xf0\xf2\x84\xe3\x17\xdcZ\
\xcf\xf5\x18\xc62\xbfQ\xe5\xc4u\x0e\x00\xf2\xc5\xe5\x94\
~\x09\x96!\x9c\xf3\xb2v\xd2\xd1\x03\xe1\x96-[\x0e\
~\xec\xb1\xc7 \x90\xcb;\x85\x10\xaf\xea\xed\xed\x05\xff\
\xfd\xd5\x8c\xb1\xb5[\xb7n}5|o\xc7\x8e\x1d\x8b\
 \xa7\xa0\xfa\xfe\x12B\x88\x076 \x8f>\xfa(\x98\
;[\x9b7o>\xc8\xbc&pl\x12B\xbcW\x87\
j\xd3l\xda\xb4\xe9\xd0G\x1eyDz&\x02\x0f>\
\xf8`N\x08\x01\xe1\xdbN\xd7\x86?\xaam m\x14\
F\x19\x00>\xeb\xfb\xbe4\x97\x86\xb6\xf5\xf4\xf4\x1c\x06\
\xe7B6#\xe8\xc4\x1b7n\x04\xabT\xeb\xf9\xe7\x9f\
\xef\x1a\x1c\x1c\x94\x91\xa9{\xb6\xf4\x9c\x0a.\xd7\xfa~\
\x81\x82U\x08qV\x10\x04\x07\x1a\xe5\xbfK\x0d\xb2\xd2\
Qj\xc3\x86\x0d\x87\xc0\xb6\xb3n\x93\x8a5\xf9VJ\
\xe9\xc9\xd0\xee\x97_~\xf9\x10sb\x82TgB\x88\
e\x90\x05\xda(3\xd7\xdd\xdd}($O\x11B\x9c\
\x0aY\x8do\xbe\xf9\xe6\xe1k\x82\x9f\xd0vh7\xa5\
\xf4\x94\xea\x98\x0a\x85B\x01\x06\xcdeZr3\x8f%\
\x86\x16M\x86\x86\x86\x8eV\x19_\x93\xf0\xaa\x83\x10[\
\xc3\xd1v'\xdb\xdaK\x8b\x84\xf0\xb2PJ\xb7%\x15\
\xc1\x08\x5ckK\xa5\xd2a\xf5J\x01\xa5R\xe9\x0d\x86\
\xa4\x12\xd4\x1b\x13\x90s\xde\x1b\x86\xe1\x17\x18c\x8fS\
J\xbf\xa7\x8f=\xf8\xe0\x83\x1d\x9e\xe7m\x8e\xa2\x08\xee\
\x01\x04\xed\xb8\x08\xac\xfa\x04\x17\x14\x9eu\x18\x86\xd2\xfb\
O\x08q\xb7\xe7yO*W\xdf\xadjw\x83U*\
\x95\x1fB\xd2O\xc6\xe4\xf8)\x93\x8ez\x9ew\x06\xa5\
\xb4D\x08\x91n\xc0\xca\xfa0u\xcf=\xf7\xb4U*\
\x15\x7f``@&\x01\x81\x00!\x94\xd2-\x94\xd2\x0a\
\xa4,\x83\xecB \xa9\xa8\xfa\xc0\x22\xb04\xd2\x00P\
(\x14>\xe7{~I\xfd\x1d<(w\x80\x9b0\xa5\
\xb4\x07\xa4SHM&\x84\x98\xd1\xdf\xdf\x7f>\xa5\x14\
\x06K\x0f\xa4/J\xa9\x5c\xa6\x84a\xf8yx\x10\x84\
\x90~\xb8FB\xc8'TY:L\xbb\x1c\x00\xca\xe5\
\xf2K\x83\x83\x83\xd7\xc3\xef===s!\xc4\x1c\xa5\
\x14\xd2\xabm%\x84l&\x84\xf4BvemQ\x09\
\x81L(\xa5\xe0\xd0\x05\x0fZ\x9e\x07Y\x8e)\xa5\x84\
R\xba\x9e\x10\x22\x93\xad0\xc6\x1e\xd8\xb2eK^Y\
}\x1eO)\x85\xf2 G\x02\xdc\x03\x90\xaa\xe4\xa0\x03\
\x92\x15\xd8\x91PJ\xcb*\x88\xcb]F\x7fH\x0eC\
s\xfe\x93$\xd7\xfe\xbe\xef\xff\x8b\xaa\xbf!\x1a_C\
\xc4\xbe\xc4\xac\xb7\xd1\xd7\x05\x1db<bb\x14E\x0f\
\xa8r*5f\x06\xd2A7\xde\x0e'\x81\xef?\xa4\
\xcfb\x8cy0#\xc1\xb1\xfb\xee\xbb\x0ff\xce\xa2\xe0\
\xfcwa\x18\xbeZ\x053\x81\xb4\xe1\xf0\x22BL\xc5\
\x85\xaa\xac{\x08!k\xd4\xfd\xda7\x0c\xc3\x92\xe7y\
\xcb!\x8b\x90\x10B\x9a\x1b\xc3\x92\x0aB\xa2\x81\x01\x13\
\xe7\xfc\x070K\x12BNP\x92\x9c\xcc\xf9\x17\x86\xa1\
(\x14\x0a\xf2w\x885 \x84\x90Y\x7f!E9\xb8\
\x93SJoV\xf5]^\xe3\x000[\xe5\x15\xfc\x1d\
H\x1d\xc5W\x02\xc4@\x04\xa4\x0b@\xa1\x17\x04\xc1\x07\
\x83 \x88\x0b\x85\xc2k\xe0|\x1d\x80\x84R\xfa\xf7p\
>XA\xc2`\x00\x96\x87B\x88\xb7\x9b\x03\x80\xef\xfb\
=\x95RE\xdapDQ\xf45\x95}x\x09(=\
9\xe7?V\xf5\xe6@g\xa0\xe2\x15\x5c\xa4\xaeQg\
6>\x14\x96H\xea\xf7o\xc3\xe0\xa9\x83\xd5B\x96h\
0O\x87\x18\x07\x9c\xf3?\xac}%\x94\xdcb\x0a#\
\xd6+\xf650h\x978\xe72\xe6E\xb9\x5c>B\
\xbd;\xb2O$6\x02\xc0K\x04\x8e\x1c\x95J\xe5\xe8\
T*\x05\x0a\x11\xc8\x88\xd3H#\x0c\xe9<\xc39\x7f\
a\xcd\x9a5p\x93'\xcb)f\xc4\xba\xd4(\x0c6\
\xf2\xdd\x098\x0a\xb9\xca]\x18\xa2\xf4\x1c\x0b\xd9mj\
\x5c\x0a\xbc\x92\xe3\xcf\xf7\xb59l]\xcf?\x9dN\x7f\
\x9cs\xfe\xe8\xcc\x993AYw\xbbm\xdb\xa9\x85\x0b\
\x17\xc2z\xd7^\xb4h\x91\xcd9O\x0f\x16\x0a\xb7\xe5\
r\xb9\x17\xe6\xcc\x99\xe3\xdb\xb6\xbd\x1d\xaa\x83\xb1\x03<\
\x02U1\x90\x83A\xde\x9b\xb6\xb6\xb6\x97\xe1w\xdf\xf7\
\xfbl\xdb.\x18\x1e\x96^6\x9b=\xdau\xdd<!\
\xe4\xaaSN9%\xccd2\x8fo\xdd\xba\xf5\xb4\xbe\
\xbe\xbeU+W\xae\xcc\xc6q\xcc\xa0\xc3A9\xfd\xfd\
\xfd .\x7fA\x08\xf1\x85\x15+V\x5c\xee8\x8e\x97\
J\xa5f\xe9\xfaj\xbc<\xa1\x06\x89[\xc0\x9d\xbas\
\xde\xbcua\x18v\xc7q\xbc\xc0\xb6\xed\xc8\xf3<\x19\
7\xe0\xb9\xe7\x9e{\x09\x9c\x8dR\xa9\xd4{\xe28\x0e\
S\xa9\x14\x0cLW\xa6\xd3\xe9\x03\x1d\xc7q\xe6\xcd\x9b\
w\x04\xf4\xdd\xaa\xb2\xe3\xd8\x8a!\xe3\xb1\xe58\xce{\
\xc1\x8c:\x9b\xcd>\xbbt\xe9R\xdfq\x1c\x08C\x0f\
\x9e\x8e!c\xec\x14\xc8\x12\xe5\xba\xee\x5c(3\x9b\xcd\
Jq\xdd\xf3\xbc\xd7\xa9,Np-\xdf\x5c\xb4h\x91\
\xbfa\xc3\x86G\xa3(\x02)\x22_(\x14\xe6\xb8\xae\
{`\x1c\xc7\xd7\x1c6wn\xd9\xb6\xed\x17\xfbz\xfa\
\xde\xdc\xd3\xd3s\xb7\xef\xfbK\x1d\xc7\x99\xa1\xde\x91\xab\
:::@:\x81\xc1E\xfaS$*\x02@\xc5\x99\
L\xe6\x0a\xc7q`\x04nt\xea%Y>\xe7\xfcg\
\x90\xeeI\xbb\x876\xa2\x22\xed\x87?w\xee\x5cp>\
\xb9.\x01Wa}}\xf0\xe2\xc0\x8b_k;\xa5\xab\
\xf0\x0d7\xdc\xf0P\x1c\xc7OZ\x96\x95\x83Ym\xac\
s`\xbd\x0a\xe7\x95\xcb\xe5y\xb6m\xbf\xdd\xb6mX\
\xcb\xffy\xce\x9c9\xbfu\x1c'\xe3\xba\xee\x87\xe0\xfa\
\xbb\xbb\xbb\x85\xeaD\xb0Fu\xd6\xaf_\xaf5\xd1\xd2\
5w\xd5\xaaU\xc3\x8a:p\xed\x83\x9f+V\xac\xc8\
\xc0\xaf\xae\xeb\xca4\xe3\xfa0\x94C)m\xa3\x14V\
\x0f\xdcS\xfb\xe8\xd9}\xf7\xddw\xe5\xfe\xfb\xef\xbf\x8a\
\x10\x92\xb1\x84%\x5c\xcb\x95\xef\xef\x9c9s\xceko\
o\xff=\xe7\xfcm\xe5r\x19f]\x08[&;\xdc\
8\x9ec\x87a\x98d\xe94f\xe9t\x1a\x22\x0c\xd9\
\x0b\x17.\x84l\xc5v*\x95Z\x10\xc71\x81\x998\
\x0c\xc3\x7f\x08\xc3\xf0\xc40\x0cW\x86a\xd8\x07_\xaf\
.Z\xbf\x0f\xd0\x19\xa3(\xeaQ\x81N\xa1\x1f\x0c\xeb\
1\xc20\x9c\x11\xc71\x84Tz\x13\xcc\xfeQ\x14\x9d\
\x1a\x04\xc1\xbd\xbe\xef\x83\xe3TV\x95#\xc3\xc4\x81\x07\
4\xdcg\xd7u!\x931\x5c/\x87\x9d\x14\xb8\xcf\xf0\
\x0c\x16\xed\xbf\xe8\xe1\xc5\x8b\x17\xff_\xe4G\xf3^Q\
\xdd\xd0\xd7B;\xa30:\x93\x10\xf2@\x18\x86\x8f\xcb\
\xf6X\x09\x00\xb3\x13\xbcD\x85B\xe18\xd7u\xffA\
\xbf\xbc\x0d\xaeV^\x9b\xe38\xff\xa7\x9b\xd1\xe0\xfad\
\xe7*\x16\x8b\x10ufK\x02R\x80\x1cD]\xd7=\
\x9d\x10\xb2Tu\xeeZ\xa4\x00\xe7\xca+\xaf\x8c\x95f\
\xde\xce\xe7\xf3c\xde\x97\xe5\xcb\x97\xcb\xfb\x98N\xa7\xcf\
\x86\x8e\xec8\xcer\xcb\xb2\xee\xb2,\xeb\xce8\x8e\xbf\
a\xdb6\x88\xc2\x0b\x1e}\xf4\xd1\xc0\xb6d\x07\x8a\xc1\
\xdd\xf6\x90C\x0e\xd1\xf9\x0d\xc1\xed:R\x83\xb0\xa5\x8e\
\xcb\x99{hh\x08\x8es\xf579\x80\xa8\xcfnG\
GGo:\x9dv3\x99\xcc\x81\xca\xbd\x17B\x8d-\
\x07\xbd\x00!\x04\xa4\x0bK8BvN!\xc4\x17\x19\
c\xdfN\xa5R\xaf\x9f9s&\xb8%o\x86\x0e\xa2\
\xea\xd3e\x8e\x84\xa8:&\xdd\x83\xa1-\xf0\x0f$V\
\xc7q\xcc\xfb\xc3\x1fy\xe4\x91A8\x06\xf9*\xe0s\
>\x9f\x7f]>\x9f?&\x9f\xcf\xbff\xe3\xc6\x8d\xff\
\x94\xcf\xe7!\x16\x82\xec\x90\xc3\x95\x08\xd9Ny\x1f\xe3\
8~\xbe\xad\xad\x0d\x9e\x17U\x83K\xa0%\xb3\x193\
f@\xd0\x94\xf4\xda\xb5kO\xcb\xe7\xf3\xc7\xe6r\xb9\
\xe3\xd7\xad[w\xe6\xbcy\xf3\x1e\x86\x81\xc9l\x9f\xce\
d\x05\xf9\x13\xf7\xd9g\x9f!\xb8g\xed\xed\xed\x87\xc3\
}\x06i\x02\x12\xea\x04A\xf0\x91\xb6\x19m0x\xb8\
\x8c\xb1\x0b\xf2\xf9\xfc\xd1\xb9|\xee\x98\x5c.\xf7\xd6\xae\
\xae\xae\x1f\xc8\x97\xc1J\x90\xb6\xb6\xb6\xe5 &%\xd0\
\x19\xe5\x8b\x07\xca\xa5\xbe\xbe>\xed\xfe\xd9\xd0:\xf5\xcb\
>\x7f\xfe\xfcJ\x1c\xc7_MH\x0a\x10\xea~~^\
\x7f\xae\xa1\x9dr\xa0r]\xf7\xe7\x8c1\xd8\xca\xd3\xa2\
\xf2h\xc0\x9b\x96J\xa7\xd3\xa0\xdf\xb8\xdf\xb6\xed\x9bl\
\xdb\xbe\xc1\xb6\xedo\xdd}\xf7\xdd\xff\x0eR\x00c\xec\
\xd30\xa8ds\xd9v\xdb\xb6u\xc7\x93/5D\xfb\
\xb1,\xebx\xc6\x18\x0c @[\x1c\xc7R\xbb.\x1b\
,\xc4,#\xd0\x07\x9c\x0b\x83\xd8\xccL&\xf3,\xe7\
|\x95\xe38+\xa2(\xfa\x17\xce\xf9\xd7\x94\xf4\x18>\
\xf7\xdcs\x22\x97\xcfA\xb8o\xa9\x7f\xb0m\xfb\x05\xd7\
u\xcf`\x8c}\x98Rz\x9b\xe38\xc7\x18\xf7\x22;\
\xda5\xc6q\x9c\xb3-{\x96\xd1^\x18T\x87s\x0e\
\x08!:9\xe72\x08*\xc4:\xc8\xe5r\xee\xd9g\
\x9f}\xb12\xfe\xfa\x16\xb4\x1b\xd6\xddQ\x14\xfd3\xe7\
\xfc\xdb\x87\x1dv\xd8f\xd0W\xa8\xba\xe1:t\xe0\x91\
N[\xd8\xd2\xc8\xc9\xb6\xed[\x5c\xd7=\x89s\xfe\x95\
(\x8a>\xc49\xff\x02\xe8f!\x19L>\x9f\xbf\x0f\
\x06\xaf%K\x96\xfc%\x8a\xa2s8\xe7W-Y\xb2\
d\xbb\x0aa\x16\xa92\xe5\xc4\x09K\x85|>\x0fR\
V\xa7m\xdb\xb0+\xf3Sx6Q\x14}\x841v\
i.\x97\xfb\xa6m\xdb\x1d\xb9\x5c\x0e\xa27?\x9e\xcd\
f\xef\x17B\xc0N\xc6g@\xd9\x09\xf9$e9V\
B\xb3?\x04jH\xa7\xd3\xef\xaa#\x83\xedd@<\
\xcf\xabX\xc9\x01\x9d\xc5\x19\x18\x18\xf8>\xf8\xb7'\xa5\
\x0b\x80\xfb\xeay\xde\x090\xf3\xd6\xaa\x0b\x80\x19\x08f\
\xd4(\x8a\xaa\xd7\xab\xc3\xc0@\x01e\xfa\xbe?\xcfq\
\x9c\x17\xe38\xbe^\x07\xdc\x84\x7f\xcb\x96-\x83%\xfc\
\xb5\x8e\xe3\xccW\xee\xc0\xbfv]W\x0e\xb8O<\xf1\
\x84\xbc\xee \x08\x96s\xce7\x91\x90\xc8d'\x96e\
=fY\xd6\x03\xf0\xcb\xec\xd9\xb3a\xe6\xff\xa5\xeb\xba\
r\x87\xc0\xb2,\x886\xf2{\x90\x86a@\x051\xd8\
\xb6\xed?2\xc6\xae\x86m3B\xc8Y\xf9|\xfe\xde\
#\x8e8\x02\x94r\xf7\xda\xb6\xbdI\xd5\xf1>\xf0X\
&\x84\x5ci\xdb\xf6\x1c\xc6\xd8w\x19c\x83\xaa\xcc\x17\
,\xcb\x82u\xf6.AD\x1c\xc7y\xder,\x99\x0c\
F-\x19@\x91\xb8\xc5\xb8I+]\xd7}\x0e~\x9f\
5k\x16\xecz\xdcN\x08\xf9pGG\xc7Q0\xd3\
{\x9e\xf7fi\x97A\xd9\x97\xe38>N\x08q>\
\xe8+,\xcb\x1aP\xd7\xe1\xebr\x84-\x9eT\x81S\
\xee\xe0\x9c\x7f\x9cQ\x06\x0a\xcf\x7fs]\xf7y\xd5\x9e\
\x9cm\xdbEB\x08\x044\x81\x00\xa8_\xe4\x9c\xc3w\
.\xcdf\xb3\xeb\xd5\x00\x00e\x0e)\xcd~\x08\xa1\xd5\
\x1c\xc7\x91\xba\x09X\x8a9\x8es\x87\xe0\xe22\xce9\
\x0c,\x9f\xcc\xe5r7\xc2\xfb\xe8\xfb>H\xdd\xbf\x88\
\xa2\xe8\xb3\x94R\x081w\xeb\xd0\xd0\xd0o\x13\xd9\x06\
4b\xb6\xff>!\x0d9 \xe5#XC\xf6\xf6\xf6\
\x1e\x91\xa4\xb3\x8b\xd60\xfb\xbe\x7fvB\xd7\xab\xad\x1c\
uN\xc3$\x15\xbb-\xebd#\xc6\xd9\x0eB\xc8q\
0\xbb\xeb\xcf\xb0\xcb\x01\xa1\xdb\x94N\xa0)\xaem\xd2\
0\xb6\x8f\xde\xaa^\xd6F\xef\xfb\xef\xd21\xa2(z\
\x9f\xb9\xf5\x93\xc05\xcb}yP\xc6@@\xcb\x84\xd2\
\x8b\xc3Z0.\x95J'i\x93\xcfZ\xdbZ\xc7u\
\x8dhAi\xfe}\xa4\xefT\xff\xad\xdan\xa1\xea\xfc\
\xeacf\x96\xa6\x9d\xaek\x84z\xb5\xe1\xcb.f\xbc\
c\x04;\xb1Gk\xcbXm\x1b\xab\xde1\xca\x95\xae\
\xc9`\xfc\xa3l\x096@\xd6k\xb07\x80,\xd4f\
yc]\xf3\x18\xf7~\xac{5\xfcYeIJF\
\x02\xd7\x0d\xa6\x94&\x95Ug\xa4\xbd\xf2\xfbU[\x12\
\x19\x00v\xb2{\xf7\xbc3\x93\x94\x02 \x1d\x96y\xdf\
\x91\xe6B\xfc\xcd*\x0f\x8c\x8e> \x84\xf8X\xa1P\
Xl\x1e\x9b\x8e\xb3\xff\xdb\x12\xea\x04#\xc1A[\xea\
\xfb\xfe2\xd5\xa6LB7z\xd8\xa1\x84R\xfaDB\
\xd7/\xaf\x15\xa4-\xf3\xfe#\xcd\x85\x18E\x8a\xb2\xa6\
\x1bZ<\xa1\x94>\x92P\x07\x18\x09m\xf2Z\xa2\x94\
\xbe%I\xffl\xdd\x01=\xcf\xfb\xc7\x84\xae_K<\
\x8f\xd5\xea\x82\x8bL\x0d\x86g\xde\xf4\x8c\x13P\x9dU\
\xb7\x86|\xf5\x0dW\x08\xc2\xba\x0b\x02FB\xa8\xea\xea\
\xb6\xea\xf0V\xca\xe5\xf4o\x19d\xff\xe6\xed7\xee\xc8\
AP&\xd8\xcd'\xa4\x0b\xd0\xee\xc2\xb0\xdb\x82R\x00\
25h\xa7\x1bJ\xe9\xa3\xe6\x8b9\x85\x0c\xbb\xe8\xc2\
\xf6\x1c\x0c\x04\xa5R\xe9\xd0z\xaf\xa9\xde\x11\xdb\x88\x17\
pz\xc2R\xc0\x9fQ\x0a@j\xc1n\xd4\xbe\xbf\xe7\
y\xa7\xb7\xb5\xb5\xdd\xa3-\xbb&\xbb\x9e\xf14\xcd\xb4\
AP\x8eH\xcfZ\x96\xf5$!\xe4Y\xd7u_\xee\
\xef\xef\xef\xdeg\x9f}\xc09D\xa6\x89\x8a\xa2\x88?\
\xf0\xc0\x03\xfd\xed\xed\xed\xe5SN9EZ\x9diM\
j\x1c\xc7\xf2:\xebP\x84\xfe.\x9dN\x9f\x9c\xc0\xfd\
\x90\x09L\xa2(:#\x97\xcbA\x88\xed\x9a\xda\x89 \
\x93\x02\xbc\xf0\xca\xdf\xf9\xcf\x09\xcdz\xf5\xc2w\x13\xb9\
G'\xff\x84\x95\x0b\x0b\xc3\x10\x5c=_ \x84\xdc\x13\
\x86\xe1\x7fT*\x95\xbf\xab\xbe\xde\x1a\xddp_\xaf\xcd\
7\x1b|}2\xec\x17X\xf9\xe9%\x0d\xbe\xdaH\x22\
\x18\x8a\xaf3\x9a\xb4\xf3\x9b\xc4\xc6`@\x8dxyc\
\xc2\x18\x83\xe8B\x7f\x82m\x9c\xea\xeb\xde\xdd}\x89\xa2\
h\xa5.\xa6\xc1\xd7&\xcb\xf7<\xef=\xb5\xb4\x0fA\
&\x8c\xe1A\x05\xf6\xd1k\xd4\x8b8\x95\xca\xbf\xf1b\
\x86\xce\x86 \x9cz\xa0`\xd5\x92\x03\xecp\x98q\xe9\
F[R\x19\x03\xe3k\xabBr5\x0a9\x98A\x86\
\x9c\xa6\x88\x03\x87L\x7f\xb4\xa1\x8d2p\xd0/\xe1\xb4\
CEi\xd1\x03\x82P\x91`>\xa3\xee\xc1\xa8\xf1\x06\
\x8d\x90\x5c:0gR\xc1P\xfeI\xd5\x8fR\x00\xb2\
\x0b\x9323\xa8\x97\x1ef6\xf0\xbc\x82\xb8\xfb\xd36\
\xd7:(\x00\x95\x07\x1et(p\x17u\xd3\xe9\xf4\xf5\
A\x10\xdc\xa83\x08\x8f2\x08\xc8\xbfQJ\xafV\x01\
1\x92\xb8?\x90q\xf92\x95D\x13\xc6\x83i\xf9L\
\x90)\xc6X\xe3~$\xa1\xd9\xad\x99\x88UH'0\
\xc5\xbda\xac\xd9\xd6H\x86\x02\xa9\xb3\x93\x94\x02\xce\x1d\
\xab]\x082\xe1\xb5?\xc4\x86\x83\xf8\xee\x09\x04\xc5l\
V\xe4 \xe0y\xde\xa8\xb9\x07\xb4\x93J\x14E\xc70\
\xc6H\x82\xe9\xd06A,\xfdF\xa6\xdfBZw\x09\
 Cm-X\xb0\xe0_\x5c\xd7=D\xefC[\xad\
\x07\xe8@x.\x97\xbb\x1e\x12N\xa8\xc0\x1b;\xdd\x07\
\xb5\x1f\xefd\xb3\xd9\xbf2\xc6\xeeT\xf7\xa9\x91{\xf4\
2\x1e\x81\xeb\xba\x07PJ?\xa0\x83\x964\xb0>d\
\x0fc\xa2\xb9\xd5d\xa0M\x08M\x9cJ\xa5\xfec:\
\xaf\xfdk@^7\x84t\xea\xe8\xe8\xb8\x15\xc2.\xc3\
\xe7\x11f\x5c\xa1\xa4\x80k!\xca\x8cz\x06\x8d\x8c\x1c\
$#\x139\x8es\xe9\xea\xd5\xab;t\x00\xd3\x06\xd6\
\x87\xb4\xca\x00\xf0\xd0C\x0f\xc9\xd9\x7f\xce\x9c9\xe7\xa6\
R\xa9\xc5-<\xfbk@\xec\x87\x88\xb1\xc7\x1e|\xf0\
\xc1\xe7+\xa5\xe0NK\x01\xad(\xec\xec\xec\x5cO)\
\xfdA\x82R\xc0\xfe\x07\x1dt\x90\x0c\xe0\xd9$\x96\x99\
\xc8\x9e\x8c^O\xf6\xf6\xf6\xb6CL\xf2\x16^\xfb\x8f\
\x96\x88t\xebh\x89H\xf5v!$\xf9L25:\
\xe7\xfc\xa5\xb5k\xd7B\xdcx\xd4\x05 \x92\x89\xcc\xd6\
\x10.Z\xcc\x9c9\xf3C\x10\x93\x1cg\xff\xbf\xdd\x17\
\x95\xf3`QGG\xc7\xb9#\xcd\xb8Z\x0a\x98={\
\xf6&\xc6\xd8\x1dII\x01\x8e\xe3\xec\x7f\xe0\x81\x07~\
\x04\xa5\x00D3\xde\xdc\xecr]\x09\x99M\xb2\xd9\xec\
%-\xbe\xf6\x1f\x0d\x88\xa8\xf9Q\x15\x0f\x7f\xa4\xce\x0d\
33$\xd3\xf8j\x1c\xc7\x95\xa4t\x01\xae\xeb~\x06\
\xb2\xee\xe80\xe6\x0d\xac\x0f\x99\xc6\x12\x00\xcc\xfe\xf1\x91\
G\x1ey\x01\xac-q\xf6\xdf\x059\xe3\xbb\xae{\xd4\
\xe1\x87\x1f\x0e1\xe0\xc5\x08;\x02R\x0ahkk\x83\
\x18\xf6\xb7%%\x05\xa4R\xa9}\xda\xdb\xdb?\x8e;\
\x02\x88~)\xc6e\xf5\x07\xf9\xe1\xd2\xe9\xf4gq\xf6\
\x1f\x15H\xe0\x00\x83\xc0iF\x07\x1c\xe1v\x0a\xbb\xaf\
\xaf\xefZ\xce\xf9\x0e\x183\xc0\xd4\xb8\xd1R@&\x93\
\xb9HI\x01\xb8#\xd0\xe28\xe3]\xfb\xe7r\xb9\xf3\
\x1d\xc7\x81\x8c\xa6\xad\xae\xf9\x1f\x0d-^C\x0c\x00k\
\xa4\xd9]K\x01{\xef\xbdw\x1f!\xe4[\xf0'\xc8\
F\x93\xc0\x8e\xc0\xde\x9d\x9d\x9d\x17\xa3\x14\x80\xd4\xd5q\
\x95\x18\x0b\xb3\xff\x5c\xd7u?\x05\x7f\x8a\xe3x*:\
\xbfN\xe9\xc4tj\xa9&\xfc'\x03\x908\x8e\xf3\xea\
-[\xb6\xec\xa5\x96\x01#\xad\xb9c\x88\x9f\xb0c\xc7\
\x8e\x9b \xb9\xacN\xf6\xd1\xa8\x1b\xa7\x9e\x17\xe8\x02.\
\xaaT*{\xebd&\x8d\xaa\x0fin\xea\x0d\x95-\
3\xc5DQ\xf4)5\xfbKg\x18+\xf9\x8e\x9f\xda\
\x03\xf6\xb2e\xa7J\xa5R]\x0b\x16,\x80\x5c\xf5\x83\
#\xad\xf3\xd5\xc0\x00\xf6\x14\x83a\x18\xde\xe0\xba\xee\xb5\
\x8d\x1c\x00 \xa5\x94zn\x9d\xd9l\xf6B\xdb\xb6?\
\x87\x03@\xebROb\x08\xf9\xddm\xdb\xb6\xcd\x9d7\
o\xde\x1a\xc7q\xf6\xd29\xf8\xacd\x18\x0e\xa5\x05Y\
Y\x85\x10O@\xaaj\xcf\xf3\x9e\x9e={6\xa4b\
jF\x8d\xb6NI\xfe\xb0m\xdb\xb0\xdf\x0f\x03\xa8\x18\
\xed\xde\x0e\x0d\x0d\xcd\x9c9s\xe6Z\xd7u\x174\xf8\
\xde\xca6\xc4q\x5c\x1a\x1a\x1a:b\xce\x9c9=z\
poP}\xc84\xf2\xf8\xbbF\x19\x97\x8c\x15Vk\
2\xd1\xc19 \x00Gw\x14EW\xd5\x1b\xd0sO\
\x8a\xa7\xa0\x22\x17'\xe1)(\x9f_\x14E\xd7\xab\xfa\
\x9b]\xa2B\x1a@M\xb3\xa6\x12\x11\xc5\xf6\xed\xdb\xe7\
uuu\xc1\x0cefTm$\xda\xbf\x1e\xfc\xe8o\
\x1c\x18\x18\xb8f\xe1\xc2\x85\xfd\xaaMP\xb7~i\x1b\
\x9d\x85w\xa2\xe8\xf4\xd7\xa3\xa2\xa5\x80\x81\x81\x81\x19\xb3\
g\xcf~\x0e\x0c\x89\x12\x92\x02\xcaJ\x0a\x80$\x93(\
\x05 cf\xf9\xb96\xa1\xd9Ih\xb3b\xc6\xd8\xf6\
J\xa5rZ\x92I=\xa6\xfa>\x13B.LX\x0a\
\xf8\x86Y?\x82\xecb\xb7\x0e\x1ac\xc6X\xd1\x14\xc9\
\x13\xe8\xfc\xdd\xe5ry\x89j\xc7\xf4\xcb\x9eZ\x85N\
*\xb9n\xdd\xba,\xa5\xf4\xf9\x04\xfc+t\xdc\xc3\xd2\
\xc0\xc0\xc0\xbec%\xd2DZ\x14\x9d\xe82\x08\x82\xeb\
\x12Z\xfb\xcb\x97\x9e1V\xd2!\xb8\xa1\xf3[-\x82\
\xd6\x05T*\x95\xa4b+\xealB7\xa9\xfaQ\x0a\
@v\xf1Z;@\xcd\xfe\x8d\xf6Z\xdb)\xadw\xd2\
Y}\x9b\x81\xaa\xf4\xe2\xab\x93\x92\x02\x18c\xde\xe0\xe0\
\xe0~(\x05 #\xa5\xb6\xfa\xae\xd99\x1b\x88,\x9f\
\x10\xf2\x93V\xec\xfc\xd5\xf7\xdd\xf7\xfd\xf7%|\xdfo\
5\xebGZ\x18=\xfb\x87ax\x08\xe7<H`\xf6\
\x973\x1d\xe7<*\x16\x8b\xaf\x86\xbaU4\xdb\x96D\
\xe7\x22d\x8c=\x9d@b\xd1\xe1$)Q\x14\x1d\xa9\
\xb3\xd7N\xf5=@\x9ac\xf6\xff\x1e\xbc!*\x97^\
#\x91\xba\x05B\xc8\xedf\xfd\xad\x8aawq\x96\xba\
?\x89\xdc\x7fJ\xe9]f\xfdHk\xcf\xfe\x872\xc6\
\xa2\x84f\x7f\xd0F\x87a\x18\xbe\x0a\xd7\xa1;=\x07\
\x97s\x0e\x19~D\x12R\x00$:\x01\xe5+J\x01\
\xad\xc1h[>\xd2d\xd5u\xdd\xcf\xb9\xae\x9bI \
\xe0\x07\x98\xcb\xdaq\x1c\xdf\x99\xcb\xe5\xd6\xe9x\x03V\
\x8b\xf3\xd0C\x0f\xc1}\xe0\x94\xd2\xab\x12\xa8N\xbay\
;\x8e\x93\xcad2\x97\xed\xcep\x09\x99\xa6\xa8\x8c\xb2\
v\xa9T:<\xa9\xd9\x1f\xf2\xe5q\xce\xfd \x08\x0e\
\xc6\xd9\x7f\xd4\xf4\xe2\x0f5Z\x0a\xd0\xd9\x8bA\x0a\x18\
\x1a\x1a:\x06\xa5\x80\x16\xc4\xb0F\xbbS\xbd\x0d\x89h\
\xa0)\xa57\x9b\xf5#;?\x8fr\xb9\xfc\xe6\x04\xd3\
\x8b\x83.\xe6nU?\x1a\x06\xb5\xda\xda\x7f``\xe0\
\x08\xce\xb9\xcc\x5c\xa3^\xbaF\xefA\x17<\xcf[\x84\
\xb3\xff\xe8\xcf\x05~\x12B~kv\xd2\x06\x02R\x00\
\xabT*\xc7\xaa\xfaqP\x9e\xa68#\xad\xfdg\xcc\
\x98\xf1yHp\xa1\x9cX\xacF\xaf\xfd9\xe7\xdfi\
oo\x07g\x14\x5c\xfb\x8f\x8c|\x08\x8c\xb1\xabT\xc8\
\xb0F\x9bD\x0b\x95\xf4ty\x83\xebA\x9a\x05=\xca\
\x0f\x0e\x0e\x1e\x05k\xc0\x045\xff\x03\xdb\xb7o_\x00\
\xb3?D\xc6\x99\xea\xfb\xb0\x07H\x01\xf7&(\x05\xc4\
\x85B\xe1xU?J\x01-\xb2\xf6\xffi\x92\xfb\xce\
A\x10|\xd1\xf49@\xc6~>\xbe\xef\x9f\x08=3\
\x01]\x80\xb6\xcb\xf8\xb5\xaa\x1f\x07\xe7\x16\xe8\xfcoH\
B\xd1\x043\x8bZ\xfb\xef\x80\xf8\x82\x98\xa9\xa6\xe6\xe7\
$;!\xe7\xfcWII\x01\xf0\x1f\xa5\xf4\xad\xe6{\
\x82L\x1f\xf4\xa8.\xf7|\x1d\xc7\xb9\x5c\xad\xf9\x1b\xba\
\x07\xec8N\xac\xf6\xfd\xbf5s\xe6L\x08\xf0!s\
\x0c6\xb2\xce\xe9\x02<\x9f0\x0c\x97\xc7qLu\x98\
\xef\x06V7\xfc^$P\x172\xc5\xb3\xff\x1b\x13\xca\
\xef\xa7\xf3\xd4\xf5Cn\x01\x9c\xfd\xc7\xf7\xbc\xc20\xbc\
3!\xf7l\xf9>\x84a\xf8\x0e\xb3~dz`\xa6\
\xa3Z\x9e\xd0(/g\x7fJ\xe97g\xce\x9c\xb9C\
\xe7\x19hp\x9d\xd3\x09\xa1\x02\xb4\x5c\x13\xc7q\x94@\
J1Y\xb6\xeb\xba(\x05LW`\xed\xafFz\xa2\
\xd6\x95\x8d\xfa\x07\xb3\x15\x83\xf8\xf7\x85Ba/\x9c\xfd\
',\xb5\xdd\xaef\xe9P=\xbfF=7x/\xe2\
 \x08N\x85zQa;\x8d\x80\x87\x19E\xd1#\x22\
A\x08!\x97B\xdd(NN\xcc\x5c\xbbX,\x1e\xc2\
\x18\x83\xce\x99\x08a\x18>\xbbz\xf5\xea\x0c\xee\x08L\
\x1f\xe4\xd6\xdb\xc0\xc0\xc0\xd5\x8e\xe3d\x13\x10\xff\xc1\xcf\
\x9c=\xfc\xf0\xc3`\xd1&\x9dO\x1a\x5c\xdf\xb4\xe4\xac\
\xb3\xce\xd2\xc9E\xd6o\xdb\xb6\xedM\x96e\xcd\x07\x09\
\x00\xac\xb8\x1aX\xad\xcd\x18\xe3k\xd6\xac\xb1\x8e<\xf2\
H|n\x082\xd5L\xf7 \xa9H\xe3\xb1\xa7H\xb3\
\xbb\xdb8\xf9H\xed\xcb\x81e\xcb\x96%v\xbb\xc0=\
9\xb1\xca\x10\x04A\x10\x04A\x10\x04A\x10\x04A\x10\
\x04A\x10\x04A\x10\x04A\x10\x04A\x10\x04A\x10\x04\
A\x10\x04A\x10\x04A\x10\x04A\x10\x04A\x10\x04A\
\x10\x04A\x10\x04A\x10\x04A\x10\x04A\x10\x04A\x10\
\x04A\x10\x04A\x10\x04A\x10\x04A\x10\x04A\x10\x04\
A\x10\x04A\x10\x04A\x10\x04A\x10\x04A\x10\x04A\
\x10\x04A\x10\x04A\x10\x04A\x10\x04A\x10\x04A\x10\
\x04A\x10\x04A\x10\x04A\x10\x04A\x10\x04A\xacI\
\xe0\xff\x03\xf8:W\xcb\xfc\xeep\xb8\x00\x00\x00\x00I\
END\xaeB`\x82\
\x00\x00\x15\xaf\
\x89\
PNG\x0d\x0a\x1a\x0a\x00\x00\x00\x0dIHDR\x00\
\x00\x00\x80\x00\x00\x00\x80\x08\x06\x00\x00\x00\xc3>a\xcb\
\x00\x00\x15vIDATx\x9c\xed]\x0b\x94\x1c\xc5\
u\xad\xaa\xee\x99\xd9\xd5\x0e\x8b\xd0\xc7\x80d\xc0\x0e \
\x0eA|\x04\xc7@\xf8\x84\x18\xac`>v\x02\x04l\
\xe2\x98\x98\xc0A\x07\x8c\xf1\x87\x1c\xff\x90#0\x10\xcb\
\x0e\x06Lb\x1c\xdb$8\xe1O !>6\xc1\x22\
 \xc7\x1f0A\xf21\x18\x1bG\xb6%\xb3B\x08\xb1\
+\xedjgg\xba\xbb\xaa^U\xcek\xaaV\xa5Q\
\xcf\xa7G\xab\xfd\xd6=g\xb6g\xb6\xbb\xaa\xbb\xea\xbd\
z\xf5\xea\xbdW\xaf\x09\xf1\xf0\xf0\xf0\xf0\xf0\xf0\xf0\xf0\
\xf0\xf0\xf0\xf0\xf0\xf0\xf0\xf0\xf0\xf0\xf0\xf0\xf0\xf0\xf0\xf0\
\xf0\xf0\xf0\xf0\xf0\xf0\xf0\xf0\xf0\xf0\xf0\xf0\x98&\xa0d\
\x1aCkM\xdd6RJ\xd5\xc4>\x91\xc7\xb8\x11^\
k\x1d68\x17\x18\xc6\xf0\x98\x8e\x12\x00\x89K)\xd5\
\xe6'\x8d\xa2\xe8 )e\xb9\x5c.W(\xa5\xaf4\
\xb8\xcec:\xc0\x8e\xec\x97^z\xa9(\xa5\xfc$\x00\
\xbc\xa8\xb5\x8e\x94R\x1a\x00\x22\x00\xf8)\xe7\xfc\x9a\x87\
\x1f~8p\xaf\xf7\x98\x06\xd0Z3s\xdc\x1f\x00\x9e\
\xd1M\x00\x00Ok\xad\xe7\x9a\xa9\x22-\xe71\x85a\
\x09\xa9\xb5.\x02\xc0\xb3\x86\xce\x09\xd2Zk\xadP\x02\
\xe0\xd1\xfcN\x0c\x13<e\xf4\x01\xcf\x00S\x1dV\xe1\
\xe3\x9c\x7f\xc4!~3p\xfc#\xa5\xfcK\xb7\xbc\xc7\
\x14\x96\x00+V\xac`R\xca\x9f\x99Q.[0\x00\
\x9e\x07\x9c*Ly/\x05\xa6*,\xf1FFFp\
\xee\x1f1\x04Ne~\x13\xa4\xe7\x01``ppp\
\xf6LV\x08\xa7\x0d\xe7\x03@\x991V\xcaS\x861\
\xd65{\xf6\xecYd\x06c:0@\xba\x96\xa7\x94\
\x0e)\xa5jy\x0a*\xa5\xaa\x03\x03\x03\x95=\xf6d\
\x1e\xe3;\x0d\x98\xe5_;:\x80\xc0i\x00\x00\x9e0\
\xe5S\xbb\xc0L\xc4t\x90\x00\x88t\xfe\x96R\xfe\xbd\
i\x13\xb4\x90\x18\xf8\xa1B\x88;\xc7\xef\x11=\xc6E\
\x0aH)\xff\xcdY\xea\xa5\xda\xbec\x03\x90f\xf4k\
!\xc4\xb7\xdcr\x1e\xd3\xc4\x18\xb4n\xdd\xba\x92\x10\xe2\
\xfef\xf2\x1f\x00\xbei\x8d@z\x86j\xff\xd3\x12.\
1\x85\x10\xe7\x01\xc0c\x00\xf0;\xad\xf5V\x00\xd8\x00\
\x00\x8f\xc4q|\x96\xbdV{\xe2O=X\xc2\xb5\xf8\
\x8c\x8a\xf5\xbe\xbe\xben\xb4\xfbo\xd8\xb0\xa1\xcb\xa9\x03\
\xcf\xd3\x09k\x84\xc7\xae\x18k\xc7L\xd6\x08G\x93\xaf\
\xd6\xba\xe4G\xfe\x0eL\xbaQ\xd0\xccO\x8f\xa3x\xd5\
\xaaUp\xdcq\xc7\xb5U\xd7\xfa\xf5\xeb\xd3\xf6\x95\xcb\
e\xbaq\xe3F\xb5l\xd92\xe1\xdc\x87\xf9\x08\xa1I\
\xc0\x00f\xd4\xeb$I\x0ec\x8c\x9dQ,\x16\xbfZ\
O\x1cT\xd8(\xa5\x10\xc7\xf15A\x10\x5c\x8b~\x1f\
J)*qm\xdf\x07\xcbSJ_\xd3Z\x7f/\x08\
\x82;\xd1p\xa4=\x13L<\xac\x11\x06\x00\xee\xc0\xa5\
\x1b\xda\xe6\xeb\xc5\xb7\x9d\x1aj\xb5\xda\x01\x18\xe0\xa1w\
\x13\x00\xb0.I\x92c\xdc\xba=&\x86\xf8\xe92\xac\
Z\xad\xbeUk=\x98.\xde9_\x91\xe5\xa2\xb5\xbf\
\x85\x10\xb7\xd4\xf9\xfb\xf3|$\x00XW\xf0\xa6J\xa5\
\xf2\x16\xebI\xf4\x0c0\xb1\xa3\xff\xce\x1d\x83\x13\xb6\x0e\
\x0f\x0f\xcf\xcb\x92\x02\xf8\xbbV\xab\x1d\xa4\xb5\xae\x1a\xe3\
N+\xaf_#\xa4L \x84\xf8\xb2\xcb\x5c\x1e\xe3K\
\xfc\x94\xa0Q\x14\xbd]k]3#\xd4\x12\xe6o]\
\x06\xa9g\x18!\xc4\xd7\x0c!E\xa7\xb3\x80\xf1\x05\xac\
G\xc3\x91\xa9{\xc2\xf5\xa1\x19\x05\x87\x98\xdfp\x88i\
G\xf5p\xb5Z]P\xbf4t\x98\xe6\xf7\x00 \xde\
\x0d)`\xcbT\xb4\xd6\xfb\x99\xba=\x03\x8c#\xf1-\
!\x0f6J\x9d\xb5\xd7\x8f\x8ej\x00\xb8\xd5e\x94z\
\xc6\x01\x80{vC\x0ax\x06\x98$\xa3\xff\x9f2\x88\
hGu\xc5(\x87;I\x01\x0c\xe9\xc6\xff%Ir\
\x84\x992\xc0\x04}z\x06\x98J\xa3?\x8e\xe3\xc3\xb5\
\xd6q\xdd\xe8\xb7\xb0\x1e\xbb;Z\xe8\x02\x0fu(\x05\
\xbc\x04\x98(8\x22\xfc\x81&\xc4K\xdd\xb7\x00P5\
Z\x7f\xbd.\x90J\x01\xce\xf9q\xce\x12\xcf3\xc0d\
\x87%\x9c\xd6z\xb1!|\xd6\xe8\xdfI\x0a\x00\xc0]\
\xb6l}]x\x94R~\xc7\x5c\xdf*\x0a\xc8K\x80\
I4\xfaS\xd1\x0d\x00\xcd\x88f\x838\xe28\x8e\x0f\
\xcd\x92\x02x\xe4\x9c\x9f\xe8\x5c\xeb\x19`\xb2\x8f\xfe$\
I\x8e2\x84oGy\xb3\xba\xc0\xdd\xb6\x8e\x06\xb1\x80\
O\xe5\x94\x02^\x07\x18o8\x22\xfbQ\x97\xb8m\x10\
\x0au\x81d\xfb\xf6\xed\x875\x92\x02B\x883\xcc\xf5\
\xedJ\x01\xcf\x00\xe3\x09K(\xad\xf5\xf1\x1d(mV\
\x0a\xdc\xe7\xd6\x95\x11\x0b\xf8\xc3\x1cR\xc03\xc0\x04\xcd\
\xfd\x8f\xe7 \x92\x8b\xd4\x91\x93$\xc9\xd1F\x0a\x04\x19\
N\xa2s<\x03LB8\xca\xda\x1f\x989?\xef\x92\
m\x94ap\xfap\xeb\xac\xb3-\x04\x00\xb0\xd6\x8cn\
\xb9;\x12@\xbfY_X\xf7\x09\x1a\xe85a\x96\x19\
\xd99g?n\xfd)\x137\xab{\xda\xc0\x11\xd1O\
\xe4\x18\xa1Y@]\x00\x92$Y\xd2H\x0a\xc4q|\
A\x9b\xf7\xe8h\x0a\xd0uDl\xd5\xe6\xac\xf2\x8d\xca\
MK_\x843\xfaO\xb6D\xd4\x9d#\xd5\x05\xa4\x94\
\x8f\xb9ugH\x81\x97\x8c\xa7\x0f\xf22\x806\x84\xdb\
\xbau\xebb\x8c>\xe2\x9c_\x15E\xd1\xd5R\xcae\
\x9c\xf3?\xaco_\x92$\x17EQ\x84[\xd2\xd3\x0d\
\xa6\x18W`\xeb\xe0\x9c\x9f\x06\x007\x00\xc0\x17\xa4\x94\
\x17\xb9.g\xcc`\x92$\xc9\x85B\x88/\x02\xc0M\
B\x88\xa5\xf6\x19\xc84\xd5\xfc\xff\xbb\xcd\x91\xd9\x0a\xa9\
\x02\xc99?\xde\xad\xdf|O;\x18\xf7\xfc\xb7q\xaf\
F\x0c\x10\xe2\xf7j\xb5\xfa\xb1\xcc\x9b\x03<d\xdd\xc7\
\xc6\x8d\xfd\xe6\x8d\xa4\xfc\x88\xa9\xa3h\x8e_\xc8(\xfb\
$\x9e\xd7Z\x97\xb5\xd6?\xca\xa8\xde\x9a\xbd\xa7Gp\
\x8a\xb3D{\x97C\xbc\xddEJT\x00\xf8\x9e\xb9\x07\
\xcb\xda\x18\x82!_-\x8cCM\x19`dd\xe4r\
\x948\x9c\xf3\xbb\xb6m\xdbvt\x14EKM\xbe!\
\x8c]\xbc\x04\xaf\x95R~\xd6!\xee\xf3\xce\xc8O\xa5\
\x1d\x00\xfc\x16\xbf\xa3\xcf\x03\x00\xac\xb5\xf2\xea8\x8e\xcf\
6\xe7\x1f\x1f\x1e\x1e\x9e\x8f\x8a-nS7u\x1f\xeb\
\xf6\xddx\x80\x8d\xc3\xae\xdd\xeb\xdd\xdf\xbb\x09\xec\x18\xc5\
\x18\xfb\xe3Z\xadv*\x06\x8e\xda\xce2\x91\xc4l\xd1\
\xa2E\x18*\xf6w&\xe0\xb5\xd3{RBH(\xa5\
\xec\x9b3g\xce\x0b\xdd\xdd\xddO\x02\xc0?\x22?\x13\
B\x16\xe3\xbd(\xa5\x97\x12B\x86P\xf1$\x84\x1c'\
\x84H\x89\x17\x04\xc1\x85x_\x00\xf8J\xb1X\xfcq\
WW\xd7\xcbR\xcaOs\xce\xff\xabV\xaba\x7f\xa7\
\xfb\x13L@*+\x95J/\xd4j\xb5\xd3\xa2(\xba\
X\x08\xf1\x9a\xb9\xff\xd4\xcegh\x89\x12E\xd1\x99c\
8\xfaw\x92\x028\xad4\x90\x02\xf8\xe9\xd1Z\xf75\
\x91\x02\xad\xa6\x80+\xf0$\xe7\xfc\xebZ\xebC9\xe7\
'\x00\xc0\xff\x98\xfb~\x10\x03R\xcc(\xbeO\x08\xf1\
^\xf3=\x0d/\x03\x00k\xe8\xfaS\xa3\xe9\xa7\xd3\x82\
\xf3\x8cs\x00`\x8d)\x831\x8a\x8f\xa1\x94$\xd3\x09\
v\xe7\x8d\x94\xf2\x991\x9a\xfb\xeb\x91\x12\x15\x15\xad&\
\xba\xc0\xc7\x9a\xdc\xbb\x15\x03\x5c\xd9\xe0\xbehl* \
\xb1\xf1\x19\xe28>\x1f\xaf\x07\x80a\xad\xf5f\xac\x03\
\x00\x1e4\xd7\x9eg\xea,d\xf5\x91\x94\xf2Z\xa3\xb0\
\xbe\xd9 \x00\x0cs\x1bU\x22\xa7,,1p\x0f^\
\x13\x02\x8c\x95.\xf0}\xf7\x9e\xae\x14\xe8\xef\xef\xdf\x0b\
\x00^k \x05Z1\xc02S?\x8e\xfa\x1b\xa4\x94\
\x9f\x89\xe3\x18\x0dM\xc1\xe6\xcd\x9b{\x00\x00\x89\x8d\xc0\
}\x87/\xdb\x15\x0a\xce\xf9\xa8\xf5c\xd1$I\xd2\x04\
T\xa6\xee\xfd\xb5\xd6\x9f\x12B\xfc\x09\xe7\xfc$\xad\xf5\
\xfb\xad\xc6/\x848\xdd\xd4\x83:\xc0\x12s\xfd\xd4e\
\x02|x\x8c\xda1\x8aQ^\x06\xc8\x13\xda\x93\xd6+\
\x848\xab\x89\x14X\xde\xc0\xef\xd0J\x09\xbc\x0c\xcb\xc4\
q\xbc\xbc\xbe}HD\xc3P\xafk\xadQ1\xfc\x05\
\x00\xbcl\x96\x9e_\x8f\xa2\xe8\x8f\x0c\xf3\xfc\xa0R\xa9\
\xec\xab\xb5\xee\xb6A\xac\x00p\xb3\x10\xe2+\xe6{\x1a\
\xf8j\xee\x9d\x9a\xb1\x91\x19\xea\xdb2U5\xffv\x0d\
2c!\x05~\x92\xe1$J\xa5\xc0\xf6\xed\xdb\xe7\x1a\
\x0d\xbb>x\xb4\x95\x04\xb8\x1aO&Ir\x87\xb1\xd4\
u\x9b%\x1c\x8a\xe8\xa7\x8d.\x80J`\x0a\x0cc\x07\
\x80\xb4N\x0cc\xc3]\xc8\xce3V\xec\xaa`hh\
hN\x14Eo\x03\x80M\xe6\x7f}\x00\xd0o\xbe\xe3\
t\xd0;\xa5w-[c\x8c\x94\xf2\x856M\xb2.\
\x92\x06\xc4j\xc9\x04q\x1c\x9fk\xee\x9f\xe5#\xf8|\
\x83\xb8\xc3\x86\x86\xa0\xe1\xe1\xe1S9\xe7\xdf\x1a\x1e\x1e\
\xbe\xc0\xad\x17\x19!\x8e\xe3\x7f\x10\x9c\x7f\x13\x97p\xae\
E\x92s~-\xe7\xfc_\xab\xd5*F)1\xce\xf9\
\xc7\xa5\x94\xdf\xc5\xf5?\x1a{\xaa\xd5\xeaB\xe7\xd9\x0e\
\xd4Z\xdf\x88\x19K\x01\x00m$\x9f\xc7M*\xf69\
\xc8T\x84\xed\x08\xb4\x8e\xa5]\xdb>\xf1G\xed\xfcQ\
\x14\xe5u\xeb\xda\xb2\xcf7\x0a!G\x02\x1b%\xcde\
\xac1\xf5\x06\xea6\xcb\x1ai\xd2p~\x9f\xb2\xc4G\
`\xc3V\xaf^\x1d\x1a\x83I\x9e\xd1o5\xfaS\xb1\
\x1e'\xd5k.\x06\xc2\x84\x10\x19R\xc0z!o\xad\
\x93\x02\xb9\x19@\xef`(\x5c\xda\x15\xea\xee\xe3:\x8f\
\xeac\x17\xd3s\x19u\x15m=\x8d\x1cJS\x06\xb6\
\x81I\x92\x5c\xdc\x09\xf1\xa4\x94\x8f\x9bz0q\xd3\xd2\
\x0e\xea@\x05\xec\xe7\x19\x04H\x89\xb6u\xeb\xd6\x03\x0c\
\xb1\xad\x14h4\x05P\xfc>00p\xf8\xf0\xe0\xf0\
\x9fU\xab\xd5\x133\xdaJ\x9b8\x88R\xa6\xd8\xb2e\
K\xb9Z\xad\xbe\xc7>\x03\x1e\x85\x10\xe7\x1b\xe98\xa9\
4\xfc\xdd~\x18\xd3\x01\x0aM\xb0\xc5b\xf1z\x9b\x81\
\xab\xcd\xe2\x1439;\xdavP(\x14\x9eTJ=\
m\xac~\xcd\xb2}\xd5[\x07\x17\x03\xc0\x85u\xd6A\
\xb4\xa8\xb1\xb9s\xe7nTJ\xddg\x9e\x0bZ\xf5G\
W\xb1\xeb:E\x15\xb6\xe7\xaf\x90p\xc8Xh\xad\xc3\
y\x1a\xad\x80\xc8P\xb5Z\xed\x14c\xcd\xd3\xb5Z\xed\
ds\x0e\xa2(:\xa4\xa7\xa7\xe7B\xad\xf5Y\xf6\x19\
p5B\x089\x96R\xbaH)u\xbd\xd6\xbaKk\
}T\xb5Z=\x81L0\xc6bS$\xee\xdd\x97R\
\xca\x0f\x10B\x16\x99\x0en\xb9\x8cQJ\x01c\x0c\xc5\
\xdf\xbf\x97\xcb\xe5\x9f\x1a\xa2\xa5\xa6[\x00\xf8\x1c\xa5\xf4\
t\xcc\x14\xd1\xe63\xa4f_J\xe9\xf25k\xd6<\
\x82U8\x89&\xb4\x89E\xfcr\xa9T\xfa\x10!\xa4\
\xd8\x8aIY\xc0\x12FX\x17cl6\xda\x12\x00\xe0\
\xfcR\xa9t2\x08\x98\x9d$\xc9-a\x18~I)\
\xb5.\x8ec4\x17\xe3\xfe\x86#\x0a\x85\xc2,!\xc4\
=\x84\x90\xcb\xc30\xdc\xaa\x94\x1a\xf5\xfcQJ\x97\xa0\
\x89\x18\x99A\x08q\x17\xda\x01(\xa5\xe7\x15\x0a\x85~\
)\xe5!a\x18\xdegs \x90\xa9$\x01\xcc\xe8\x07\
\xcc\xdcA)\xfdl\x9e\xd1\xcf\x18K\xcb\x02\x00j\xe9\
i\x19\xec\x00\xec\x88b\xb1\xf8\x8cR\xea\x896r\xfe\
\xb9\xed@)\xf0\xfbG\x1ey\xe4\xfb\xcc\xc8\xdfI\x0a\
tuu\xfdZJ\xf9`\x1bR\x80h\xa2q\xd4\xf6\
\x13B~\xcd\x18{\x9b\x94\x12u\x87>\xd007\x8a\
\x22\xdc\xc8\xfa,\xa5t\x9bR*\x22\x84\x5c022\
\xb2\x9es> \xa5<\x97s\xfeP\xa1P\xb8F\x08\
1z\x0f\xe4\xc0\x9d\xaa'\x04\xd3\xda\xde\x93$\xc9\xed\
\x9c\xf3C\xcc\xff\xe9T\x9c\x02\x90k\xf5\x82\x05\x0b>\
\xc8\x18;\xd881\xda\xa9\x13;\x87)\xa5\x1eFg\
\x08~\xaf\xe7~\x14\x95y\xa7\x13\xbc>\x0c\xc3\xe5\xc6\
e\x8bS\x81-\x9bJ\x01\x00\xf8\x12\xda\x87ZJ(\
Mzzzz\xba\x8d\xe3\x06\x89u\x8eR*\xc0\x5c\
\xc4A\x10\x1c \xa5\xc4-i\x07\x05Ap\x1a\xa5\xf4\
\xd9r\xb9\xbc7\xa5\xf4EB\xc8\xaab\xb1x\x01\x8f\
\xf9\xa7\xc30\xec\xc5\xaa\x16/^\xcc\x09!/\x0a!\
\x96s\xce?E)\xdd\x80!\x07\x84\x90\xf9B\x889\
SV\xf9\xb3\xcb.\x1c\xfd\xb8\xcd:Gl\xfeh\xa4\
o\x1c\xc7\x8b\xb2\x92C9\xda\xfb\xa3\x1d*\x95W\x98\
z\xc2\x8c:\xad\x91\xa6\xa1\x12844\xf4\x8e(\x8a\
.\x8b\xe3\xf8\xbd\xd6\xf7\x8fuFQ\xf4nl\xaf\x10\
\xe2l\x13w\x80\x09\xa7z0`D\x08\xf1n\xbc\x16\
\x8fI\x92\x5cV\xa9T\x8ep\xebM\x92\xe4\x03I\x92\
\x5c\x8am5\x99N\x0e\xea\xeb\xeb\x9b\xd3\xdf\xdf\x7f\x98\
\xbd\x8eL\xd1\x974\x5c\x95\x93H6\xca\xf7\x9fM=\
\xbb\x8cFg\x03\xe8\x91\xce\x0e\xa2<\xfb\xfe7\x18\xeb\
\xdd(Q\x1d;\xc5\x12\xe7Y+y\xed\x00y\x08\xd5\
)Q'}\x02K\xc7\xed\x8a\xd1-\xafv0\xfac\
\xd4\x96\x9b\xa5\x86ks\x0fa3)pe#) \
\xa5\xfc\xb6\xb9v\xb0AP\xe8.\xdb\xd0\xcch\x0f\xed\
o\xb4y\x98\xef\x858\x8e\x0f3\x9a=5\xeb\xfb\xd4\
l\xec\xf4U\xea\x16v\xd2\xd4\xedD`kA\xad\x7f\
\xa5\x9dS6\xa8w-\xbbe\x9cg\xb4[\xef\xea\xcf\
\xd9\xdf\xae-\xa3s\x7f\x83\xe3l\xf9\x84\xdb\xe99F\
\xffW\xb3:\xba\xee\x1e\xac\xc3m\xe0V\x0a\xbc\xa2\xb5\
\x9e\xe5v\xb6\xb3\xa9\xd4\xc6(\x0e\xd73\x80\xc3$W\
\x0b!\xde\x93\xb1\xeeO\x97n\xb5Z\x0d\xa7\x00\x9c\xfe\
P\x91[\x81v\xfe\xba\xebp\xc5\xf0\xa1\x8cv\xdd\xae\
\xb5^\x80\xdfq\x19X\xa9T.\xae\xbf\x06\xa3\x90\xdc\
\xc4\x96\xa6\x1cz\x11?\x81KN\xf4(\x92\x89R\x02\
\xad\xe6?00\xd0K)\xfd\xeb\x1c\x8a\x1a^\x17(\
\xa5F8\xe7\xe82m\x1a\xb1c\xb5\xf7R\xa9\xf4\x0b\
)\xe5\xbd\xf8\x1d\x89\x9bcEp\xa0\x10\xe2\xf2\xba\x15\
\x01\x96\xa7\x18\xa9\xa3\x94BWr9cE\x80\x5c\x86\
\x9d\x7f\x11~P\xc9\xadT*K\x85\x10\xb7a8\x98\
R\xeaA\x0ct\x09\x82 \x89\xa2\xe8\x02\xa5\xd4\x99\x9c\
\xf3\xe7f\xcd\x9a\x85\x1b^\xe7\xe0u\x18\x01488\
\xd8\x1b\xc7\xb8\xfb]\xef\x8b\x0c\xc29G\xcf\xe4^\x84\
\x10\x0c Mc\x04\xa8\xa2\xe8\x13x;\x12\x14\x84\xb8\
Mk\xbd\xfc\x8d7\xdeX\xd4\xd3\xd3\xf3\xe0\xc2\x85\x0b\
/\xc1\xb7\xa0\x08!\xd0\x83x\x8e\xe9cd\xaaR\xb5\
Z\x8d8\xe7\xef\x10B\xdc\x1e\xc7\xf1'Q\x0a\xa1\x97\
\x12}\x0eZ\xeb\x85\xe8!\x15B\xdc*\xa5\xbc\x0e\x07\
\x00\xba\xb213\xba\x10\xe2\x9dZ\xeb\xbd\xd1?\x82:\
\x0dJ\x14\xd6\xa9\xe6\xdf\xdb\xdb\xbb\x8c1\xb6\xbf\xd5\xe8\
\xdb(\x97v\xbeR\xea\xae\x9e\x9e\x9eW\x8d\xe6\xdf*\
\xf4\x09;\x10\x8d\x0c7\xa1\xbd\xc8,\x1d\xdb\x09\xf3J\
\xaf\x0b\x82\xe03\xdb\xb6m\xdb\xdb\xda\x05\x9cs\xa8\xbb\
\xdcl\x9f\xc9\xb9Y\xda6)\xe5\x99\x84\x90\xa7\x08!\
8E,\x08\x82\xe0$\x00x]\x08\xf1$c\x0c\xb5\
\xfdu\x8c1T\x04_I\x92du\xa9T\xea.\x14\
\x0ag\x08!>L)]\xc39\xff\x1d!\xe4\x18J\
)\xa6\xa2\x9b\x1f\x04\xb8\x80`hU<\x83\x10\xd2\x1f\
\xc7\xb1\x9d\x1e$\x01\xd2_(\x14\x96\xb20|\x99s\
\xde\xd3\xdb\xdb{(:\x88\x84\x10kK\xa5\xd2J\xc6\
X\xc8\x18\xbb\x86\x10r4!\xe4\x8d \x08\x16\x15X\
\x01\xebF\xdd\xeb\xdeR\xa9t|\x92$gSJq\
\xca\xebE\xa3S\x18\x86\xe7\x86a\xf8\x9c\x10b\x1e\xe7\
\xfc\xc2 \x08\xce\x0f\xc3\xf0\xee8\x8e\x17J)\xafg\
\x8c\xedK\x08\xb98I\x92sX'\xa3\x1f\xdd\x96&\
ac\x1a\x87\xd7fq;\x1f\xdd\xdf\xae\x82c\xa5@\
ww\xf7z\xa5\xd4\xbft`\x17\xd8\xaf\x5c._i\
\x0cB\xa3R\x00\xef\xbfr\xe5\xca\xa7\x95R\xab\xcd\x88\
\xac\xc7yA\x10\xcc\x0b\xc3p?\xb4\x04\x02\xc0`\xad\
V{\xa6\x5c.oFF\xec\xea\xea\xc2\xd8\xbd`d\
dd\x1b\x00l\x0f\xc3p\xb3a\xd6\xd9R\xca\xb5\xdd\
\xdd\xdd\xab\xc20\x1c\xa2\x14g\x1b\x8eS\x18J\x15|\
k)\xbe\x9e\xa6\xd4\xd5\xd5e\xed\x1e\xa1f\x1a\x97\x9b\
\x09!\xe4\xd9$I6\x18\x9b\xc3P\x92$\x03\x8c\xb1\
\xf9\x9c\xf3W\x93$\xb9\x1f\x00\x86\x08!\x18\x8c\x22)\
\xa3\xe9kn\x8a\xc5\xe2\x1aB\xc8o(\xa5\xf3\x01\x00\
\xa7\xcb\x9f$I\xf2\x1d\xd3G?L\x92\xe4\xb7(\x81\
0\xc4\x81R\xfa\xbcR\xea\x7f\x89&\xfb+\xa5\xfa\x85\
\x10\xf7V*\x95\x97\xf3J\x80\xd4\xf4\x09\x00\x1f5\x5c\
\xd4\xee\xba?\x9d&0\xe1\xc3\xe0\xe0\xe0FC\x90v\
\x03\x1f\xad\x14X\x89\xd3\xa6\xb9_\x1e)\xf0q\xf3b\
\xa8\x9d\xa4\xc0\x0d7\xdc\x80z\xc2\x8d(\x0c\xec\xff\x90\
9\x8c[v\x1b\xa5\x14C\xbd\xaf\x08\x82`>cL\
\x85a\x98\xda\x15\x14\xa8\xa8V\xab\x9d\x8b\x91@==\
=h\xcd|\xc3\xd4\xd1O)}\x801\xf67R\xca\
\x9bqt+\xa5^SJ\x0d(\xa5\x162\xc6\xf6\xc1\
\x15&!d\x93\xbd'\x10\xc0l\xa5hp\x1a0v\
\x11$\xd4\xb6B\xa10\xd8\xdd\xdd}\x0e\xe7\xfc\xf60\
\x0c\x17\x85a\xb8W\x10\x04(5\x07(\xa5\x15\xd0\xf0\
sJ\xe9\xf7\xd1*I\x089\xadX,>\xc5\x18{\
\xaeP(\x1cU,\x16G\x08!\x1b\x91?\x0a\x85\x02\
\x97R\xfe\x80R\xba\x91s~www\xf7\xe9a!\
\xbc\x0d%w\x18\x86\x07\xce\x9b7o{n\xcd\xdf\xe4\
\xf0\xdb\x9a\xd3o\x9f^\x0b\x00bhh\xe8\xe0\xbcZ\
\xa8\xb3\x22\xb8%\xe7\x8a\xc0\x86j]g\xeaii\xfa\
\xd6;4g\xab\x14\xee\xb4R\xc1\xcd\x1f\x18\x16\x96Q\
.\xbd\x06C\xd1\x5c\xcd\x1c\x8f&\xfb\xa9\x8d\x06\xce\xda\
F\xb6\xcb\xffP\xc7\xc2#\x06\xb5\xb8e\xed}\x92$\
y\x7f\x92$\xb7\x99dY\xe9\xea\x00#\x90\xf0h-\
\xe8n\xbdC};\x94T\x9c\x16Q\x8a\xb7\xec\xf8\xba\
\x87\xb4\x01\x167\xe6$\xc2N\xc4\xc0\xb0(\xdb9v\
_\x9c\x0d\x86l\xb4\xfe\xad\xf3\xedo\xcf\xc1|\x96\xf1\
\xfa\x9dW\xc5\xb6\xb5\xbd\x0b\x91w-^\x1f\x95T\xff\
\xbf\xbchP_z\xc4\x81\x88\xbb\x95\x8cb\xb9\xcb\xf9\
\xbaz2\x99\xb9\xed\xf69\x04\xc0\xb9f[\x87\xf9\xf9\
F_\xdb\x82K\xacf\xe9YmxV\x83\x5c\x00+\
s2`=\xe3\xed\xd1\xac\xa0\xba\xcd\x11\xde\x06\x1a\x12\
4\xcf\xbd\xb3\xce\xe5~\x1eG\x04\xdf\x9c\xb3\xf3\x1b\xc2\
\xbc\xc9\xfbs\xb8\xa4\x1a\x1e\x1eF\x8f\x1a\xa6\x84[\xb8\
n\xdd\xba\xdeF\x22\xd9|\xde\x92s\x0a\xb2\xd7\x0d\x9a\
 \xcdi\xf1\xc2h\xbd\xc3\xe0\xb3g-\x86\xf6&[\
\xb6lA\xf1;\xb4\x9b9zG\xe9_\xc7\x0cX\x1f\
z\xd9\xaaR\xca\xd7\x01\xe0\xc7\xc8\x1c\xb5Z\xed@\xfb\
\x0c\xe6h\xe3\xef\x1aE\xfb\xb62@}\xd1\xad\xc7#\
\xdf\xe8\xbf-g\xa7\xb7\xc3\x04M\xed\xfc8\xddH)\
\xaf\xb2\xcfa\x99\x11\x95*\x00\xd8\x92\xd3\x04\xad\x8c\xfe\
\xb0\xdft\x91\x02{\x1cN\x86\xee\x03\xcc{y\xc7b\
\xf47$\x90\xf3\x19}\xbd\x1b\x02\xe7}Wq\xc4\xef\
hm\xeb\xd0\x0c\x9d\x99\x82\xd6\xa3\xf5\xcb\x1cF;q\
\x1c1\x9aA\x9cs>\xea\xe2E\xa6\xc4e\x92\x942\
\xb7#\xca\xa4\x9a\xdf%\xf9\xa4G\xe3\xd1\x7f \x1ap\
\xf6\xe0\xe8o\x05\xfb\xa2\x87\x11\xdcTa=n\xf8\x8c\
\x9c\xf3\xab;\x94\x02_3m\x0c<\xe1\x1b\xc0Yv\
\xdd9A\xa3\x7f\x17\xc2\x99-\xda\xa3\xf1\xf5\x9b6m\
\x9ae\xde\x0b\x98K\x17@\x85\xd3$x\xa0^\x0ad\
\x13\xdf\xcd\xcbo_\xe60\x11\xa3\xdf\x12\xcd\xbax\x87\
\xd0\x00b\x9e1\xf5\xa8a4N\x87R\xe0\x1b^\x0a\
\xb4\x18\xfdZ\xeb\xbb\xddN\xcbI49\xc6{\x03\xd3\
\xba0\xb7\x8e+\x05p:\x00\x80_u\x12\x94\x12g\
\xa4\xa0\x9di\xd8\xa5\xe1\xa63\xb0\x930V\xed\xcf\x8d\
\xd3&\xcf\x5c\x89\xd7SSf\xcc\xe7\xd80\x0cO\xa8\
sN\xa1\xc3\xe3\xa6\x1c\x19A\xd2}\x0c\x18\xe0Y*\
\x95V\x18\xc7\xd4\xe4\x0d\xbf\xda\xc3\xc8\xcco\x87^1\
\x8cq\x0f\xc3\xf0/L\x14m\xbb\xe6S\xbb'\x00\x89\
\xf2\xa8R\xea\xdb\x84\x90_\x15\x8bE\xcc\xb7\x83\x81\x18\
z\x0c\x9e\x17=u\xaf\xb9\x9e\xbd\xb5k\xd7\x06K\x96\
,\xf9\x19c\xec\xf0v\x5c\xd4\x18\xa5\x8d\xaef\x84\x94\
\xf2\x98b\xb1\xf8K\xe3\x0d\x9c\xda\xa9Yv\x176\x18\
\xd3\xbc\xcc!\x0d\xc3\xca\xbbSWJ\x89~m\x0c^\
\x18\x178!\x5c\xefs\x9f\xa3\x15l\xa6r\x00x\xc0\
\xadgF\xc3\xd1\xfc\xef\xcf9\xf7\xa7s\xaf\x94r5\
\xbe\xac\xd9\xd4\x95\xe5\xe9\x1b\x8bO#o!\xc3`\x8c\
v7\xa6:YK\x85\x89>\xa68\x00\xc8L\x85\x93\
\xce\xfd\x18k\xa2\xcd\x11\x84\x89J\xd5\x16g\x8f\xfb\xb8\
\xbe\x87\xcfF\xe8\xc6q\x8cA\x9c)/\xe6\x94Z\x8f\
\xd8> 3\x15\x8e\xd5\xef?:\xec\xc4\x8f\x9az\x0a\
\x13\xf4\xfc\xa9t\x00\x80\xe7r>?\xa0@\xc0\xe4\x93\
\x18H1#\x99`7\xde\xc1c\xd7\xe7}&5\xdb\
\x84mhp\xa6\xaf\xb3:d\xe0\xef\xba\xf5\xcc(d\
l\x98\xc8\xdby\x1f\x9e\x0c\xaf`u\xde \xb2\xbaC\
)p\xa2\xdb\x1f3\x02\xb6\xb1\xd5j\xf5x\xe3\x97\xcf\
5\xfa\xa5\x94\xbf1\xbbb&|;\x93m\x0b\xee\xe5\
w\x9e1\x0f#?\xe1\xd63\xd3F\x7f\xde\x979X\
\xcb\xdc\xa5\x93a\xf4g\xe82O\xe6l\x0f\xe0\x1f\xce\
\xf9)n=3\x02Z\xebS\x9c\xceB\xfb\x88n\xf6\
q\xd2\xb2\xfc\x9f\x93>\x8dN23\xf6I\xce\x92\xb0\
i\x9b\xea\x1cN6\xf9\xe4\xcc1\x0f\x03\xc0\xaa\x0e\xe7\
\xfeK&\xd3\xe8\xcf\x90j\xff\x99\xb3]`\x8e\xef\x9a\
1R`dd$M_\xde\xee\xfbwmBD\x00\
x\xc1d\xb9\x9a4\xa3?\xc3\xa6q,\xe6!\xa8\x1b\
\xe9\xcd\xda\x06x\x14B\xfc\x08m\x0b3A\x0a`d\
\xcd[q\xd7\x0a6\xbcX\xdc)\xb1u&8\xe7\xb8\
\xd4\xc2],\x9b\x17,X\xd0\xef\xe4\xe2\x99\x94\xc0\xcd\
\x96a\x18\x96Z\xb5\x8fs\x8e[\xad\xb0m)3\xef\
\xb3\xcf>\xbf\x9c\x88\x9c=\x1ec\x88\xc9&\x99&#\
\xecN\x99N:JO\xe6\x91o\xd1\xa9\x18\xa73\xdd\
3\xe8\xe1\xe1\xe1\xe1\xe1\xe1\xe1\xe1\xe1\xe1\xe1\xe1\xe1\xe1\
\xe1\xe1\xe1\xe1\xe1\xe1\xe1\xe1\xe1\xe1\xe1\xe1\xe1\xe1\xe1\xe1\
\xe1\xe1\xe1\xe1\xe1\xe11\xd5\xf0\xff\xe5\x80\x87\x8bC\x97\
\x0a@\x00\x00\x00\x00IEND\xaeB`\x82\
"

qt_resource_name = b"\
\x00\x10\
\x0a\xac\xfe\xe7\
\x00S\
\x00p\x00l\x00a\x00s\x00h\x00S\x00c\x00r\x00e\x00e\x00n\x00.\x00p\x00n\x00g\
\x00\x0c\
\x02D\x90\xe7\
\x00L\
\x00o\x00g\x00o\x00F\x00u\x00l\x00l\x00.\x00p\x00n\x00g\
\x00\x0f\
\x08\xc4Z\xe3\
\x00A\
\x00I\x00P\x00a\x00c\x00s\x00T\x00h\x00e\x00m\x00e\x00.\x00q\x00s\x00s\
\x00\x05\
\x00O\xa6S\
\x00I\
\x00c\x00o\x00n\x00s\
\x00\x13\
\x0d1\x0b\xe9\
\x00D\
\x00e\x00f\x00a\x00u\x00l\x00t\x00S\x00e\x00t\x00t\x00i\x00n\x00g\x00s\x00.\x00i\
\x00n\x00i\
\x00\x08\
\x05\xe2]'\
\x00L\
\x00o\x00g\x00o\x00.\x00p\x00n\x00g\
\x00\x05\
\x00R\x88\xd5\
\x00L\
\x00a\x00r\x00g\x00e\
\x00\x06\
\x05\xd2\x88\xd5\
\x00X\
\x00L\x00a\x00r\x00g\x00e\
\x00\x05\
\x00Z8,\
\x00S\
\x00m\x00a\x00l\x00l\
\x00\x06\
\x05;\xb0\xbd\
\x00M\
\x00e\x00d\x00i\x00u\x00m\
\x00\x0f\
\x0e6\xb5\x87\
\x00D\
\x00e\x00s\x00k\x00t\x00o\x00p\x00I\x00c\x00o\x00n\x00.\x00p\x00n\x00g\
"

qt_resource_struct = b"\
\x00\x00\x00\x00\x00\x02\x00\x00\x00\x06\x00\x00\x00\x01\
\x00\x00\x00\x00\x00\x00\x00\x00\
\x00\x00\x00h\x00\x02\x00\x00\x00\x04\x00\x00\x00\x07\
\x00\x00\x00\x00\x00\x00\x00\x00\
\x00\x00\x00&\x00\x00\x00\x00\x00\x01\x00\x00m\x9f\
\x00\x00\x01\xa0\x5cJSP\
\x00\x00\x00\xa4\x00\x00\x00\x00\x00\x01\x00\x01\x10\xc1\
\x00\x00\x01\xa0\x5cJSP\
\x00\x00\x00D\x00\x01\x00\x00\x00\x01\x00\x00\xfe\xd0\
\x00\x00\x01\xa0\x5cJSP\
\x00\x00\x00\x00\x00\x00\x00\x00\x00\x01\x00\x00\x00\x00\
\x00\x00\x01\xa0\x5cJSP\
\x00\x00\x00x\x00\x00\x00\x00\x00\x01\x00\x01\x100\
\x00\x00\x01\xa0\x5cJSP\
\x00\x00\x00\xba\x00\x02\x00\x00\x00\x01\x00\x00\x00\x0e\
\x00\x00\x00\x00\x00\x00\x00\x00\
\x00\x00\x00\xdc\x00\x02\x00\x00\x00\x01\x00\x00\x00\x0d\
\x00\x00\x00\x00\x00\x00\x00\x00\
\x00\x00\x00\xec\x00\x02\x00\x00\x00\x01\x00\x00\x00\x0c\
\x00\x00\x00\x00\x00\x00\x00\x00\
\x00\x00\x00\xca\x00\x02\x00\x00\x00\x01\x00\x00\x00\x0b\
\x00\x00\x00\x00\x00\x00\x00\x00\
\x00\x00\x00\xfe\x00\x00\x00\x00\x00\x01\x00\x01\xaf\x22\
\x00\x00\x01\xa0\x5cJSP\
\x00\x00\x00\xfe\x00\x00\x00\x00\x00\x01\x00\x01\xa1\xf2\
\x00\x00\x01\xa0\x5cJSP\
\x00\x00\x00\xfe\x00\x00\x00\x00\x00\x01\x00\x01\xab8\
\x00\x00\x01\xa0\x5cJSP\
\x00\x00\x00\xfe\x00\x00\x00\x00\x00\x01\x00\x01\xe6\x0e\
\x00\x00\x01\xa0\x5cJSP\
"

def qInitResources():
    QtCore.qRegisterResourceData(0x03, qt_resource_struct, qt_resource_name, qt_resource_data)

def qCleanupResources():
    QtCore.qUnregisterResourceData(0x03, qt_resource_struct, qt_resource_name, qt_resource_data)

qInitResources()
